{
	"easycom": {
		"^u-(.*)": "@/uni_modules/uview-ui/components/u-$1/u-$1.vue"
	},
	"pages": [{
			"path": "pages/login/login",
			"style": {
				"navigationBarTitleText": "",
				"app-plus": {
					"titleNView": false
				},
				"navigationBarBackgroundColor": "#33B1F6",
				"backgroundColor": "#33B1F6"
			}
		}, {
			"path": "pages/index/index",
			"style": {
				"navigationBarTitleText": "首页",
				"app-plus": {
					"titleNView": false
				}
			}
		},
		{
			"path": "pages/register/register",
			"style": {
				"navigationBarTitleText": "",
				"app-plus": {
					"titleNView": true
				}
			}
		},
		{
			"path": "pages/myInfo/myInfo",
			"style": {
				"navigationBarTitleText": "我的信息",
				"app-plus": {
					"titleNView": true
				}
			}
		},
		{
			"path": "pages/checkin/checkin",
			"style": {
				"navigationBarTitleText": "选择医生",
				"app-plus": {
					"titleNView": true
				}
			}
		}

		, {
			"path": "pages/infosCardMessage/bingliCardInfo",
			"style": {
				"navigationBarTitleText": "我的历史病历",
				"enablePullDownRefresh": false
			}

		}, {
			"path": "pages/infosCardMessage/flow",
			"style": {
				"navigationBarTitleText": "我的流程",
				"enablePullDownRefresh": false
			}

		}, {
			"path": "pages/infosCardMessage/morecardinfo/morecardinfo",
			"style": {
				"navigationBarTitleText": "",
				"enablePullDownRefresh": false
			}

		}, {
			"path": "pages/infosCardMessage/tijianCardInfo",
			"style": {
				"navigationBarTitleText": "",
				"enablePullDownRefresh": false
			}

		}, {
			"path": "pages/infosCardMessage/morecardinfo/moretijian",
			"style": {
				"navigationBarTitleText": "",
				"enablePullDownRefresh": false
			}

		}, {
			"path": "pages/infosCardMessage/shouquan",
			"style": {
				"navigationBarTitleText": "我的医生列表",
				"enablePullDownRefresh": false
			}

		}, {
			"path": "pages/infosCardMessage/morecardinfo/shouquanid",
			"style": {
				"navigationBarTitleText": "请选择记录进行授权",
				"enablePullDownRefresh": false
			}

		}
	],
	"globalStyle": {
		"navigationBarTextStyle": "black",
		"navigationBarTitleText": "uni-app",
		"navigationBarBackgroundColor": "#fff",
		"backgroundColor": "#fff"
	},
	"uniIdRouter": {},
	"tabBar": {
		"selectedColor": "#2796F2",
		"color": "#ccc",
		"list": [{
				"text": "首页",
				"pagePath": "pages/index/index",
				"iconPath": "static/首页 (4).png",
				"selectedIconPath": "static/首页 (5).png"
			},
			{
				"text": "挂号",
				"pagePath": "pages/checkin/checkin",
				"iconPath": "static/在线挂号@3x.png",
				"selectedIconPath": "static/预约实时挂号.png"
			},
			{
				"text": "我的",
				"pagePath": "pages/myInfo/myInfo",
				"iconPath": "static/首页 (2).png",
				"selectedIconPath": "static/首页 (3).png"
			}
		]
	}

}
