<?xml version="1.0" encoding="UTF-8"?>
<!DOCTYPE mapper PUBLIC "-//mybatis.org//DTD Mapper 3.0//EN" "http://mybatis.org/dtd/mybatis-3-mapper.dtd">
<mapper namespace="com.ekangji.policy.infrastructure.dao.userCenter.WechatUserMapper">
  <resultMap id="BaseResultMap" type="com.ekangji.policy.infrastructure.dao.dataobject.WechatUserDO">
    <id column="id" jdbcType="BIGINT" property="id" />
    <result column="user_id" jdbcType="VARCHAR" property="userId" />
    <result column="open_id" jdbcType="VARCHAR" property="openId" />
    <result column="user_token" jdbcType="VARCHAR" property="userToken" />
    <result column="wechat_name" jdbcType="VARCHAR" property="wechatName" />
    <result column="user_name" jdbcType="VARCHAR" property="userName" />
    <result column="age" jdbcType="INTEGER" property="age" />
    <result column="sex" jdbcType="INTEGER" property="sex" />
    <result column="phone_number" jdbcType="VARCHAR" property="phoneNumber" />
    <result column="user_photo" jdbcType="VARCHAR" property="userPhoto" />
    <result column="status" jdbcType="INTEGER" property="status" />
    <result column="register_time" jdbcType="TIMESTAMP" property="registerTime" />
    <result column="create_time" jdbcType="TIMESTAMP" property="createTime" />
    <result column="create_by" jdbcType="VARCHAR" property="createBy" />
    <result column="update_time" jdbcType="TIMESTAMP" property="updateTime" />
    <result column="update_by" jdbcType="VARCHAR" property="updateBy" />
    <result column="city" jdbcType="VARCHAR" property="city"/>
  </resultMap>
  <sql id="Example_Where_Clause">
    <where>
      <foreach collection="oredCriteria" item="criteria" separator="or">
        <if test="criteria.valid">
          <trim prefix="(" prefixOverrides="and" suffix=")">
            <foreach collection="criteria.criteria" item="criterion">
              <choose>
                <when test="criterion.noValue">
                  and ${criterion.condition}
                </when>
                <when test="criterion.singleValue">
                  and ${criterion.condition} #{criterion.value}
                </when>
                <when test="criterion.betweenValue">
                  and ${criterion.condition} #{criterion.value} and #{criterion.secondValue}
                </when>
                <when test="criterion.listValue">
                  and ${criterion.condition}
                  <foreach close=")" collection="criterion.value" item="listItem" open="(" separator=",">
                    #{listItem}
                  </foreach>
                </when>
              </choose>
            </foreach>
          </trim>
        </if>
      </foreach>
    </where>
  </sql>
  <sql id="Update_By_Example_Where_Clause">
    <where>
      <foreach collection="example.oredCriteria" item="criteria" separator="or">
        <if test="criteria.valid">
          <trim prefix="(" prefixOverrides="and" suffix=")">
            <foreach collection="criteria.criteria" item="criterion">
              <choose>
                <when test="criterion.noValue">
                  and ${criterion.condition}
                </when>
                <when test="criterion.singleValue">
                  and ${criterion.condition} #{criterion.value}
                </when>
                <when test="criterion.betweenValue">
                  and ${criterion.condition} #{criterion.value} and #{criterion.secondValue}
                </when>
                <when test="criterion.listValue">
                  and ${criterion.condition}
                  <foreach close=")" collection="criterion.value" item="listItem" open="(" separator=",">
                    #{listItem}
                  </foreach>
                </when>
              </choose>
            </foreach>
          </trim>
        </if>
      </foreach>
    </where>
  </sql>
  <sql id="Base_Column_List">
    id, user_id , open_id , user_token , wechat_name , user_name , age, sex, phone_number ,
    user_photo , `status`, register_time , create_time , create_by , update_time , update_by ,city
  </sql>

  <sql id="Base_column">
    id, user_id userId, open_id openId, user_token userToken, wechat_name wechatName, user_name userName, age, sex, phone_number phoneNumber,
    user_photo userPhoto, `status`, register_time registerTime, create_time createTime, create_by createBy, update_time updateTime, update_by updateBy,city
  </sql>
  <select id="selectByExample" parameterType="com.ekangji.policy.infrastructure.dao.dataobject.WechatUserDOExample" resultMap="BaseResultMap">
    select
    <if test="distinct">
      distinct
    </if>
    <include refid="Base_Column_List" />
    from b_user
    <if test="_parameter != null">
      <include refid="Example_Where_Clause" />
    </if>
    <if test="orderByClause != null">
      order by ${orderByClause}
    </if>
  </select>
  <select id="selectByPrimaryKey" parameterType="java.lang.Long" resultMap="BaseResultMap">
    select 
    <include refid="Base_Column_List" />
    from b_user
    where id = #{id,jdbcType=BIGINT}
  </select>
  <delete id="deleteByPrimaryKey" parameterType="java.lang.Long">
    delete from b_user
    where id = #{id,jdbcType=BIGINT}
  </delete>
  <delete id="deleteByExample" parameterType="com.ekangji.policy.infrastructure.dao.dataobject.WechatUserDOExample">
    delete from b_user
    <if test="_parameter != null">
      <include refid="Example_Where_Clause" />
    </if>
  </delete>
  <insert id="insert" parameterType="com.ekangji.policy.infrastructure.dao.dataobject.WechatUserDO">
    <selectKey keyProperty="id" order="AFTER" resultType="java.lang.Long">
      SELECT LAST_INSERT_ID()
    </selectKey>
    insert into b_user (user_id, open_id, user_token, 
      wechat_name, user_name, age, 
      sex, phone_number, user_photo, 
      `status`, register_time, create_time, 
      create_by, update_time, update_by,ctiy
      )
    values (#{userId,jdbcType=VARCHAR}, #{openId,jdbcType=VARCHAR}, #{userToken,jdbcType=VARCHAR}, 
      #{wechatName,jdbcType=VARCHAR}, #{userName,jdbcType=VARCHAR}, #{age,jdbcType=INTEGER}, 
      #{sex,jdbcType=BIT}, #{phoneNumber,jdbcType=VARCHAR}, #{userPhoto,jdbcType=VARCHAR}, 
      #{status,jdbcType=BIT}, #{registerTime,jdbcType=TIMESTAMP}, #{createTime,jdbcType=TIMESTAMP}, 
      #{createBy,jdbcType=VARCHAR}, #{updateTime,jdbcType=TIMESTAMP}, #{updateBy,jdbcType=VARCHAR},
    #{city,jdbcType=VARCHAR}
      )
  </insert>
  <insert id="insertSelective" parameterType="com.ekangji.policy.infrastructure.dao.dataobject.WechatUserDO">
    <selectKey keyProperty="id" order="AFTER" resultType="java.lang.Long">
      SELECT LAST_INSERT_ID()
    </selectKey>
    insert into b_user
    <trim prefix="(" suffix=")" suffixOverrides=",">
      <if test="userId != null">
        user_id,
      </if>
      <if test="openId != null">
        open_id,
      </if>
      <if test="userToken != null">
        user_token,
      </if>
      <if test="wechatName != null">
        wechat_name,
      </if>
      <if test="userName != null">
        user_name,
      </if>
      <if test="age != null">
        age,
      </if>
      <if test="sex != null">
        sex,
      </if>
      <if test="phoneNumber != null">
        phone_number,
      </if>
      <if test="userPhoto != null">
        user_photo,
      </if>
      <if test="status != null">
        `status`,
      </if>
      <if test="registerTime != null">
        register_time,
      </if>
      <if test="createTime != null">
        create_time,
      </if>
      <if test="createBy != null">
        create_by,
      </if>
      <if test="updateTime != null">
        update_time,
      </if>
      <if test="updateBy != null">
        update_by,
      </if>
      <if test="city != null">
        city,
      </if>
    </trim>
    <trim prefix="values (" suffix=")" suffixOverrides=",">
      <if test="userId != null">
        #{userId,jdbcType=VARCHAR},
      </if>
      <if test="openId != null">
        #{openId,jdbcType=VARCHAR},
      </if>
      <if test="userToken != null">
        #{userToken,jdbcType=VARCHAR},
      </if>
      <if test="wechatName != null">
        #{wechatName,jdbcType=VARCHAR},
      </if>
      <if test="userName != null">
        #{userName,jdbcType=VARCHAR},
      </if>
      <if test="age != null">
        #{age,jdbcType=INTEGER},
      </if>
      <if test="sex != null">
        #{sex,jdbcType=BIT},
      </if>
      <if test="phoneNumber != null">
        #{phoneNumber,jdbcType=VARCHAR},
      </if>
      <if test="userPhoto != null">
        #{userPhoto,jdbcType=VARCHAR},
      </if>
      <if test="status != null">
        #{status,jdbcType=BIT},
      </if>
      <if test="registerTime != null">
        #{registerTime,jdbcType=TIMESTAMP},
      </if>
      <if test="createTime != null">
        #{createTime,jdbcType=TIMESTAMP},
      </if>
      <if test="createBy != null">
        #{createBy,jdbcType=VARCHAR},
      </if>
      <if test="updateTime != null">
        #{updateTime,jdbcType=TIMESTAMP},
      </if>
      <if test="updateBy != null">
        #{updateBy,jdbcType=VARCHAR},
      </if>
      <if test="city != null">
        #{city,jdbcType=VARCHAR},
      </if>
    </trim>
  </insert>
  <select id="countByExample" parameterType="com.ekangji.policy.infrastructure.dao.dataobject.WechatUserDOExample" resultType="java.lang.Long">
    select count(*) from b_user
    <if test="_parameter != null">
      <include refid="Example_Where_Clause" />
    </if>
  </select>
  <update id="updateByExampleSelective" parameterType="map">
    update b_user
    <set>
      <if test="record.id != null">
        id = #{record.id,jdbcType=BIGINT},
      </if>
      <if test="record.userId != null">
        user_id = #{record.userId,jdbcType=VARCHAR},
      </if>
      <if test="record.openId != null">
        open_id = #{record.openId,jdbcType=VARCHAR},
      </if>
      <if test="record.userToken != null">
        user_token = #{record.userToken,jdbcType=VARCHAR},
      </if>
      <if test="record.wechatName != null">
        wechat_name = #{record.wechatName,jdbcType=VARCHAR},
      </if>
      <if test="record.userName != null">
        user_name = #{record.userName,jdbcType=VARCHAR},
      </if>
      <if test="record.age != null">
        age = #{record.age,jdbcType=INTEGER},
      </if>
      <if test="record.sex != null">
        sex = #{record.sex,jdbcType=INTEGER},
      </if>
      <if test="record.phoneNumber != null">
        phone_number = #{record.phoneNumber,jdbcType=VARCHAR},
      </if>
      <if test="record.userPhoto != null">
        user_photo = #{record.userPhoto,jdbcType=VARCHAR},
      </if>
      <if test="record.status != null">
        `status` = #{record.status,jdbcType=INTEGER},
      </if>
      <if test="record.registerTime != null">
        register_time = #{record.registerTime,jdbcType=TIMESTAMP},
      </if>
      <if test="record.createTime != null">
        create_time = #{record.createTime,jdbcType=TIMESTAMP},
      </if>
      <if test="record.createBy != null">
        create_by = #{record.createBy,jdbcType=VARCHAR},
      </if>
      <if test="record.updateTime != null">
        update_time = #{record.updateTime,jdbcType=TIMESTAMP},
      </if>
      <if test="record.updateBy != null">
        update_by = #{record.updateBy,jdbcType=VARCHAR},
      </if>
      <if test="record.city != null">
        city = #{record.city,jdbcType=VARCHAR},
      </if>

    </set>
    <if test="_parameter != null">
      <include refid="Update_By_Example_Where_Clause" />
    </if>
  </update>
  <update id="updateByExample" parameterType="map">
    update b_user
    set id = #{record.id,jdbcType=BIGINT},
      user_id = #{record.userId,jdbcType=VARCHAR},
      open_id = #{record.openId,jdbcType=VARCHAR},
      user_token = #{record.userToken,jdbcType=VARCHAR},
      wechat_name = #{record.wechatName,jdbcType=VARCHAR},
      user_name = #{record.userName,jdbcType=VARCHAR},
      age = #{record.age,jdbcType=INTEGER},
      sex = #{record.sex,jdbcType=BIT},
      phone_number = #{record.phoneNumber,jdbcType=VARCHAR},
      user_photo = #{record.userPhoto,jdbcType=VARCHAR},
      `status` = #{record.status,jdbcType=BIT},
      register_time = #{record.registerTime,jdbcType=TIMESTAMP},
      create_time = #{record.createTime,jdbcType=TIMESTAMP},
      create_by = #{record.createBy,jdbcType=VARCHAR},
      update_time = #{record.updateTime,jdbcType=TIMESTAMP},
      update_by = #{record.updateBy,jdbcType=VARCHAR},
    city = #{record.city,jdbcType=VARCHAR}
    <if test="_parameter != null">
      <include refid="Update_By_Example_Where_Clause" />
    </if>
  </update>
  <update id="updateByPrimaryKeySelective" parameterType="com.ekangji.policy.infrastructure.dao.dataobject.WechatUserDO">
    update b_user
    <set>
      <if test="userId != null">
        user_id = #{userId,jdbcType=VARCHAR},
      </if>
      <if test="openId != null">
        open_id = #{openId,jdbcType=VARCHAR},
      </if>
      <if test="userToken != null">
        user_token = #{userToken,jdbcType=VARCHAR},
      </if>
      <if test="wechatName != null">
        wechat_name = #{wechatName,jdbcType=VARCHAR},
      </if>
      <if test="userName != null">
        user_name = #{userName,jdbcType=VARCHAR},
      </if>
      <if test="age != null">
        age = #{age,jdbcType=INTEGER},
      </if>
      <if test="sex != null">
        sex = #{sex,jdbcType=INTEGER},
      </if>
      <if test="phoneNumber != null">
        phone_number = #{phoneNumber,jdbcType=VARCHAR},
      </if>
      <if test="userPhoto != null">
        user_photo = #{userPhoto,jdbcType=VARCHAR},
      </if>
      <if test="status != null">
        `status` = #{status,jdbcType=INTEGER},
      </if>
      <if test="registerTime != null">
        register_time = #{registerTime,jdbcType=TIMESTAMP},
      </if>
      <if test="createTime != null">
        create_time = #{createTime,jdbcType=TIMESTAMP},
      </if>
      <if test="createBy != null">
        create_by = #{createBy,jdbcType=VARCHAR},
      </if>
      <if test="updateTime != null">
        update_time = #{updateTime,jdbcType=TIMESTAMP},
      </if>
      <if test="updateBy != null">
        update_by = #{updateBy,jdbcType=VARCHAR},
      </if>
      <if test="record.city != null">
        city = #{record.city,jdbcType=VARCHAR},
      </if>
    </set>
    where id = #{id,jdbcType=BIGINT}
  </update>
  <update id="updateByPrimaryKey" parameterType="com.ekangji.policy.infrastructure.dao.dataobject.WechatUserDO">
    update b_user
    set user_id = #{userId,jdbcType=VARCHAR},
      open_id = #{openId,jdbcType=VARCHAR},
      user_token = #{userToken,jdbcType=VARCHAR},
      wechat_name = #{wechatName,jdbcType=VARCHAR},
      user_name = #{userName,jdbcType=VARCHAR},
      age = #{age,jdbcType=INTEGER},
      sex = #{sex,jdbcType=BIT},
      phone_number = #{phoneNumber,jdbcType=VARCHAR},
      user_photo = #{userPhoto,jdbcType=VARCHAR},
      `status` = #{status,jdbcType=BIT},
      register_time = #{registerTime,jdbcType=TIMESTAMP},
      create_time = #{createTime,jdbcType=TIMESTAMP},
      create_by = #{createBy,jdbcType=VARCHAR},
      update_time = #{updateTime,jdbcType=TIMESTAMP},
      update_by = #{updateBy,jdbcType=VARCHAR},
      city = #{record.city,jdbcType=VARCHAR}
    where id = #{id,jdbcType=BIGINT}
  </update>
  <select id="selectByExampleWithRowbounds" parameterType="com.ekangji.policy.infrastructure.dao.dataobject.WechatUserDOExample" resultMap="BaseResultMap">
    select
    <if test="distinct">
      distinct
    </if>
    'true' as QUERYID,
    <include refid="Base_Column_List" />
    from b_user
    <if test="_parameter != null">
      <include refid="Example_Where_Clause" />
    </if>
    <if test="orderByClause != null">
      order by ${orderByClause}
    </if>
  </select>
  <insert id="batchInsert" keyColumn="id" keyProperty="id" parameterType="map" useGeneratedKeys="true">
    insert into b_user (user_id, open_id, user_token, wechat_name, user_name, age, sex, phone_number, user_photo, `status`, register_time, create_time, create_by, update_time, update_by,city)
    values
    <foreach collection="list" item="item" separator=",">
       (#{item.userId,jdbcType=VARCHAR}, #{item.openId,jdbcType=VARCHAR}, #{item.userToken,jdbcType=VARCHAR}, #{item.wechatName,jdbcType=VARCHAR}, #{item.userName,jdbcType=VARCHAR}, #{item.age,jdbcType=INTEGER}, #{item.sex,jdbcType=BIT}, #{item.phoneNumber,jdbcType=VARCHAR}, #{item.userPhoto,jdbcType=VARCHAR}, #{item.status,jdbcType=BIT}, #{item.registerTime,jdbcType=TIMESTAMP}, #{item.createTime,jdbcType=TIMESTAMP}, #{item.createBy,jdbcType=VARCHAR}, #{item.updateTime,jdbcType=TIMESTAMP}, #{item.updateBy,jdbcType=VARCHAR},#{item.city,jdbcType=VARCHAR})
    </foreach>
  </insert>
  <delete id="batchDelete" parameterType="java.lang.Long">
    delete from b_user where id in (
    <foreach collection="ids" index="index" item="item" separator=",">
      #{item}
    </foreach>
    )
  </delete>
  <update id="batchUpdate" parameterType="java.util.List">
    update b_user 
    <trim prefix="set" suffixOverrides=",">
      <trim prefix="user_id =case id" suffix="end,">
        <foreach collection="recordList" index="index" item="item">
          <if test="item.userId !=null ">
            when #{item.id,jdbcType=BIGINT} then #{item.userId,jdbcType=VARCHAR}
          </if>
          <if test="item.userId ==null ">
            when #{item.id,jdbcType=BIGINT} then b_user.user_id
          </if>
        </foreach>
      </trim>
      <trim prefix="open_id =case id" suffix="end,">
        <foreach collection="recordList" index="index" item="item">
          <if test="item.openId !=null ">
            when #{item.id,jdbcType=BIGINT} then #{item.openId,jdbcType=VARCHAR}
          </if>
          <if test="item.openId ==null ">
            when #{item.id,jdbcType=BIGINT} then b_user.open_id
          </if>
        </foreach>
      </trim>
      <trim prefix="user_token =case id" suffix="end,">
        <foreach collection="recordList" index="index" item="item">
          <if test="item.userToken !=null ">
            when #{item.id,jdbcType=BIGINT} then #{item.userToken,jdbcType=VARCHAR}
          </if>
          <if test="item.userToken ==null ">
            when #{item.id,jdbcType=BIGINT} then b_user.user_token
          </if>
        </foreach>
      </trim>
      <trim prefix="wechat_name =case id" suffix="end,">
        <foreach collection="recordList" index="index" item="item">
          <if test="item.wechatName !=null ">
            when #{item.id,jdbcType=BIGINT} then #{item.wechatName,jdbcType=VARCHAR}
          </if>
          <if test="item.wechatName ==null ">
            when #{item.id,jdbcType=BIGINT} then b_user.wechat_name
          </if>
        </foreach>
      </trim>
      <trim prefix="user_name =case id" suffix="end,">
        <foreach collection="recordList" index="index" item="item">
          <if test="item.userName !=null ">
            when #{item.id,jdbcType=BIGINT} then #{item.userName,jdbcType=VARCHAR}
          </if>
          <if test="item.userName ==null ">
            when #{item.id,jdbcType=BIGINT} then b_user.user_name
          </if>
        </foreach>
      </trim>
      <trim prefix="age =case id" suffix="end,">
        <foreach collection="recordList" index="index" item="item">
          <if test="item.age !=null ">
            when #{item.id,jdbcType=BIGINT} then #{item.age,jdbcType=INTEGER}
          </if>
          <if test="item.age ==null ">
            when #{item.id,jdbcType=BIGINT} then b_user.age
          </if>
        </foreach>
      </trim>
      <trim prefix="sex =case id" suffix="end,">
        <foreach collection="recordList" index="index" item="item">
          <if test="item.sex !=null ">
            when #{item.id,jdbcType=BIGINT} then #{item.sex,jdbcType=BIT}
          </if>
          <if test="item.sex ==null ">
            when #{item.id,jdbcType=BIGINT} then b_user.sex
          </if>
        </foreach>
      </trim>
      <trim prefix="phone_number =case id" suffix="end,">
        <foreach collection="recordList" index="index" item="item">
          <if test="item.phoneNumber !=null ">
            when #{item.id,jdbcType=BIGINT} then #{item.phoneNumber,jdbcType=VARCHAR}
          </if>
          <if test="item.phoneNumber ==null ">
            when #{item.id,jdbcType=BIGINT} then b_user.phone_number
          </if>
        </foreach>
      </trim>
      <trim prefix="user_photo =case id" suffix="end,">
        <foreach collection="recordList" index="index" item="item">
          <if test="item.userPhoto !=null ">
            when #{item.id,jdbcType=BIGINT} then #{item.userPhoto,jdbcType=VARCHAR}
          </if>
          <if test="item.userPhoto ==null ">
            when #{item.id,jdbcType=BIGINT} then b_user.user_photo
          </if>
        </foreach>
      </trim>
      <trim prefix="status =case id" suffix="end,">
        <foreach collection="recordList" index="index" item="item">
          <if test="item.status !=null ">
            when #{item.id,jdbcType=BIGINT} then #{item.status,jdbcType=BIT}
          </if>
          <if test="item.status ==null ">
            when #{item.id,jdbcType=BIGINT} then b_user.status
          </if>
        </foreach>
      </trim>
      <trim prefix="register_time =case id" suffix="end,">
        <foreach collection="recordList" index="index" item="item">
          <if test="item.registerTime !=null ">
            when #{item.id,jdbcType=BIGINT} then #{item.registerTime,jdbcType=TIMESTAMP}
          </if>
          <if test="item.registerTime ==null ">
            when #{item.id,jdbcType=BIGINT} then b_user.register_time
          </if>
        </foreach>
      </trim>
      <trim prefix="create_time =case id" suffix="end,">
        <foreach collection="recordList" index="index" item="item">
          <if test="item.createTime !=null ">
            when #{item.id,jdbcType=BIGINT} then #{item.createTime,jdbcType=TIMESTAMP}
          </if>
          <if test="item.createTime ==null ">
            when #{item.id,jdbcType=BIGINT} then b_user.create_time
          </if>
        </foreach>
      </trim>
      <trim prefix="create_by =case id" suffix="end,">
        <foreach collection="recordList" index="index" item="item">
          <if test="item.createBy !=null ">
            when #{item.id,jdbcType=BIGINT} then #{item.createBy,jdbcType=VARCHAR}
          </if>
          <if test="item.createBy ==null ">
            when #{item.id,jdbcType=BIGINT} then b_user.create_by
          </if>
        </foreach>
      </trim>
      <trim prefix="update_time =case id" suffix="end,">
        <foreach collection="recordList" index="index" item="item">
          <if test="item.updateTime !=null ">
            when #{item.id,jdbcType=BIGINT} then #{item.updateTime,jdbcType=TIMESTAMP}
          </if>
          <if test="item.updateTime ==null ">
            when #{item.id,jdbcType=BIGINT} then b_user.update_time
          </if>
        </foreach>
      </trim>
      <trim prefix="update_by =case id" suffix="end,">
        <foreach collection="recordList" index="index" item="item">
          <if test="item.updateBy !=null ">
            when #{item.id,jdbcType=BIGINT} then #{item.updateBy,jdbcType=VARCHAR}
          </if>
          <if test="item.updateBy ==null ">
            when #{item.id,jdbcType=BIGINT} then b_user.update_by
          </if>
        </foreach>
      </trim>
    </trim>
    where id in(
    <foreach collection="recordList" index="index" item="item" separator=",">
      #{item.id,jdbcType=BIGINT}
    </foreach>
    )
  </update>
  <select id="selectOneByExample" parameterType="com.ekangji.policy.infrastructure.dao.dataobject.WechatUserDOExample" resultMap="BaseResultMap">
    select
    'true' as QUERYID,
    <include refid="Base_Column_List" />
    from b_user
    <if test="_parameter != null">
      <include refid="Example_Where_Clause" />
    </if>
    <if test="orderByClause != null">
      order by ${orderByClause}
    </if>
    limit 1
  </select>

  <select id="selectUserByPhoneNumber" resultType="com.ekangji.policy.infrastructure.dao.dataobject.WechatUserDO">
    select <include refid="Base_column"/> from b_user where phone_number = #{phoneNumber}
  </select>

  <select id="selectUserListByWechatName" resultMap="BaseResultMap">
    select <include refid="Base_Column_List"/> from b_user where wechat_name like CONCAT('%',#{wechatName},'%')
  </select>

  <select id="selectUserByUserId" resultType="com.ekangji.policy.infrastructure.dao.dataobject.WechatUserDO">
    select <include refid="Base_column"/> from b_user where user_id = #{userId}
  </select>

  <select id="selectUserByRegisterTime" resultMap="BaseResultMap">
    select <include refid="Base_Column_List"/> from b_user where register_time &gt;= #{startRegisterTime} and  register_time &lt;= #{endRegisterTime}
  </select>

  <select id="selectUserListByPhoneNumber" resultMap="BaseResultMap">
    select <include refid="Base_Column_List"/> from b_user where phone_number like CONCAT('%',#{phoneNumber},'%')
  </select>

  <select id="selectUserListByUserName" resultMap="BaseResultMap">
    select <include refid="Base_Column_List"/> from b_user where user_name like CONCAT('%',#{userName},'%')
  </select>
</mapper>