<?xml version="1.0" encoding="UTF-8"?>
<configuration >
    <include resource="org/springframework/boot/logging/logback/defaults.xml" />
    <property name="APP_NAME" value="ekangji_policy" />
    <!-- 日志输出格式 -->
    <property name="LOG_PATTERN" value="%d{yyyy-MM-dd HH:mm:ss.SSS} %highlight(%-5level) --- [%15.15(%thread)] %cyan(%-40.40(%logger{40})) : %msg%n"/>

    <springProperty scop="context" name="logLevel" source="logging.level.root" defaultValue="INFO"/>
    <springProperty scop="context" name="myFileName" source="logging.myFileName" defaultValue=""/>
    <springProperty scop="context" name="LOG_PATH" source="logging.config.path" defaultValue="/home/logs/${myFileName}"/>


    <appender name="STDOUT" class="ch.qos.logback.core.ConsoleAppender">
        <encoder>
            <!-- %37():如果字符没有37个字符长度,则左侧用空格补齐 -->
            <!-- %-37():如果字符没有37个字符长度,则右侧用空格补齐 -->
            <!-- %15.15():如果记录的线程字符长度小于15(第一个)则用空格在左侧补齐,如果字符长度大于15(第二个),则从开头开始截断多余的字符 -->
            <!-- %-40.40():如果记录的logger字符长度小于40(第一个)则用空格在右侧补齐,如果字符长度大于40(第二个),则从开头开始截断多余的字符 -->
            <!-- %msg：日志打印详情 -->
            <!-- %n:换行符 -->
            <!-- %highlight():转换说明符以粗体红色显示其级别为ERROR的事件，红色为WARN，BLUE为INFO，以及其他级别的默认颜色。 -->
            <pattern>${LOG_PATTERN}</pattern>
            <!-- 控制台也要使用UTF-8，不要使用GBK，否则会中文乱码 -->
            <charset>UTF-8</charset>
        </encoder>
    </appender>

    <appender name="INFO_LOG" class="ch.qos.logback.core.rolling.RollingFileAppender">
        <!--日志文件路径和名称-->
        <file>${LOG_PATH}/${APP_NAME}_info.log</file>
        <!--是否追加到文件末尾,默认为true-->
        <append>true</append>
        <encoder>
            <pattern>${LOG_PATTERN}</pattern>
        </encoder>
        <!--有两个与RollingFileAppender交互的重要子组件。 第一个RollingFileAppender子组件，即RollingPolicy:负责执行翻转所需的操作。
         RollingFileAppender的第二个子组件，即TriggeringPolicy:将确定是否以及何时发生翻转。 因此，RollingPolicy负责什么和TriggeringPolicy负责什么时候.
        作为任何用途，RollingFileAppender必须同时设置RollingPolicy和TriggeringPolicy,但是，如果其RollingPolicy也实现了TriggeringPolicy接口，则只需要显式指定前者。-->
        <rollingPolicy class="ch.qos.logback.core.rolling.SizeAndTimeBasedRollingPolicy">
            <!-- 日志文件的名字会根据fileNamePattern的值，每隔一段时间改变一次 -->
            <!-- 文件名：logs/project_info.2017-12-05.0.log -->
            <!-- 注意：SizeAndTimeBasedRollingPolicy中 ％i和％d令牌都是强制性的，必须存在，要不会报错 -->
            <fileNamePattern>${LOG_PATH}/${APP_NAME}_info_%d{yyyy-MM-dd}_%i.log</fileNamePattern>
            <maxHistory>30</maxHistory>
            <maxFileSize>50MB</maxFileSize>
            <totalSizeCap>20GB</totalSizeCap>
        </rollingPolicy>
        <filter class="ch.qos.logback.classic.filter.LevelFilter">
            <!-- 过滤的级别 -->
            <level>INFO</level>
            <!-- 如果没有命中就使用这条规则 -->
            <onMatch>ACCEPT</onMatch>
            <!-- 如果命中ERROR就禁止这条日志 -->
            <onMismatch>DENY</onMismatch>
        </filter>
    </appender>

    <appender name="ERROR_LOG" class="ch.qos.logback.core.rolling.RollingFileAppender">
        <file>${LOG_PATH}/${APP_NAME}_error.log</file>
        <!--是否追加到文件末尾,默认为true-->
        <append>true</append>
        <encoder>
            <pattern>${LOG_PATTERN}</pattern>
        </encoder>
        <rollingPolicy class="ch.qos.logback.core.rolling.SizeAndTimeBasedRollingPolicy">
            <fileNamePattern>${LOG_PATH}/${APP_NAME}_error_%d{yyyy-MM-dd}_%i.log</fileNamePattern>
            <maxHistory>30</maxHistory>
            <maxFileSize>50MB</maxFileSize>
            <totalSizeCap>20GB</totalSizeCap>
        </rollingPolicy>
        <filter class="ch.qos.logback.classic.filter.LevelFilter">
            <!-- 过滤的级别 -->
            <level>ERROR</level>
            <!-- 如果没有命中就使用这条规则 -->
            <onMatch>ACCEPT</onMatch>
            <!-- 如果命中ERROR就禁止这条日志 -->
            <onMismatch>DENY</onMismatch>
        </filter>
    </appender>

    <logger name="com.ekangji" level="${logLevel}" />
    <logger name="org.springframework" level="${logLevel}" />
    <root level="${logLevel}">
        <appender-ref ref="STDOUT" />
    </root>
    <root level="${logLevel}">
        <appender-ref ref="INFO_LOG" />
        <appender-ref ref="ERROR_LOG" />
    </root>

</configuration>