<?xml version="1.0" encoding="UTF-8"?>
<!DOCTYPE mapper PUBLIC "-//mybatis.org//DTD Mapper 3.0//EN" "http://mybatis.org/dtd/mybatis-3-mapper.dtd">
<mapper namespace="com.ekangji.policy.infrastructure.dao.policycenter.DigitalPolicyMapper">
  <resultMap id="BaseResultMap" type="com.ekangji.policy.infrastructure.dao.dataobject.DigitalPolicyDO">
    <id column="id" jdbcType="BIGINT" property="id" />
    <result column="digital_id" jdbcType="BIGINT" property="digitalId" />
    <result column="star_id" jdbcType="BIGINT" property="starId" />
    <result column="user_id" jdbcType="VARCHAR" property="userId" />
    <result column="phone_number" jdbcType="VARCHAR" property="phoneNumber" />
    <result column="policy_id" jdbcType="BIGINT" property="policyId" />
    <result column="product_name" jdbcType="VARCHAR" property="productName" />
    <result column="sequence" jdbcType="VARCHAR" property="sequence" />
    <result column="chain_addr" jdbcType="VARCHAR" property="chainAddr" />
    <result column="file_id" jdbcType="VARCHAR" property="fileId" />
    <result column="picture_url" jdbcType="VARCHAR" property="pictureUrl" />
    <result column="media_content" jdbcType="VARCHAR" property="mediaContent" />
    <result column="media_image" jdbcType="VARCHAR" property="mediaImage" />
    <result column="status" jdbcType="TINYINT" property="status" />
    <result column="recommend_time" jdbcType="TIMESTAMP" property="recommendTime" />
    <result column="recommend_flag" jdbcType="TINYINT" property="recommendFlag" />
    <result column="self_flag" jdbcType="TINYINT" property="selfFlag" />
    <result column="create_time" jdbcType="TIMESTAMP" property="createTime" />
    <result column="create_by" jdbcType="VARCHAR" property="createBy" />
    <result column="update_time" jdbcType="TIMESTAMP" property="updateTime" />
    <result column="update_by" jdbcType="VARCHAR" property="updateBy" />
    <result column="del_flag" jdbcType="TINYINT" property="delFlag" />
  </resultMap>
  <resultMap id="BOMap" type="com.ekangji.policy.infrastructure.dao.dataobject.DigitalPolicyInfoBO">
    <result column="digital_id" jdbcType="BIGINT" property="digitalId" />
    <result column="star_id" jdbcType="BIGINT" property="starId" />
    <result column="file_id" jdbcType="VARCHAR" property="fileId" />
    <result column="user_id" jdbcType="VARCHAR" property="userId"/>
    <result column="policy_id" jdbcType="VARCHAR" property="policyId"/>
    <result column="phone_number" jdbcType="VARCHAR" property="phoneNumber"/>
    <result column="product_name" jdbcType="VARCHAR" property="productName"/>
    <result column="recommend_time" jdbcType="TIMESTAMP" property="recommendTime"/>
    <result column="create_time" jdbcType="TIMESTAMP" property="createTime"/>
    <result column="self_flag" jdbcType="TINYINT" property="selfFlag"/>
    <result column="recommend_flag" jdbcType="TINYINT" property="recommendFlag" />
    <result column="status" jdbcType="TINYINT" property="status" />
  </resultMap>
  <sql id="Example_Where_Clause">
    <where>
      <foreach collection="oredCriteria" item="criteria" separator="or">
        <if test="criteria.valid">
          <trim prefix="(" prefixOverrides="and" suffix=")">
            <foreach collection="criteria.criteria" item="criterion">
              <choose>
                <when test="criterion.noValue">
                  and ${criterion.condition}
                </when>
                <when test="criterion.singleValue">
                  and ${criterion.condition} #{criterion.value}
                </when>
                <when test="criterion.betweenValue">
                  and ${criterion.condition} #{criterion.value} and #{criterion.secondValue}
                </when>
                <when test="criterion.listValue">
                  and ${criterion.condition}
                  <foreach close=")" collection="criterion.value" item="listItem" open="(" separator=",">
                    #{listItem}
                  </foreach>
                </when>
              </choose>
            </foreach>
          </trim>
        </if>
      </foreach>
    </where>
  </sql>
  <sql id="Update_By_Example_Where_Clause">
    <where>
      <foreach collection="example.oredCriteria" item="criteria" separator="or">
        <if test="criteria.valid">
          <trim prefix="(" prefixOverrides="and" suffix=")">
            <foreach collection="criteria.criteria" item="criterion">
              <choose>
                <when test="criterion.noValue">
                  and ${criterion.condition}
                </when>
                <when test="criterion.singleValue">
                  and ${criterion.condition} #{criterion.value}
                </when>
                <when test="criterion.betweenValue">
                  and ${criterion.condition} #{criterion.value} and #{criterion.secondValue}
                </when>
                <when test="criterion.listValue">
                  and ${criterion.condition}
                  <foreach close=")" collection="criterion.value" item="listItem" open="(" separator=",">
                    #{listItem}
                  </foreach>
                </when>
              </choose>
            </foreach>
          </trim>
        </if>
      </foreach>
    </where>
  </sql>
  <sql id="Base_Column_List">
    id, digital_id, star_id, user_id, phone_number, policy_id, product_name, `sequence`, 
    chain_addr, file_id, picture_url, media_content, media_image, `status`, recommend_time, 
    recommend_flag, self_flag, create_time, create_by, update_time, update_by, del_flag
  </sql>
  <select id="selectByExample" parameterType="com.ekangji.policy.infrastructure.dao.dataobject.DigitalPolicyDOExample" resultMap="BaseResultMap">
    select
    <if test="distinct">
      distinct
    </if>
    'true' as QUERYID,
    <include refid="Base_Column_List" />
    from b_digital_policy
    <if test="_parameter != null">
      <include refid="Example_Where_Clause" />
    </if>
    <if test="orderByClause != null">
      order by ${orderByClause}
    </if>
  </select>
  <select id="selectByPrimaryKey" parameterType="java.lang.Long" resultMap="BaseResultMap">
    select 
    <include refid="Base_Column_List" />
    from b_digital_policy
    where id = #{id,jdbcType=BIGINT}
  </select>
  <delete id="deleteByPrimaryKey" parameterType="java.lang.Long">
    delete from b_digital_policy
    where id = #{id,jdbcType=BIGINT}
  </delete>
  <delete id="deleteByExample" parameterType="com.ekangji.policy.infrastructure.dao.dataobject.DigitalPolicyDOExample">
    delete from b_digital_policy
    <if test="_parameter != null">
      <include refid="Example_Where_Clause" />
    </if>
  </delete>
  <insert id="insert" parameterType="com.ekangji.policy.infrastructure.dao.dataobject.DigitalPolicyDO">
    <selectKey keyProperty="id" order="AFTER" resultType="java.lang.Long">
      SELECT LAST_INSERT_ID()
    </selectKey>
    insert into b_digital_policy (digital_id, star_id, user_id, 
      phone_number, policy_id, product_name, 
      `sequence`, chain_addr, file_id, 
      picture_url, media_content, media_image, 
      `status`, recommend_time, recommend_flag, 
      self_flag, create_time, create_by, 
      update_time, update_by, del_flag
      )
    values (#{digitalId,jdbcType=BIGINT}, #{starId,jdbcType=BIGINT}, #{userId,jdbcType=VARCHAR}, 
      #{phoneNumber,jdbcType=VARCHAR}, #{policyId,jdbcType=BIGINT}, #{productName,jdbcType=VARCHAR}, 
      #{sequence,jdbcType=VARCHAR}, #{chainAddr,jdbcType=VARCHAR}, #{fileId,jdbcType=VARCHAR}, 
      #{pictureUrl,jdbcType=VARCHAR}, #{mediaContent,jdbcType=VARCHAR}, #{mediaImage,jdbcType=VARCHAR}, 
      #{status,jdbcType=TINYINT}, #{recommendTime,jdbcType=TIMESTAMP}, #{recommendFlag,jdbcType=TINYINT}, 
      #{selfFlag,jdbcType=TINYINT}, #{createTime,jdbcType=TIMESTAMP}, #{createBy,jdbcType=VARCHAR}, 
      #{updateTime,jdbcType=TIMESTAMP}, #{updateBy,jdbcType=VARCHAR}, #{delFlag,jdbcType=TINYINT}
      )
  </insert>
  <insert id="insertSelective" parameterType="com.ekangji.policy.infrastructure.dao.dataobject.DigitalPolicyDO">
    <selectKey keyProperty="id" order="AFTER" resultType="java.lang.Long">
      SELECT LAST_INSERT_ID()
    </selectKey>
    insert into b_digital_policy
    <trim prefix="(" suffix=")" suffixOverrides=",">
      <if test="digitalId != null">
        digital_id,
      </if>
      <if test="starId != null">
        star_id,
      </if>
      <if test="userId != null">
        user_id,
      </if>
      <if test="phoneNumber != null">
        phone_number,
      </if>
      <if test="policyId != null">
        policy_id,
      </if>
      <if test="productName != null">
        product_name,
      </if>
      <if test="sequence != null">
        `sequence`,
      </if>
      <if test="chainAddr != null">
        chain_addr,
      </if>
      <if test="fileId != null">
        file_id,
      </if>
      <if test="pictureUrl != null">
        picture_url,
      </if>
      <if test="mediaContent != null">
        media_content,
      </if>
      <if test="mediaImage != null">
        media_image,
      </if>
      <if test="status != null">
        `status`,
      </if>
      <if test="recommendTime != null">
        recommend_time,
      </if>
      <if test="recommendFlag != null">
        recommend_flag,
      </if>
      <if test="selfFlag != null">
        self_flag,
      </if>
      <if test="createTime != null">
        create_time,
      </if>
      <if test="createBy != null">
        create_by,
      </if>
      <if test="updateTime != null">
        update_time,
      </if>
      <if test="updateBy != null">
        update_by,
      </if>
      <if test="delFlag != null">
        del_flag,
      </if>
    </trim>
    <trim prefix="values (" suffix=")" suffixOverrides=",">
      <if test="digitalId != null">
        #{digitalId,jdbcType=BIGINT},
      </if>
      <if test="starId != null">
        #{starId,jdbcType=BIGINT},
      </if>
      <if test="userId != null">
        #{userId,jdbcType=VARCHAR},
      </if>
      <if test="phoneNumber != null">
        #{phoneNumber,jdbcType=VARCHAR},
      </if>
      <if test="policyId != null">
        #{policyId,jdbcType=BIGINT},
      </if>
      <if test="productName != null">
        #{productName,jdbcType=VARCHAR},
      </if>
      <if test="sequence != null">
        #{sequence,jdbcType=VARCHAR},
      </if>
      <if test="chainAddr != null">
        #{chainAddr,jdbcType=VARCHAR},
      </if>
      <if test="fileId != null">
        #{fileId,jdbcType=VARCHAR},
      </if>
      <if test="pictureUrl != null">
        #{pictureUrl,jdbcType=VARCHAR},
      </if>
      <if test="mediaContent != null">
        #{mediaContent,jdbcType=VARCHAR},
      </if>
      <if test="mediaImage != null">
        #{mediaImage,jdbcType=VARCHAR},
      </if>
      <if test="status != null">
        #{status,jdbcType=TINYINT},
      </if>
      <if test="recommendTime != null">
        #{recommendTime,jdbcType=TIMESTAMP},
      </if>
      <if test="recommendFlag != null">
        #{recommendFlag,jdbcType=TINYINT},
      </if>
      <if test="selfFlag != null">
        #{selfFlag,jdbcType=TINYINT},
      </if>
      <if test="createTime != null">
        #{createTime,jdbcType=TIMESTAMP},
      </if>
      <if test="createBy != null">
        #{createBy,jdbcType=VARCHAR},
      </if>
      <if test="updateTime != null">
        #{updateTime,jdbcType=TIMESTAMP},
      </if>
      <if test="updateBy != null">
        #{updateBy,jdbcType=VARCHAR},
      </if>
      <if test="delFlag != null">
        #{delFlag,jdbcType=TINYINT},
      </if>
    </trim>
  </insert>
  <select id="countByExample" parameterType="com.ekangji.policy.infrastructure.dao.dataobject.DigitalPolicyDOExample" resultType="java.lang.Long">
    select count(*) from b_digital_policy
    <if test="_parameter != null">
      <include refid="Example_Where_Clause" />
    </if>
  </select>
  <update id="updateByExampleSelective" parameterType="map">
    update b_digital_policy
    <set>
      <if test="record.id != null">
        id = #{record.id,jdbcType=BIGINT},
      </if>
      <if test="record.digitalId != null">
        digital_id = #{record.digitalId,jdbcType=BIGINT},
      </if>
      <if test="record.starId != null">
        star_id = #{record.starId,jdbcType=BIGINT},
      </if>
      <if test="record.userId != null">
        user_id = #{record.userId,jdbcType=VARCHAR},
      </if>
      <if test="record.phoneNumber != null">
        phone_number = #{record.phoneNumber,jdbcType=VARCHAR},
      </if>
      <if test="record.policyId != null">
        policy_id = #{record.policyId,jdbcType=BIGINT},
      </if>
      <if test="record.productName != null">
        product_name = #{record.productName,jdbcType=VARCHAR},
      </if>
      <if test="record.sequence != null">
        `sequence` = #{record.sequence,jdbcType=VARCHAR},
      </if>
      <if test="record.chainAddr != null">
        chain_addr = #{record.chainAddr,jdbcType=VARCHAR},
      </if>
      <if test="record.fileId != null">
        file_id = #{record.fileId,jdbcType=VARCHAR},
      </if>
      <if test="record.pictureUrl != null">
        picture_url = #{record.pictureUrl,jdbcType=VARCHAR},
      </if>
      <if test="record.mediaContent != null">
        media_content = #{record.mediaContent,jdbcType=VARCHAR},
      </if>
      <if test="record.mediaImage != null">
        media_image = #{record.mediaImage,jdbcType=VARCHAR},
      </if>
      <if test="record.status != null">
        `status` = #{record.status,jdbcType=TINYINT},
      </if>
      <if test="record.recommendTime != null">
        recommend_time = #{record.recommendTime,jdbcType=TIMESTAMP},
      </if>
      <if test="record.recommendFlag != null">
        recommend_flag = #{record.recommendFlag,jdbcType=TINYINT},
      </if>
      <if test="record.selfFlag != null">
        self_flag = #{record.selfFlag,jdbcType=TINYINT},
      </if>
      <if test="record.createTime != null">
        create_time = #{record.createTime,jdbcType=TIMESTAMP},
      </if>
      <if test="record.createBy != null">
        create_by = #{record.createBy,jdbcType=VARCHAR},
      </if>
      <if test="record.updateTime != null">
        update_time = #{record.updateTime,jdbcType=TIMESTAMP},
      </if>
      <if test="record.updateBy != null">
        update_by = #{record.updateBy,jdbcType=VARCHAR},
      </if>
      <if test="record.delFlag != null">
        del_flag = #{record.delFlag,jdbcType=TINYINT},
      </if>
    </set>
    <if test="_parameter != null">
      <include refid="Update_By_Example_Where_Clause" />
    </if>
  </update>
  <update id="updateByExample" parameterType="map">
    update b_digital_policy
    set id = #{record.id,jdbcType=BIGINT},
      digital_id = #{record.digitalId,jdbcType=BIGINT},
      star_id = #{record.starId,jdbcType=BIGINT},
      user_id = #{record.userId,jdbcType=VARCHAR},
      phone_number = #{record.phoneNumber,jdbcType=VARCHAR},
      policy_id = #{record.policyId,jdbcType=BIGINT},
      product_name = #{record.productName,jdbcType=VARCHAR},
      `sequence` = #{record.sequence,jdbcType=VARCHAR},
      chain_addr = #{record.chainAddr,jdbcType=VARCHAR},
      file_id = #{record.fileId,jdbcType=VARCHAR},
      picture_url = #{record.pictureUrl,jdbcType=VARCHAR},
      media_content = #{record.mediaContent,jdbcType=VARCHAR},
      media_image = #{record.mediaImage,jdbcType=VARCHAR},
      `status` = #{record.status,jdbcType=TINYINT},
      recommend_time = #{record.recommendTime,jdbcType=TIMESTAMP},
      recommend_flag = #{record.recommendFlag,jdbcType=TINYINT},
      self_flag = #{record.selfFlag,jdbcType=TINYINT},
      create_time = #{record.createTime,jdbcType=TIMESTAMP},
      create_by = #{record.createBy,jdbcType=VARCHAR},
      update_time = #{record.updateTime,jdbcType=TIMESTAMP},
      update_by = #{record.updateBy,jdbcType=VARCHAR},
      del_flag = #{record.delFlag,jdbcType=TINYINT}
    <if test="_parameter != null">
      <include refid="Update_By_Example_Where_Clause" />
    </if>
  </update>
  <update id="updateByPrimaryKeySelective" parameterType="com.ekangji.policy.infrastructure.dao.dataobject.DigitalPolicyDO">
    update b_digital_policy
    <set>
      <if test="digitalId != null">
        digital_id = #{digitalId,jdbcType=BIGINT},
      </if>
      <if test="starId != null">
        star_id = #{starId,jdbcType=BIGINT},
      </if>
      <if test="userId != null">
        user_id = #{userId,jdbcType=VARCHAR},
      </if>
      <if test="phoneNumber != null">
        phone_number = #{phoneNumber,jdbcType=VARCHAR},
      </if>
      <if test="policyId != null">
        policy_id = #{policyId,jdbcType=BIGINT},
      </if>
      <if test="productName != null">
        product_name = #{productName,jdbcType=VARCHAR},
      </if>
      <if test="sequence != null">
        `sequence` = #{sequence,jdbcType=VARCHAR},
      </if>
      <if test="chainAddr != null">
        chain_addr = #{chainAddr,jdbcType=VARCHAR},
      </if>
      <if test="fileId != null">
        file_id = #{fileId,jdbcType=VARCHAR},
      </if>
      <if test="pictureUrl != null">
        picture_url = #{pictureUrl,jdbcType=VARCHAR},
      </if>
      <if test="mediaContent != null">
        media_content = #{mediaContent,jdbcType=VARCHAR},
      </if>
      <if test="mediaImage != null">
        media_image = #{mediaImage,jdbcType=VARCHAR},
      </if>
      <if test="status != null">
        `status` = #{status,jdbcType=TINYINT},
      </if>
      <if test="recommendTime != null">
        recommend_time = #{recommendTime,jdbcType=TIMESTAMP},
      </if>
      <if test="recommendFlag != null">
        recommend_flag = #{recommendFlag,jdbcType=TINYINT},
      </if>
      <if test="selfFlag != null">
        self_flag = #{selfFlag,jdbcType=TINYINT},
      </if>
      <if test="createTime != null">
        create_time = #{createTime,jdbcType=TIMESTAMP},
      </if>
      <if test="createBy != null">
        create_by = #{createBy,jdbcType=VARCHAR},
      </if>
      <if test="updateTime != null">
        update_time = #{updateTime,jdbcType=TIMESTAMP},
      </if>
      <if test="updateBy != null">
        update_by = #{updateBy,jdbcType=VARCHAR},
      </if>
      <if test="delFlag != null">
        del_flag = #{delFlag,jdbcType=TINYINT},
      </if>
    </set>
    where id = #{id,jdbcType=BIGINT}
  </update>
  <update id="updateByPrimaryKey" parameterType="com.ekangji.policy.infrastructure.dao.dataobject.DigitalPolicyDO">
    update b_digital_policy
    set digital_id = #{digitalId,jdbcType=BIGINT},
      star_id = #{starId,jdbcType=BIGINT},
      user_id = #{userId,jdbcType=VARCHAR},
      phone_number = #{phoneNumber,jdbcType=VARCHAR},
      policy_id = #{policyId,jdbcType=BIGINT},
      product_name = #{productName,jdbcType=VARCHAR},
      `sequence` = #{sequence,jdbcType=VARCHAR},
      chain_addr = #{chainAddr,jdbcType=VARCHAR},
      file_id = #{fileId,jdbcType=VARCHAR},
      picture_url = #{pictureUrl,jdbcType=VARCHAR},
      media_content = #{mediaContent,jdbcType=VARCHAR},
      media_image = #{mediaImage,jdbcType=VARCHAR},
      `status` = #{status,jdbcType=TINYINT},
      recommend_time = #{recommendTime,jdbcType=TIMESTAMP},
      recommend_flag = #{recommendFlag,jdbcType=TINYINT},
      self_flag = #{selfFlag,jdbcType=TINYINT},
      create_time = #{createTime,jdbcType=TIMESTAMP},
      create_by = #{createBy,jdbcType=VARCHAR},
      update_time = #{updateTime,jdbcType=TIMESTAMP},
      update_by = #{updateBy,jdbcType=VARCHAR},
      del_flag = #{delFlag,jdbcType=TINYINT}
    where id = #{id,jdbcType=BIGINT}
  </update>
  <select id="selectByExampleWithRowbounds" parameterType="com.ekangji.policy.infrastructure.dao.dataobject.DigitalPolicyDOExample" resultMap="BaseResultMap">
    select
    <if test="distinct">
      distinct
    </if>
    'true' as QUERYID,
    <include refid="Base_Column_List" />
    from b_digital_policy
    <if test="_parameter != null">
      <include refid="Example_Where_Clause" />
    </if>
    <if test="orderByClause != null">
      order by ${orderByClause}
    </if>
  </select>
  <insert id="batchInsert" keyColumn="id" keyProperty="id" parameterType="map" useGeneratedKeys="true">
    insert into b_digital_policy (digital_id, star_id, user_id, phone_number, policy_id, product_name, `sequence`, chain_addr, file_id, picture_url, media_content, media_image, `status`, recommend_time, recommend_flag, self_flag, create_time, create_by, update_time, update_by, del_flag)
    values
    <foreach collection="list" item="item" separator=",">
       (#{item.digitalId,jdbcType=BIGINT}, #{item.starId,jdbcType=BIGINT}, #{item.userId,jdbcType=VARCHAR}, #{item.phoneNumber,jdbcType=VARCHAR}, #{item.policyId,jdbcType=BIGINT}, #{item.productName,jdbcType=VARCHAR}, #{item.sequence,jdbcType=VARCHAR}, #{item.chainAddr,jdbcType=VARCHAR}, #{item.fileId,jdbcType=VARCHAR}, #{item.pictureUrl,jdbcType=VARCHAR}, #{item.mediaContent,jdbcType=VARCHAR}, #{item.mediaImage,jdbcType=VARCHAR}, #{item.status,jdbcType=TINYINT}, #{item.recommendTime,jdbcType=TIMESTAMP}, #{item.recommendFlag,jdbcType=TINYINT}, #{item.selfFlag,jdbcType=TINYINT}, #{item.createTime,jdbcType=TIMESTAMP}, #{item.createBy,jdbcType=VARCHAR}, #{item.updateTime,jdbcType=TIMESTAMP}, #{item.updateBy,jdbcType=VARCHAR}, #{item.delFlag,jdbcType=TINYINT})
    </foreach>
  </insert>
  <delete id="batchDelete" parameterType="java.lang.Long">
    delete from b_digital_policy where id in (
    <foreach collection="ids" index="index" item="item" separator=",">
      #{item}
    </foreach>
    )
  </delete>
  <update id="batchUpdate" parameterType="java.util.List">
    update b_digital_policy 
    <trim prefix="set" suffixOverrides=",">
      <trim prefix="digital_id =case id" suffix="end,">
        <foreach collection="recordList" index="index" item="item">
          <if test="item.digitalId !=null ">
            when #{item.id,jdbcType=BIGINT} then #{item.digitalId,jdbcType=BIGINT}
          </if>
          <if test="item.digitalId ==null ">
            when #{item.id,jdbcType=BIGINT} then b_digital_policy.digital_id
          </if>
        </foreach>
      </trim>
      <trim prefix="star_id =case id" suffix="end,">
        <foreach collection="recordList" index="index" item="item">
          <if test="item.starId !=null ">
            when #{item.id,jdbcType=BIGINT} then #{item.starId,jdbcType=BIGINT}
          </if>
          <if test="item.starId ==null ">
            when #{item.id,jdbcType=BIGINT} then b_digital_policy.star_id
          </if>
        </foreach>
      </trim>
      <trim prefix="user_id =case id" suffix="end,">
        <foreach collection="recordList" index="index" item="item">
          <if test="item.userId !=null ">
            when #{item.id,jdbcType=BIGINT} then #{item.userId,jdbcType=VARCHAR}
          </if>
          <if test="item.userId ==null ">
            when #{item.id,jdbcType=BIGINT} then b_digital_policy.user_id
          </if>
        </foreach>
      </trim>
      <trim prefix="phone_number =case id" suffix="end,">
        <foreach collection="recordList" index="index" item="item">
          <if test="item.phoneNumber !=null ">
            when #{item.id,jdbcType=BIGINT} then #{item.phoneNumber,jdbcType=VARCHAR}
          </if>
          <if test="item.phoneNumber ==null ">
            when #{item.id,jdbcType=BIGINT} then b_digital_policy.phone_number
          </if>
        </foreach>
      </trim>
      <trim prefix="policy_id =case id" suffix="end,">
        <foreach collection="recordList" index="index" item="item">
          <if test="item.policyId !=null ">
            when #{item.id,jdbcType=BIGINT} then #{item.policyId,jdbcType=BIGINT}
          </if>
          <if test="item.policyId ==null ">
            when #{item.id,jdbcType=BIGINT} then b_digital_policy.policy_id
          </if>
        </foreach>
      </trim>
      <trim prefix="product_name =case id" suffix="end,">
        <foreach collection="recordList" index="index" item="item">
          <if test="item.productName !=null ">
            when #{item.id,jdbcType=BIGINT} then #{item.productName,jdbcType=VARCHAR}
          </if>
          <if test="item.productName ==null ">
            when #{item.id,jdbcType=BIGINT} then b_digital_policy.product_name
          </if>
        </foreach>
      </trim>
      <trim prefix="sequence =case id" suffix="end,">
        <foreach collection="recordList" index="index" item="item">
          <if test="item.sequence !=null ">
            when #{item.id,jdbcType=BIGINT} then #{item.sequence,jdbcType=VARCHAR}
          </if>
          <if test="item.sequence ==null ">
            when #{item.id,jdbcType=BIGINT} then b_digital_policy.sequence
          </if>
        </foreach>
      </trim>
      <trim prefix="chain_addr =case id" suffix="end,">
        <foreach collection="recordList" index="index" item="item">
          <if test="item.chainAddr !=null ">
            when #{item.id,jdbcType=BIGINT} then #{item.chainAddr,jdbcType=VARCHAR}
          </if>
          <if test="item.chainAddr ==null ">
            when #{item.id,jdbcType=BIGINT} then b_digital_policy.chain_addr
          </if>
        </foreach>
      </trim>
      <trim prefix="file_id =case id" suffix="end,">
        <foreach collection="recordList" index="index" item="item">
          <if test="item.fileId !=null ">
            when #{item.id,jdbcType=BIGINT} then #{item.fileId,jdbcType=VARCHAR}
          </if>
          <if test="item.fileId ==null ">
            when #{item.id,jdbcType=BIGINT} then b_digital_policy.file_id
          </if>
        </foreach>
      </trim>
      <trim prefix="picture_url =case id" suffix="end,">
        <foreach collection="recordList" index="index" item="item">
          <if test="item.pictureUrl !=null ">
            when #{item.id,jdbcType=BIGINT} then #{item.pictureUrl,jdbcType=VARCHAR}
          </if>
          <if test="item.pictureUrl ==null ">
            when #{item.id,jdbcType=BIGINT} then b_digital_policy.picture_url
          </if>
        </foreach>
      </trim>
      <trim prefix="media_content =case id" suffix="end,">
        <foreach collection="recordList" index="index" item="item">
          <if test="item.mediaContent !=null ">
            when #{item.id,jdbcType=BIGINT} then #{item.mediaContent,jdbcType=VARCHAR}
          </if>
          <if test="item.mediaContent ==null ">
            when #{item.id,jdbcType=BIGINT} then b_digital_policy.media_content
          </if>
        </foreach>
      </trim>
      <trim prefix="media_image =case id" suffix="end,">
        <foreach collection="recordList" index="index" item="item">
          <if test="item.mediaImage !=null ">
            when #{item.id,jdbcType=BIGINT} then #{item.mediaImage,jdbcType=VARCHAR}
          </if>
          <if test="item.mediaImage ==null ">
            when #{item.id,jdbcType=BIGINT} then b_digital_policy.media_image
          </if>
        </foreach>
      </trim>
      <trim prefix="status =case id" suffix="end,">
        <foreach collection="recordList" index="index" item="item">
          <if test="item.status !=null ">
            when #{item.id,jdbcType=BIGINT} then #{item.status,jdbcType=TINYINT}
          </if>
          <if test="item.status ==null ">
            when #{item.id,jdbcType=BIGINT} then b_digital_policy.status
          </if>
        </foreach>
      </trim>
      <trim prefix="recommend_time =case id" suffix="end,">
        <foreach collection="recordList" index="index" item="item">
          <if test="item.recommendTime !=null ">
            when #{item.id,jdbcType=BIGINT} then #{item.recommendTime,jdbcType=TIMESTAMP}
          </if>
          <if test="item.recommendTime ==null ">
            when #{item.id,jdbcType=BIGINT} then b_digital_policy.recommend_time
          </if>
        </foreach>
      </trim>
      <trim prefix="recommend_flag =case id" suffix="end,">
        <foreach collection="recordList" index="index" item="item">
          <if test="item.recommendFlag !=null ">
            when #{item.id,jdbcType=BIGINT} then #{item.recommendFlag,jdbcType=TINYINT}
          </if>
          <if test="item.recommendFlag ==null ">
            when #{item.id,jdbcType=BIGINT} then b_digital_policy.recommend_flag
          </if>
        </foreach>
      </trim>
      <trim prefix="self_flag =case id" suffix="end,">
        <foreach collection="recordList" index="index" item="item">
          <if test="item.selfFlag !=null ">
            when #{item.id,jdbcType=BIGINT} then #{item.selfFlag,jdbcType=TINYINT}
          </if>
          <if test="item.selfFlag ==null ">
            when #{item.id,jdbcType=BIGINT} then b_digital_policy.self_flag
          </if>
        </foreach>
      </trim>
      <trim prefix="create_time =case id" suffix="end,">
        <foreach collection="recordList" index="index" item="item">
          <if test="item.createTime !=null ">
            when #{item.id,jdbcType=BIGINT} then #{item.createTime,jdbcType=TIMESTAMP}
          </if>
          <if test="item.createTime ==null ">
            when #{item.id,jdbcType=BIGINT} then b_digital_policy.create_time
          </if>
        </foreach>
      </trim>
      <trim prefix="create_by =case id" suffix="end,">
        <foreach collection="recordList" index="index" item="item">
          <if test="item.createBy !=null ">
            when #{item.id,jdbcType=BIGINT} then #{item.createBy,jdbcType=VARCHAR}
          </if>
          <if test="item.createBy ==null ">
            when #{item.id,jdbcType=BIGINT} then b_digital_policy.create_by
          </if>
        </foreach>
      </trim>
      <trim prefix="update_time =case id" suffix="end,">
        <foreach collection="recordList" index="index" item="item">
          <if test="item.updateTime !=null ">
            when #{item.id,jdbcType=BIGINT} then #{item.updateTime,jdbcType=TIMESTAMP}
          </if>
          <if test="item.updateTime ==null ">
            when #{item.id,jdbcType=BIGINT} then b_digital_policy.update_time
          </if>
        </foreach>
      </trim>
      <trim prefix="update_by =case id" suffix="end,">
        <foreach collection="recordList" index="index" item="item">
          <if test="item.updateBy !=null ">
            when #{item.id,jdbcType=BIGINT} then #{item.updateBy,jdbcType=VARCHAR}
          </if>
          <if test="item.updateBy ==null ">
            when #{item.id,jdbcType=BIGINT} then b_digital_policy.update_by
          </if>
        </foreach>
      </trim>
      <trim prefix="del_flag =case id" suffix="end,">
        <foreach collection="recordList" index="index" item="item">
          <if test="item.delFlag !=null ">
            when #{item.id,jdbcType=BIGINT} then #{item.delFlag,jdbcType=TINYINT}
          </if>
          <if test="item.delFlag ==null ">
            when #{item.id,jdbcType=BIGINT} then b_digital_policy.del_flag
          </if>
        </foreach>
      </trim>
    </trim>
    where id in(
    <foreach collection="recordList" index="index" item="item" separator=",">
      #{item.id,jdbcType=BIGINT}
    </foreach>
    )
  </update>
  <select id="selectByCondition" parameterType="com.ekangji.policy.domain.policy.pojo.DigitalPolicyDTO" resultMap="BOMap">
    select
    <include refid="Base_Column_List"/>
    from b_digital_policy
    where  del_flag = 1
    <if test="productName != null">
      and product_name like  concat('%', #{productName}, '%')
    </if>
    <if test="userId != null">
      and user_id = #{userId}
    </if>
    <if test="phoneNumber != null">
      and phone_number = #{phoneNumber}
    </if>
    <if test="recommendFlag != null">
      and recommend_flag = #{recommendFlag}
    </if>
    <if test="digitalPolicyCreateTimeStart != null">
      and create_time <![CDATA[ >= ]]> #{digitalPolicyCreateTimeStart}
    </if>
    <if test="digitalPolicyCreateTimeEnd != null">
      and create_time <![CDATA[ <= ]]> #{digitalPolicyCreateTimeEnd}
    </if>
    order by create_time desc
  </select>
  <select id="selectOneByExample" parameterType="com.ekangji.policy.infrastructure.dao.dataobject.DigitalPolicyDOExample" resultMap="BaseResultMap">
    select
    'true' as QUERYID,
    <include refid="Base_Column_List" />
    from b_digital_policy
    <if test="_parameter != null">
      <include refid="Example_Where_Clause" />
    </if>
    <if test="orderByClause != null">
      order by ${orderByClause}
    </if>
    limit 1
  </select>
</mapper>