<?xml version="1.0" encoding="UTF-8"?>
<!DOCTYPE mapper PUBLIC "-//mybatis.org//DTD Mapper 3.0//EN" "http://mybatis.org/dtd/mybatis-3-mapper.dtd">
<mapper namespace="com.ekangji.policy.infrastructure.dao.policycenter.DigitalPolicyBOMapper">
  <resultMap id="BaseResultMap" type="com.ekangji.policy.infrastructure.dao.dataobject.DigitalPolicyBO">
    <id column="id" jdbcType="BIGINT" property="id" />
    <result column="digital_id" jdbcType="BIGINT" property="digitalId" />
    <result column="user_id" jdbcType="VARCHAR" property="userId" />
    <result column="phone_number" jdbcType="VARCHAR" property="phoneNumber" />
    <result column="policy_id" jdbcType="BIGINT" property="policyId" />
    <result column="product_name" jdbcType="VARCHAR" property="productName" />
    <result column="sequence" jdbcType="VARCHAR" property="sequence" />
    <result column="chain_addr" jdbcType="VARCHAR" property="chainAddr" />
    <result column="file_id" jdbcType="VARCHAR" property="fileId" />
    <result column="picture_url" jdbcType="VARCHAR" property="pictureUrl" />
    <result column="media_content" jdbcType="VARCHAR" property="mediaContent" />
    <result column="media_image" jdbcType="VARCHAR" property="mediaImage" />
    <result column="status" jdbcType="TINYINT" property="status" />
    <result column="recommend_time" jdbcType="TIMESTAMP" property="recommendTime" />
    <result column="recommend_flag" jdbcType="TINYINT" property="recommendFlag" />
    <result column="self_flag" jdbcType="TINYINT" property="selfFlag" />
    <result column="create_time" jdbcType="TIMESTAMP" property="createTime" />
    <result column="create_by" jdbcType="VARCHAR" property="createBy" />
    <result column="update_time" jdbcType="TIMESTAMP" property="updateTime" />
    <result column="update_by" jdbcType="VARCHAR" property="updateBy" />
    <result column="del_flag" jdbcType="TINYINT" property="delFlag" />
    <result column="digitalNum" jdbcType="TINYINT" property="digitalNum" />
  </resultMap>

  <select id="countDigitalNumByUserIds" parameterType="com.ekangji.policy.infrastructure.dao.dataobject.DigitalPolicyBO" resultMap="BaseResultMap">
    SELECT user_id, count(id) digitalNum
    FROM b_digital_policy
    WHERE 1=1
    <if test="userIdList.size()>0">
      AND user_id in
      <foreach collection="userIdList" index="index" item="item" separator="," open="(" close=")">
        #{item}
      </foreach>
    </if>
      AND del_flag = 1
      GROUP BY user_id
  </select>

</mapper>