<?xml version="1.0" encoding="UTF-8"?>
<!DOCTYPE mapper PUBLIC "-//mybatis.org//DTD Mapper 3.0//EN" "http://mybatis.org/dtd/mybatis-3-mapper.dtd">
<mapper namespace="com.ekangji.policy.infrastructure.dao.policycenter.EnsuredWeightConfigMapper">
  <resultMap id="BaseResultMap" type="com.ekangji.policy.infrastructure.dao.dataobject.EnsuredWeightConfigDO">
    <id column="id" jdbcType="BIGINT" property="id" />
    <result column="one_level_type" jdbcType="VARCHAR" property="oneLevelType" />
    <result column="first_level_name" jdbcType="VARCHAR" property="firstLevelName" />
    <result column="program_name" jdbcType="VARCHAR" property="programName" />
    <result column="first_stage" jdbcType="DECIMAL" property="firstStage" />
    <result column="second_stage" jdbcType="DECIMAL" property="secondStage" />
    <result column="third_stage" jdbcType="DECIMAL" property="thirdStage" />
    <result column="fourth_stage" jdbcType="DECIMAL" property="fourthStage" />
    <result column="fifth_stage" jdbcType="DECIMAL" property="fifthStage" />
    <result column="status" jdbcType="TINYINT" property="status" />
    <result column="create_time" jdbcType="TIMESTAMP" property="createTime" />
    <result column="create_by" jdbcType="VARCHAR" property="createBy" />
    <result column="update_time" jdbcType="TIMESTAMP" property="updateTime" />
    <result column="update_by" jdbcType="VARCHAR" property="updateBy" />
    <result column="del_flag" jdbcType="TINYINT" property="delFlag" />
  </resultMap>
  <sql id="Example_Where_Clause">
    <where>
      <foreach collection="oredCriteria" item="criteria" separator="or">
        <if test="criteria.valid">
          <trim prefix="(" prefixOverrides="and" suffix=")">
            <foreach collection="criteria.criteria" item="criterion">
              <choose>
                <when test="criterion.noValue">
                  and ${criterion.condition}
                </when>
                <when test="criterion.singleValue">
                  and ${criterion.condition} #{criterion.value}
                </when>
                <when test="criterion.betweenValue">
                  and ${criterion.condition} #{criterion.value} and #{criterion.secondValue}
                </when>
                <when test="criterion.listValue">
                  and ${criterion.condition}
                  <foreach close=")" collection="criterion.value" item="listItem" open="(" separator=",">
                    #{listItem}
                  </foreach>
                </when>
              </choose>
            </foreach>
          </trim>
        </if>
      </foreach>
    </where>
  </sql>
  <sql id="Update_By_Example_Where_Clause">
    <where>
      <foreach collection="example.oredCriteria" item="criteria" separator="or">
        <if test="criteria.valid">
          <trim prefix="(" prefixOverrides="and" suffix=")">
            <foreach collection="criteria.criteria" item="criterion">
              <choose>
                <when test="criterion.noValue">
                  and ${criterion.condition}
                </when>
                <when test="criterion.singleValue">
                  and ${criterion.condition} #{criterion.value}
                </when>
                <when test="criterion.betweenValue">
                  and ${criterion.condition} #{criterion.value} and #{criterion.secondValue}
                </when>
                <when test="criterion.listValue">
                  and ${criterion.condition}
                  <foreach close=")" collection="criterion.value" item="listItem" open="(" separator=",">
                    #{listItem}
                  </foreach>
                </when>
              </choose>
            </foreach>
          </trim>
        </if>
      </foreach>
    </where>
  </sql>
  <sql id="Base_Column_List">
    id, one_level_type, first_level_name, program_name, first_stage, second_stage, third_stage, 
    fourth_stage, fifth_stage, `status`, create_time, create_by, update_time, update_by, 
    del_flag
  </sql>
  <select id="selectByExample" parameterType="com.ekangji.policy.infrastructure.dao.dataobject.EnsuredWeightConfigDOExample" resultMap="BaseResultMap">
    select
    <if test="distinct">
      distinct
    </if>
    'true' as QUERYID,
    <include refid="Base_Column_List" />
    from b_ensured_weight_config
    <if test="_parameter != null">
      <include refid="Example_Where_Clause" />
    </if>
    <if test="orderByClause != null">
      order by ${orderByClause}
    </if>
  </select>
  <select id="selectEntityByLevelType" parameterType="java.lang.String"   resultMap="BaseResultMap">
    select <include refid="Base_Column_List"/> from b_ensured_weight_config where one_level_type = #{levelType}
  </select>
  <select id="selectByPrimaryKey" parameterType="java.lang.Long" resultMap="BaseResultMap">
    select 
    <include refid="Base_Column_List" />
    from b_ensured_weight_config
    where id = #{id,jdbcType=BIGINT}
  </select>
  <delete id="deleteByPrimaryKey" parameterType="java.lang.Long">
    delete from b_ensured_weight_config
    where id = #{id,jdbcType=BIGINT}
  </delete>
  <delete id="deleteByExample" parameterType="com.ekangji.policy.infrastructure.dao.dataobject.EnsuredWeightConfigDOExample">
    delete from b_ensured_weight_config
    <if test="_parameter != null">
      <include refid="Example_Where_Clause" />
    </if>
  </delete>
  <insert id="insert" parameterType="com.ekangji.policy.infrastructure.dao.dataobject.EnsuredWeightConfigDO">
    <selectKey keyProperty="id" order="AFTER" resultType="java.lang.Long">
      SELECT LAST_INSERT_ID()
    </selectKey>
    insert into b_ensured_weight_config (one_level_type, first_level_name, program_name, 
      first_stage, second_stage, third_stage, 
      fourth_stage, fifth_stage, `status`, 
      create_time, create_by, update_time, 
      update_by, del_flag)
    values (#{oneLevelType,jdbcType=VARCHAR}, #{firstLevelName,jdbcType=VARCHAR}, #{programName,jdbcType=VARCHAR}, 
      #{firstStage,jdbcType=DECIMAL}, #{secondStage,jdbcType=DECIMAL}, #{thirdStage,jdbcType=DECIMAL}, 
      #{fourthStage,jdbcType=DECIMAL}, #{fifthStage,jdbcType=DECIMAL}, #{status,jdbcType=TINYINT}, 
      #{createTime,jdbcType=TIMESTAMP}, #{createBy,jdbcType=VARCHAR}, #{updateTime,jdbcType=TIMESTAMP}, 
      #{updateBy,jdbcType=VARCHAR}, #{delFlag,jdbcType=TINYINT})
  </insert>
  <insert id="insertSelective" parameterType="com.ekangji.policy.infrastructure.dao.dataobject.EnsuredWeightConfigDO">
    <selectKey keyProperty="id" order="AFTER" resultType="java.lang.Long">
      SELECT LAST_INSERT_ID()
    </selectKey>
    insert into b_ensured_weight_config
    <trim prefix="(" suffix=")" suffixOverrides=",">
      <if test="oneLevelType != null">
        one_level_type,
      </if>
      <if test="firstLevelName != null">
        first_level_name,
      </if>
      <if test="programName != null">
        program_name,
      </if>
      <if test="firstStage != null">
        first_stage,
      </if>
      <if test="secondStage != null">
        second_stage,
      </if>
      <if test="thirdStage != null">
        third_stage,
      </if>
      <if test="fourthStage != null">
        fourth_stage,
      </if>
      <if test="fifthStage != null">
        fifth_stage,
      </if>
      <if test="status != null">
        `status`,
      </if>
      <if test="createTime != null">
        create_time,
      </if>
      <if test="createBy != null">
        create_by,
      </if>
      <if test="updateTime != null">
        update_time,
      </if>
      <if test="updateBy != null">
        update_by,
      </if>
      <if test="delFlag != null">
        del_flag,
      </if>
    </trim>
    <trim prefix="values (" suffix=")" suffixOverrides=",">
      <if test="oneLevelType != null">
        #{oneLevelType,jdbcType=VARCHAR},
      </if>
      <if test="firstLevelName != null">
        #{firstLevelName,jdbcType=VARCHAR},
      </if>
      <if test="programName != null">
        #{programName,jdbcType=VARCHAR},
      </if>
      <if test="firstStage != null">
        #{firstStage,jdbcType=DECIMAL},
      </if>
      <if test="secondStage != null">
        #{secondStage,jdbcType=DECIMAL},
      </if>
      <if test="thirdStage != null">
        #{thirdStage,jdbcType=DECIMAL},
      </if>
      <if test="fourthStage != null">
        #{fourthStage,jdbcType=DECIMAL},
      </if>
      <if test="fifthStage != null">
        #{fifthStage,jdbcType=DECIMAL},
      </if>
      <if test="status != null">
        #{status,jdbcType=TINYINT},
      </if>
      <if test="createTime != null">
        #{createTime,jdbcType=TIMESTAMP},
      </if>
      <if test="createBy != null">
        #{createBy,jdbcType=VARCHAR},
      </if>
      <if test="updateTime != null">
        #{updateTime,jdbcType=TIMESTAMP},
      </if>
      <if test="updateBy != null">
        #{updateBy,jdbcType=VARCHAR},
      </if>
      <if test="delFlag != null">
        #{delFlag,jdbcType=TINYINT},
      </if>
    </trim>
  </insert>
  <select id="countByExample" parameterType="com.ekangji.policy.infrastructure.dao.dataobject.EnsuredWeightConfigDOExample" resultType="java.lang.Long">
    select count(*) from b_ensured_weight_config
    <if test="_parameter != null">
      <include refid="Example_Where_Clause" />
    </if>
  </select>
  <update id="updateByExampleSelective" parameterType="map">
    update b_ensured_weight_config
    <set>
      <if test="record.id != null">
        id = #{record.id,jdbcType=BIGINT},
      </if>
      <if test="record.oneLevelType != null">
        one_level_type = #{record.oneLevelType,jdbcType=VARCHAR},
      </if>
      <if test="record.firstLevelName != null">
        first_level_name = #{record.firstLevelName,jdbcType=VARCHAR},
      </if>
      <if test="record.programName != null">
        program_name = #{record.programName,jdbcType=VARCHAR},
      </if>
      <if test="record.firstStage != null">
        first_stage = #{record.firstStage,jdbcType=DECIMAL},
      </if>
      <if test="record.secondStage != null">
        second_stage = #{record.secondStage,jdbcType=DECIMAL},
      </if>
      <if test="record.thirdStage != null">
        third_stage = #{record.thirdStage,jdbcType=DECIMAL},
      </if>
      <if test="record.fourthStage != null">
        fourth_stage = #{record.fourthStage,jdbcType=DECIMAL},
      </if>
      <if test="record.fifthStage != null">
        fifth_stage = #{record.fifthStage,jdbcType=DECIMAL},
      </if>
      <if test="record.status != null">
        `status` = #{record.status,jdbcType=TINYINT},
      </if>
      <if test="record.createTime != null">
        create_time = #{record.createTime,jdbcType=TIMESTAMP},
      </if>
      <if test="record.createBy != null">
        create_by = #{record.createBy,jdbcType=VARCHAR},
      </if>
      <if test="record.updateTime != null">
        update_time = #{record.updateTime,jdbcType=TIMESTAMP},
      </if>
      <if test="record.updateBy != null">
        update_by = #{record.updateBy,jdbcType=VARCHAR},
      </if>
      <if test="record.delFlag != null">
        del_flag = #{record.delFlag,jdbcType=TINYINT},
      </if>
    </set>
    <if test="_parameter != null">
      <include refid="Update_By_Example_Where_Clause" />
    </if>
  </update>
  <update id="updateByExample" parameterType="map">
    update b_ensured_weight_config
    set id = #{record.id,jdbcType=BIGINT},
      one_level_type = #{record.oneLevelType,jdbcType=VARCHAR},
      first_level_name = #{record.firstLevelName,jdbcType=VARCHAR},
      program_name = #{record.programName,jdbcType=VARCHAR},
      first_stage = #{record.firstStage,jdbcType=DECIMAL},
      second_stage = #{record.secondStage,jdbcType=DECIMAL},
      third_stage = #{record.thirdStage,jdbcType=DECIMAL},
      fourth_stage = #{record.fourthStage,jdbcType=DECIMAL},
      fifth_stage = #{record.fifthStage,jdbcType=DECIMAL},
      `status` = #{record.status,jdbcType=TINYINT},
      create_time = #{record.createTime,jdbcType=TIMESTAMP},
      create_by = #{record.createBy,jdbcType=VARCHAR},
      update_time = #{record.updateTime,jdbcType=TIMESTAMP},
      update_by = #{record.updateBy,jdbcType=VARCHAR},
      del_flag = #{record.delFlag,jdbcType=TINYINT}
    <if test="_parameter != null">
      <include refid="Update_By_Example_Where_Clause" />
    </if>
  </update>
  <update id="updateByPrimaryKeySelective" parameterType="com.ekangji.policy.infrastructure.dao.dataobject.EnsuredWeightConfigDO">
    update b_ensured_weight_config
    <set>
      <if test="oneLevelType != null">
        one_level_type = #{oneLevelType,jdbcType=VARCHAR},
      </if>
      <if test="firstLevelName != null">
        first_level_name = #{firstLevelName,jdbcType=VARCHAR},
      </if>
      <if test="programName != null">
        program_name = #{programName,jdbcType=VARCHAR},
      </if>
      <if test="firstStage != null">
        first_stage = #{firstStage,jdbcType=DECIMAL},
      </if>
      <if test="secondStage != null">
        second_stage = #{secondStage,jdbcType=DECIMAL},
      </if>
      <if test="thirdStage != null">
        third_stage = #{thirdStage,jdbcType=DECIMAL},
      </if>
      <if test="fourthStage != null">
        fourth_stage = #{fourthStage,jdbcType=DECIMAL},
      </if>
      <if test="fifthStage != null">
        fifth_stage = #{fifthStage,jdbcType=DECIMAL},
      </if>
      <if test="status != null">
        `status` = #{status,jdbcType=TINYINT},
      </if>
      <if test="createTime != null">
        create_time = #{createTime,jdbcType=TIMESTAMP},
      </if>
      <if test="createBy != null">
        create_by = #{createBy,jdbcType=VARCHAR},
      </if>
      <if test="updateTime != null">
        update_time = #{updateTime,jdbcType=TIMESTAMP},
      </if>
      <if test="updateBy != null">
        update_by = #{updateBy,jdbcType=VARCHAR},
      </if>
      <if test="delFlag != null">
        del_flag = #{delFlag,jdbcType=TINYINT},
      </if>
    </set>
    where id = #{id,jdbcType=BIGINT}
  </update>
  <update id="updateByPrimaryKey" parameterType="com.ekangji.policy.infrastructure.dao.dataobject.EnsuredWeightConfigDO">
    update b_ensured_weight_config
    set one_level_type = #{oneLevelType,jdbcType=VARCHAR},
      first_level_name = #{firstLevelName,jdbcType=VARCHAR},
      program_name = #{programName,jdbcType=VARCHAR},
      first_stage = #{firstStage,jdbcType=DECIMAL},
      second_stage = #{secondStage,jdbcType=DECIMAL},
      third_stage = #{thirdStage,jdbcType=DECIMAL},
      fourth_stage = #{fourthStage,jdbcType=DECIMAL},
      fifth_stage = #{fifthStage,jdbcType=DECIMAL},
      `status` = #{status,jdbcType=TINYINT},
      create_time = #{createTime,jdbcType=TIMESTAMP},
      create_by = #{createBy,jdbcType=VARCHAR},
      update_time = #{updateTime,jdbcType=TIMESTAMP},
      update_by = #{updateBy,jdbcType=VARCHAR},
      del_flag = #{delFlag,jdbcType=TINYINT}
    where id = #{id,jdbcType=BIGINT}
  </update>
  <select id="selectByExampleWithRowbounds" parameterType="com.ekangji.policy.infrastructure.dao.dataobject.EnsuredWeightConfigDOExample" resultMap="BaseResultMap">
    select
    <if test="distinct">
      distinct
    </if>
    'true' as QUERYID,
    <include refid="Base_Column_List" />
    from b_ensured_weight_config
    <if test="_parameter != null">
      <include refid="Example_Where_Clause" />
    </if>
    <if test="orderByClause != null">
      order by ${orderByClause}
    </if>
  </select>
  <insert id="batchInsert" keyColumn="id" keyProperty="id" parameterType="map" useGeneratedKeys="true">
    insert into b_ensured_weight_config (one_level_type, first_level_name, program_name, first_stage, second_stage, third_stage, fourth_stage, fifth_stage, `status`, create_time, create_by, update_time, update_by, del_flag)
    values
    <foreach collection="list" item="item" separator=",">
       (#{item.oneLevelType,jdbcType=VARCHAR}, #{item.firstLevelName,jdbcType=VARCHAR}, #{item.programName,jdbcType=VARCHAR}, #{item.firstStage,jdbcType=DECIMAL}, #{item.secondStage,jdbcType=DECIMAL}, #{item.thirdStage,jdbcType=DECIMAL}, #{item.fourthStage,jdbcType=DECIMAL}, #{item.fifthStage,jdbcType=DECIMAL}, #{item.status,jdbcType=TINYINT}, #{item.createTime,jdbcType=TIMESTAMP}, #{item.createBy,jdbcType=VARCHAR}, #{item.updateTime,jdbcType=TIMESTAMP}, #{item.updateBy,jdbcType=VARCHAR}, #{item.delFlag,jdbcType=TINYINT})
    </foreach>
  </insert>
  <delete id="batchDelete" parameterType="java.lang.Long">
    delete from b_ensured_weight_config where id in (
    <foreach collection="ids" index="index" item="item" separator=",">
      #{item}
    </foreach>
    )
  </delete>
  <update id="batchUpdate" parameterType="java.util.List">
    update b_ensured_weight_config 
    <trim prefix="set" suffixOverrides=",">
      <trim prefix="one_level_type =case id" suffix="end,">
        <foreach collection="recordList" index="index" item="item">
          <if test="item.oneLevelType !=null ">
            when #{item.id,jdbcType=BIGINT} then #{item.oneLevelType,jdbcType=VARCHAR}
          </if>
          <if test="item.oneLevelType ==null ">
            when #{item.id,jdbcType=BIGINT} then b_ensured_weight_config.one_level_type
          </if>
        </foreach>
      </trim>
      <trim prefix="first_level_name =case id" suffix="end,">
        <foreach collection="recordList" index="index" item="item">
          <if test="item.firstLevelName !=null ">
            when #{item.id,jdbcType=BIGINT} then #{item.firstLevelName,jdbcType=VARCHAR}
          </if>
          <if test="item.firstLevelName ==null ">
            when #{item.id,jdbcType=BIGINT} then b_ensured_weight_config.first_level_name
          </if>
        </foreach>
      </trim>
      <trim prefix="program_name =case id" suffix="end,">
        <foreach collection="recordList" index="index" item="item">
          <if test="item.programName !=null ">
            when #{item.id,jdbcType=BIGINT} then #{item.programName,jdbcType=VARCHAR}
          </if>
          <if test="item.programName ==null ">
            when #{item.id,jdbcType=BIGINT} then b_ensured_weight_config.program_name
          </if>
        </foreach>
      </trim>
      <trim prefix="first_stage =case id" suffix="end,">
        <foreach collection="recordList" index="index" item="item">
          <if test="item.firstStage !=null ">
            when #{item.id,jdbcType=BIGINT} then #{item.firstStage,jdbcType=DECIMAL}
          </if>
          <if test="item.firstStage ==null ">
            when #{item.id,jdbcType=BIGINT} then b_ensured_weight_config.first_stage
          </if>
        </foreach>
      </trim>
      <trim prefix="second_stage =case id" suffix="end,">
        <foreach collection="recordList" index="index" item="item">
          <if test="item.secondStage !=null ">
            when #{item.id,jdbcType=BIGINT} then #{item.secondStage,jdbcType=DECIMAL}
          </if>
          <if test="item.secondStage ==null ">
            when #{item.id,jdbcType=BIGINT} then b_ensured_weight_config.second_stage
          </if>
        </foreach>
      </trim>
      <trim prefix="third_stage =case id" suffix="end,">
        <foreach collection="recordList" index="index" item="item">
          <if test="item.thirdStage !=null ">
            when #{item.id,jdbcType=BIGINT} then #{item.thirdStage,jdbcType=DECIMAL}
          </if>
          <if test="item.thirdStage ==null ">
            when #{item.id,jdbcType=BIGINT} then b_ensured_weight_config.third_stage
          </if>
        </foreach>
      </trim>
      <trim prefix="fourth_stage =case id" suffix="end,">
        <foreach collection="recordList" index="index" item="item">
          <if test="item.fourthStage !=null ">
            when #{item.id,jdbcType=BIGINT} then #{item.fourthStage,jdbcType=DECIMAL}
          </if>
          <if test="item.fourthStage ==null ">
            when #{item.id,jdbcType=BIGINT} then b_ensured_weight_config.fourth_stage
          </if>
        </foreach>
      </trim>
      <trim prefix="fifth_stage =case id" suffix="end,">
        <foreach collection="recordList" index="index" item="item">
          <if test="item.fifthStage !=null ">
            when #{item.id,jdbcType=BIGINT} then #{item.fifthStage,jdbcType=DECIMAL}
          </if>
          <if test="item.fifthStage ==null ">
            when #{item.id,jdbcType=BIGINT} then b_ensured_weight_config.fifth_stage
          </if>
        </foreach>
      </trim>
      <trim prefix="status =case id" suffix="end,">
        <foreach collection="recordList" index="index" item="item">
          <if test="item.status !=null ">
            when #{item.id,jdbcType=BIGINT} then #{item.status,jdbcType=TINYINT}
          </if>
          <if test="item.status ==null ">
            when #{item.id,jdbcType=BIGINT} then b_ensured_weight_config.status
          </if>
        </foreach>
      </trim>
      <trim prefix="create_time =case id" suffix="end,">
        <foreach collection="recordList" index="index" item="item">
          <if test="item.createTime !=null ">
            when #{item.id,jdbcType=BIGINT} then #{item.createTime,jdbcType=TIMESTAMP}
          </if>
          <if test="item.createTime ==null ">
            when #{item.id,jdbcType=BIGINT} then b_ensured_weight_config.create_time
          </if>
        </foreach>
      </trim>
      <trim prefix="create_by =case id" suffix="end,">
        <foreach collection="recordList" index="index" item="item">
          <if test="item.createBy !=null ">
            when #{item.id,jdbcType=BIGINT} then #{item.createBy,jdbcType=VARCHAR}
          </if>
          <if test="item.createBy ==null ">
            when #{item.id,jdbcType=BIGINT} then b_ensured_weight_config.create_by
          </if>
        </foreach>
      </trim>
      <trim prefix="update_time =case id" suffix="end,">
        <foreach collection="recordList" index="index" item="item">
          <if test="item.updateTime !=null ">
            when #{item.id,jdbcType=BIGINT} then #{item.updateTime,jdbcType=TIMESTAMP}
          </if>
          <if test="item.updateTime ==null ">
            when #{item.id,jdbcType=BIGINT} then b_ensured_weight_config.update_time
          </if>
        </foreach>
      </trim>
      <trim prefix="update_by =case id" suffix="end,">
        <foreach collection="recordList" index="index" item="item">
          <if test="item.updateBy !=null ">
            when #{item.id,jdbcType=BIGINT} then #{item.updateBy,jdbcType=VARCHAR}
          </if>
          <if test="item.updateBy ==null ">
            when #{item.id,jdbcType=BIGINT} then b_ensured_weight_config.update_by
          </if>
        </foreach>
      </trim>
      <trim prefix="del_flag =case id" suffix="end,">
        <foreach collection="recordList" index="index" item="item">
          <if test="item.delFlag !=null ">
            when #{item.id,jdbcType=BIGINT} then #{item.delFlag,jdbcType=TINYINT}
          </if>
          <if test="item.delFlag ==null ">
            when #{item.id,jdbcType=BIGINT} then b_ensured_weight_config.del_flag
          </if>
        </foreach>
      </trim>
    </trim>
    where id in(
    <foreach collection="recordList" index="index" item="item" separator=",">
      #{item.id,jdbcType=BIGINT}
    </foreach>
    )
  </update>
  <select id="selectOneByExample" parameterType="com.ekangji.policy.infrastructure.dao.dataobject.EnsuredWeightConfigDOExample" resultMap="BaseResultMap">
    select
    'true' as QUERYID,
    <include refid="Base_Column_List" />
    from b_ensured_weight_config
    <if test="_parameter != null">
      <include refid="Example_Where_Clause" />
    </if>
    <if test="orderByClause != null">
      order by ${orderByClause}
    </if>
    limit 1
  </select>
</mapper>