<?xml version="1.0" encoding="UTF-8"?>
<!DOCTYPE mapper PUBLIC "-//mybatis.org//DTD Mapper 3.0//EN" "http://mybatis.org/dtd/mybatis-3-mapper.dtd">
<mapper namespace="com.ekangji.policy.infrastructure.dao.policycenter.FamilyEnsuredInfoMapper">
  <resultMap id="BaseResultMap" type="com.ekangji.policy.infrastructure.dao.dataobject.FamilyEnsuredInfoDO">
    <id column="id" jdbcType="BIGINT" property="id" />
    <result column="user_id" jdbcType="VARCHAR" property="userId" />
    <result column="health_score" jdbcType="TINYINT" property="healthScore" />
    <result column="life_insurance_score" jdbcType="TINYINT" property="lifeInsuranceScore" />
    <result column="unexpected_score" jdbcType="TINYINT" property="unexpectedScore" />
    <result column="rente_score" jdbcType="TINYINT" property="renteScore" />
    <result column="social_security_score" jdbcType="TINYINT" property="socialSecurityScore" />
    <result column="family_total_score" jdbcType="TINYINT" property="familyTotalScore" />
    <result column="status" jdbcType="TINYINT" property="status" />
    <result column="create_time" jdbcType="TIMESTAMP" property="createTime" />
    <result column="create_by" jdbcType="VARCHAR" property="createBy" />
    <result column="update_time" jdbcType="TIMESTAMP" property="updateTime" />
    <result column="update_by" jdbcType="VARCHAR" property="updateBy" />
    <result column="del_flag" jdbcType="TINYINT" property="delFlag" />
  </resultMap>
  <sql id="Example_Where_Clause">
    <where>
      <foreach collection="oredCriteria" item="criteria" separator="or">
        <if test="criteria.valid">
          <trim prefix="(" prefixOverrides="and" suffix=")">
            <foreach collection="criteria.criteria" item="criterion">
              <choose>
                <when test="criterion.noValue">
                  and ${criterion.condition}
                </when>
                <when test="criterion.singleValue">
                  and ${criterion.condition} #{criterion.value}
                </when>
                <when test="criterion.betweenValue">
                  and ${criterion.condition} #{criterion.value} and #{criterion.secondValue}
                </when>
                <when test="criterion.listValue">
                  and ${criterion.condition}
                  <foreach close=")" collection="criterion.value" item="listItem" open="(" separator=",">
                    #{listItem}
                  </foreach>
                </when>
              </choose>
            </foreach>
          </trim>
        </if>
      </foreach>
    </where>
  </sql>
  <sql id="Update_By_Example_Where_Clause">
    <where>
      <foreach collection="example.oredCriteria" item="criteria" separator="or">
        <if test="criteria.valid">
          <trim prefix="(" prefixOverrides="and" suffix=")">
            <foreach collection="criteria.criteria" item="criterion">
              <choose>
                <when test="criterion.noValue">
                  and ${criterion.condition}
                </when>
                <when test="criterion.singleValue">
                  and ${criterion.condition} #{criterion.value}
                </when>
                <when test="criterion.betweenValue">
                  and ${criterion.condition} #{criterion.value} and #{criterion.secondValue}
                </when>
                <when test="criterion.listValue">
                  and ${criterion.condition}
                  <foreach close=")" collection="criterion.value" item="listItem" open="(" separator=",">
                    #{listItem}
                  </foreach>
                </when>
              </choose>
            </foreach>
          </trim>
        </if>
      </foreach>
    </where>
  </sql>
  <sql id="Base_Column_List">
    id, user_id, health_score, life_insurance_score, unexpected_score, rente_score, social_security_score, 
    family_total_score, `status`, create_time, create_by, update_time, update_by, del_flag
  </sql>
  <select id="selectByExample" parameterType="com.ekangji.policy.infrastructure.dao.dataobject.FamilyEnsuredInfoDOExample" resultMap="BaseResultMap">
    select
    <if test="distinct">
      distinct
    </if>
    'true' as QUERYID,
    <include refid="Base_Column_List" />
    from b_family_ensured_info
    <if test="_parameter != null">
      <include refid="Example_Where_Clause" />
    </if>
    <if test="orderByClause != null">
      order by ${orderByClause}
    </if>
  </select>
  <select id="selectByPrimaryKey" parameterType="java.lang.Long" resultMap="BaseResultMap">
    select 
    <include refid="Base_Column_List" />
    from b_family_ensured_info
    where id = #{id,jdbcType=BIGINT}
  </select>
  <select id="selectFamilyByUserId"  parameterType="java.lang.String"  resultMap="BaseResultMap">
    select <include refid="Base_Column_List"/> from b_family_ensured_info where user_id = #{userId} and del_flag = 1
    and status = 1
  </select>
  <delete id="deleteByPrimaryKey" parameterType="java.lang.Long">
    delete from b_family_ensured_info
    where id = #{id,jdbcType=BIGINT}
  </delete>
  <delete id="deleteByExample" parameterType="com.ekangji.policy.infrastructure.dao.dataobject.FamilyEnsuredInfoDOExample">
    delete from b_family_ensured_info
    <if test="_parameter != null">
      <include refid="Example_Where_Clause" />
    </if>
  </delete>
  <insert id="insert" parameterType="com.ekangji.policy.infrastructure.dao.dataobject.FamilyEnsuredInfoDO">
    <selectKey keyProperty="id" order="AFTER" resultType="java.lang.Long">
      SELECT LAST_INSERT_ID()
    </selectKey>
    insert into b_family_ensured_info (user_id, health_score, life_insurance_score, 
      unexpected_score, rente_score, social_security_score, 
      family_total_score, `status`, create_time, 
      create_by, update_time, update_by, 
      del_flag)
    values (#{userId,jdbcType=VARCHAR}, #{healthScore,jdbcType=TINYINT}, #{lifeInsuranceScore,jdbcType=TINYINT}, 
      #{unexpectedScore,jdbcType=TINYINT}, #{renteScore,jdbcType=TINYINT}, #{socialSecurityScore,jdbcType=TINYINT}, 
      #{familyTotalScore,jdbcType=TINYINT}, #{status,jdbcType=BIT}, #{createTime,jdbcType=TIMESTAMP}, 
      #{createBy,jdbcType=VARCHAR}, #{updateTime,jdbcType=TIMESTAMP}, #{updateBy,jdbcType=VARCHAR}, 
      #{delFlag,jdbcType=BIT})
  </insert>
  <insert id="insertSelective" parameterType="com.ekangji.policy.infrastructure.dao.dataobject.FamilyEnsuredInfoDO">
    <selectKey keyProperty="id" order="AFTER" resultType="java.lang.Long">
      SELECT LAST_INSERT_ID()
    </selectKey>
    insert into b_family_ensured_info
    <trim prefix="(" suffix=")" suffixOverrides=",">
      <if test="userId != null">
        user_id,
      </if>
      <if test="healthScore != null">
        health_score,
      </if>
      <if test="lifeInsuranceScore != null">
        life_insurance_score,
      </if>
      <if test="unexpectedScore != null">
        unexpected_score,
      </if>
      <if test="renteScore != null">
        rente_score,
      </if>
      <if test="socialSecurityScore != null">
        social_security_score,
      </if>
      <if test="familyTotalScore != null">
        family_total_score,
      </if>
      <if test="status != null">
        `status`,
      </if>
      <if test="createTime != null">
        create_time,
      </if>
      <if test="createBy != null">
        create_by,
      </if>
      <if test="updateTime != null">
        update_time,
      </if>
      <if test="updateBy != null">
        update_by,
      </if>
      <if test="delFlag != null">
        del_flag,
      </if>
    </trim>
    <trim prefix="values (" suffix=")" suffixOverrides=",">
      <if test="userId != null">
        #{userId,jdbcType=VARCHAR},
      </if>
      <if test="healthScore != null">
        #{healthScore,jdbcType=TINYINT},
      </if>
      <if test="lifeInsuranceScore != null">
        #{lifeInsuranceScore,jdbcType=TINYINT},
      </if>
      <if test="unexpectedScore != null">
        #{unexpectedScore,jdbcType=TINYINT},
      </if>
      <if test="renteScore != null">
        #{renteScore,jdbcType=TINYINT},
      </if>
      <if test="socialSecurityScore != null">
        #{socialSecurityScore,jdbcType=TINYINT},
      </if>
      <if test="familyTotalScore != null">
        #{familyTotalScore,jdbcType=TINYINT},
      </if>
      <if test="status != null">
        #{status,jdbcType=BIT},
      </if>
      <if test="createTime != null">
        #{createTime,jdbcType=TIMESTAMP},
      </if>
      <if test="createBy != null">
        #{createBy,jdbcType=VARCHAR},
      </if>
      <if test="updateTime != null">
        #{updateTime,jdbcType=TIMESTAMP},
      </if>
      <if test="updateBy != null">
        #{updateBy,jdbcType=VARCHAR},
      </if>
      <if test="delFlag != null">
        #{delFlag,jdbcType=BIT},
      </if>
    </trim>
  </insert>
  <select id="countByExample" parameterType="com.ekangji.policy.infrastructure.dao.dataobject.FamilyEnsuredInfoDOExample" resultType="java.lang.Long">
    select count(*) from b_family_ensured_info
    <if test="_parameter != null">
      <include refid="Example_Where_Clause" />
    </if>
  </select>
  <update id="updateByExampleSelective" parameterType="map">
    update b_family_ensured_info
    <set>
      <if test="record.id != null">
        id = #{record.id,jdbcType=BIGINT},
      </if>
      <if test="record.userId != null">
        user_id = #{record.userId,jdbcType=VARCHAR},
      </if>
      <if test="record.healthScore != null">
        health_score = #{record.healthScore,jdbcType=TINYINT},
      </if>
      <if test="record.lifeInsuranceScore != null">
        life_insurance_score = #{record.lifeInsuranceScore,jdbcType=TINYINT},
      </if>
      <if test="record.unexpectedScore != null">
        unexpected_score = #{record.unexpectedScore,jdbcType=TINYINT},
      </if>
      <if test="record.renteScore != null">
        rente_score = #{record.renteScore,jdbcType=TINYINT},
      </if>
      <if test="record.socialSecurityScore != null">
        social_security_score = #{record.socialSecurityScore,jdbcType=TINYINT},
      </if>
      <if test="record.familyTotalScore != null">
        family_total_score = #{record.familyTotalScore,jdbcType=TINYINT},
      </if>
      <if test="record.status != null">
        `status` = #{record.status,jdbcType=BIT},
      </if>
      <if test="record.createTime != null">
        create_time = #{record.createTime,jdbcType=TIMESTAMP},
      </if>
      <if test="record.createBy != null">
        create_by = #{record.createBy,jdbcType=VARCHAR},
      </if>
      <if test="record.updateTime != null">
        update_time = #{record.updateTime,jdbcType=TIMESTAMP},
      </if>
      <if test="record.updateBy != null">
        update_by = #{record.updateBy,jdbcType=VARCHAR},
      </if>
      <if test="record.delFlag != null">
        del_flag = #{record.delFlag,jdbcType=BIT},
      </if>
    </set>
    <if test="_parameter != null">
      <include refid="Update_By_Example_Where_Clause" />
    </if>
  </update>
  <update id="updateByExample" parameterType="map">
    update b_family_ensured_info
    set id = #{record.id,jdbcType=BIGINT},
      user_id = #{record.userId,jdbcType=VARCHAR},
      health_score = #{record.healthScore,jdbcType=TINYINT},
      life_insurance_score = #{record.lifeInsuranceScore,jdbcType=TINYINT},
      unexpected_score = #{record.unexpectedScore,jdbcType=TINYINT},
      rente_score = #{record.renteScore,jdbcType=TINYINT},
      social_security_score = #{record.socialSecurityScore,jdbcType=TINYINT},
      family_total_score = #{record.familyTotalScore,jdbcType=TINYINT},
      `status` = #{record.status,jdbcType=BIT},
      create_time = #{record.createTime,jdbcType=TIMESTAMP},
      create_by = #{record.createBy,jdbcType=VARCHAR},
      update_time = #{record.updateTime,jdbcType=TIMESTAMP},
      update_by = #{record.updateBy,jdbcType=VARCHAR},
      del_flag = #{record.delFlag,jdbcType=BIT}
    <if test="_parameter != null">
      <include refid="Update_By_Example_Where_Clause" />
    </if>
  </update>
  <update id="updateByPrimaryKeySelective" parameterType="com.ekangji.policy.infrastructure.dao.dataobject.FamilyEnsuredInfoDO">
    update b_family_ensured_info
    <set>
      <if test="userId != null">
        user_id = #{userId,jdbcType=VARCHAR},
      </if>
      <if test="healthScore != null">
        health_score = #{healthScore,jdbcType=TINYINT},
      </if>
      <if test="lifeInsuranceScore != null">
        life_insurance_score = #{lifeInsuranceScore,jdbcType=TINYINT},
      </if>
      <if test="unexpectedScore != null">
        unexpected_score = #{unexpectedScore,jdbcType=TINYINT},
      </if>
      <if test="renteScore != null">
        rente_score = #{renteScore,jdbcType=TINYINT},
      </if>
      <if test="socialSecurityScore != null">
        social_security_score = #{socialSecurityScore,jdbcType=TINYINT},
      </if>
      <if test="familyTotalScore != null">
        family_total_score = #{familyTotalScore,jdbcType=TINYINT},
      </if>
      <if test="status != null">
        `status` = #{status,jdbcType=BIT},
      </if>
      <if test="createTime != null">
        create_time = #{createTime,jdbcType=TIMESTAMP},
      </if>
      <if test="createBy != null">
        create_by = #{createBy,jdbcType=VARCHAR},
      </if>
      <if test="updateTime != null">
        update_time = #{updateTime,jdbcType=TIMESTAMP},
      </if>
      <if test="updateBy != null">
        update_by = #{updateBy,jdbcType=VARCHAR},
      </if>
      <if test="delFlag != null">
        del_flag = #{delFlag,jdbcType=BIT},
      </if>
    </set>
    where id = #{id,jdbcType=BIGINT}
  </update>
  <update id="updateByPrimaryKey" parameterType="com.ekangji.policy.infrastructure.dao.dataobject.FamilyEnsuredInfoDO">
    update b_family_ensured_info
    set user_id = #{userId,jdbcType=VARCHAR},
      health_score = #{healthScore,jdbcType=TINYINT},
      life_insurance_score = #{lifeInsuranceScore,jdbcType=TINYINT},
      unexpected_score = #{unexpectedScore,jdbcType=TINYINT},
      rente_score = #{renteScore,jdbcType=TINYINT},
      social_security_score = #{socialSecurityScore,jdbcType=TINYINT},
      family_total_score = #{familyTotalScore,jdbcType=TINYINT},
      `status` = #{status,jdbcType=BIT},
      create_time = #{createTime,jdbcType=TIMESTAMP},
      create_by = #{createBy,jdbcType=VARCHAR},
      update_time = #{updateTime,jdbcType=TIMESTAMP},
      update_by = #{updateBy,jdbcType=VARCHAR},
      del_flag = #{delFlag,jdbcType=BIT}
    where id = #{id,jdbcType=BIGINT}
  </update>
  <select id="selectByExampleWithRowbounds" parameterType="com.ekangji.policy.infrastructure.dao.dataobject.FamilyEnsuredInfoDOExample" resultMap="BaseResultMap">
    select
    <if test="distinct">
      distinct
    </if>
    'true' as QUERYID,
    <include refid="Base_Column_List" />
    from b_family_ensured_info
    <if test="_parameter != null">
      <include refid="Example_Where_Clause" />
    </if>
    <if test="orderByClause != null">
      order by ${orderByClause}
    </if>
  </select>
  <insert id="batchInsert" keyColumn="id" keyProperty="id" parameterType="map" useGeneratedKeys="true">
    insert into b_family_ensured_info (user_id, health_score, life_insurance_score, unexpected_score, rente_score, social_security_score, family_total_score, `status`, create_time, create_by, update_time, update_by, del_flag)
    values
    <foreach collection="list" item="item" separator=",">
       (#{item.userId,jdbcType=VARCHAR}, #{item.healthScore,jdbcType=TINYINT}, #{item.lifeInsuranceScore,jdbcType=TINYINT}, #{item.unexpectedScore,jdbcType=TINYINT}, #{item.renteScore,jdbcType=TINYINT}, #{item.socialSecurityScore,jdbcType=TINYINT}, #{item.familyTotalScore,jdbcType=TINYINT}, #{item.status,jdbcType=BIT}, #{item.createTime,jdbcType=TIMESTAMP}, #{item.createBy,jdbcType=VARCHAR}, #{item.updateTime,jdbcType=TIMESTAMP}, #{item.updateBy,jdbcType=VARCHAR}, #{item.delFlag,jdbcType=BIT})
    </foreach>
  </insert>
  <delete id="batchDelete" parameterType="java.lang.Long">
    delete from b_family_ensured_info where id in (
    <foreach collection="ids" index="index" item="item" separator=",">
      #{item}
    </foreach>
    )
  </delete>
  <update id="batchUpdate" parameterType="java.util.List">
    update b_family_ensured_info 
    <trim prefix="set" suffixOverrides=",">
      <trim prefix="user_id =case id" suffix="end,">
        <foreach collection="recordList" index="index" item="item">
          <if test="item.userId !=null ">
            when #{item.id,jdbcType=BIGINT} then #{item.userId,jdbcType=VARCHAR}
          </if>
          <if test="item.userId ==null ">
            when #{item.id,jdbcType=BIGINT} then b_family_ensured_info.user_id
          </if>
        </foreach>
      </trim>
      <trim prefix="health_score =case id" suffix="end,">
        <foreach collection="recordList" index="index" item="item">
          <if test="item.healthScore !=null ">
            when #{item.id,jdbcType=BIGINT} then #{item.healthScore,jdbcType=TINYINT}
          </if>
          <if test="item.healthScore ==null ">
            when #{item.id,jdbcType=BIGINT} then b_family_ensured_info.health_score
          </if>
        </foreach>
      </trim>
      <trim prefix="life_insurance_score =case id" suffix="end,">
        <foreach collection="recordList" index="index" item="item">
          <if test="item.lifeInsuranceScore !=null ">
            when #{item.id,jdbcType=BIGINT} then #{item.lifeInsuranceScore,jdbcType=TINYINT}
          </if>
          <if test="item.lifeInsuranceScore ==null ">
            when #{item.id,jdbcType=BIGINT} then b_family_ensured_info.life_insurance_score
          </if>
        </foreach>
      </trim>
      <trim prefix="unexpected_score =case id" suffix="end,">
        <foreach collection="recordList" index="index" item="item">
          <if test="item.unexpectedScore !=null ">
            when #{item.id,jdbcType=BIGINT} then #{item.unexpectedScore,jdbcType=TINYINT}
          </if>
          <if test="item.unexpectedScore ==null ">
            when #{item.id,jdbcType=BIGINT} then b_family_ensured_info.unexpected_score
          </if>
        </foreach>
      </trim>
      <trim prefix="rente_score =case id" suffix="end,">
        <foreach collection="recordList" index="index" item="item">
          <if test="item.renteScore !=null ">
            when #{item.id,jdbcType=BIGINT} then #{item.renteScore,jdbcType=TINYINT}
          </if>
          <if test="item.renteScore ==null ">
            when #{item.id,jdbcType=BIGINT} then b_family_ensured_info.rente_score
          </if>
        </foreach>
      </trim>
      <trim prefix="social_security_score =case id" suffix="end,">
        <foreach collection="recordList" index="index" item="item">
          <if test="item.socialSecurityScore !=null ">
            when #{item.id,jdbcType=BIGINT} then #{item.socialSecurityScore,jdbcType=TINYINT}
          </if>
          <if test="item.socialSecurityScore ==null ">
            when #{item.id,jdbcType=BIGINT} then b_family_ensured_info.social_security_score
          </if>
        </foreach>
      </trim>
      <trim prefix="family_total_score =case id" suffix="end,">
        <foreach collection="recordList" index="index" item="item">
          <if test="item.familyTotalScore !=null ">
            when #{item.id,jdbcType=BIGINT} then #{item.familyTotalScore,jdbcType=TINYINT}
          </if>
          <if test="item.familyTotalScore ==null ">
            when #{item.id,jdbcType=BIGINT} then b_family_ensured_info.family_total_score
          </if>
        </foreach>
      </trim>
      <trim prefix="status =case id" suffix="end,">
        <foreach collection="recordList" index="index" item="item">
          <if test="item.status !=null ">
            when #{item.id,jdbcType=BIGINT} then #{item.status,jdbcType=BIT}
          </if>
          <if test="item.status ==null ">
            when #{item.id,jdbcType=BIGINT} then b_family_ensured_info.status
          </if>
        </foreach>
      </trim>
      <trim prefix="create_time =case id" suffix="end,">
        <foreach collection="recordList" index="index" item="item">
          <if test="item.createTime !=null ">
            when #{item.id,jdbcType=BIGINT} then #{item.createTime,jdbcType=TIMESTAMP}
          </if>
          <if test="item.createTime ==null ">
            when #{item.id,jdbcType=BIGINT} then b_family_ensured_info.create_time
          </if>
        </foreach>
      </trim>
      <trim prefix="create_by =case id" suffix="end,">
        <foreach collection="recordList" index="index" item="item">
          <if test="item.createBy !=null ">
            when #{item.id,jdbcType=BIGINT} then #{item.createBy,jdbcType=VARCHAR}
          </if>
          <if test="item.createBy ==null ">
            when #{item.id,jdbcType=BIGINT} then b_family_ensured_info.create_by
          </if>
        </foreach>
      </trim>
      <trim prefix="update_time =case id" suffix="end,">
        <foreach collection="recordList" index="index" item="item">
          <if test="item.updateTime !=null ">
            when #{item.id,jdbcType=BIGINT} then #{item.updateTime,jdbcType=TIMESTAMP}
          </if>
          <if test="item.updateTime ==null ">
            when #{item.id,jdbcType=BIGINT} then b_family_ensured_info.update_time
          </if>
        </foreach>
      </trim>
      <trim prefix="update_by =case id" suffix="end,">
        <foreach collection="recordList" index="index" item="item">
          <if test="item.updateBy !=null ">
            when #{item.id,jdbcType=BIGINT} then #{item.updateBy,jdbcType=VARCHAR}
          </if>
          <if test="item.updateBy ==null ">
            when #{item.id,jdbcType=BIGINT} then b_family_ensured_info.update_by
          </if>
        </foreach>
      </trim>
      <trim prefix="del_flag =case id" suffix="end,">
        <foreach collection="recordList" index="index" item="item">
          <if test="item.delFlag !=null ">
            when #{item.id,jdbcType=BIGINT} then #{item.delFlag,jdbcType=BIT}
          </if>
          <if test="item.delFlag ==null ">
            when #{item.id,jdbcType=BIGINT} then b_family_ensured_info.del_flag
          </if>
        </foreach>
      </trim>
    </trim>
    where id in(
    <foreach collection="recordList" index="index" item="item" separator=",">
      #{item.id,jdbcType=BIGINT}
    </foreach>
    )
  </update>
  <select id="selectOneByExample" parameterType="com.ekangji.policy.infrastructure.dao.dataobject.FamilyEnsuredInfoDOExample" resultMap="BaseResultMap">
    select
    'true' as QUERYID,
    <include refid="Base_Column_List" />
    from b_family_ensured_info
    <if test="_parameter != null">
      <include refid="Example_Where_Clause" />
    </if>
    <if test="orderByClause != null">
      order by ${orderByClause}
    </if>
    limit 1
  </select>
</mapper>