<?xml version="1.0" encoding="UTF-8"?>
<!DOCTYPE mapper PUBLIC "-//mybatis.org//DTD Mapper 3.0//EN" "http://mybatis.org/dtd/mybatis-3-mapper.dtd">
<mapper namespace="com.ekangji.policy.infrastructure.dao.policycenter.PictureMaterialMapper">
  <resultMap id="BaseResultMap" type="com.ekangji.policy.infrastructure.dao.dataobject.PictureMaterialDO">
    <id column="id" jdbcType="BIGINT" property="id" />
    <result column="material_id" jdbcType="BIGINT" property="materialId" />
    <result column="collection_number" jdbcType="VARCHAR" property="collectionNumber" />
    <result column="total_num" jdbcType="INTEGER" property="totalNum" />
    <result column="used_num" jdbcType="INTEGER" property="usedNum" />
    <result column="file_id" jdbcType="VARCHAR" property="fileId" />
    <result column="picture_name" jdbcType="VARCHAR" property="pictureName" />
    <result column="material_type" jdbcType="TINYINT" property="materialType" />
    <result column="status" jdbcType="TINYINT" property="status" />
    <result column="has_used" jdbcType="TINYINT" property="hasUsed" />
    <result column="del_flag" jdbcType="TINYINT" property="delFlag" />
    <result column="create_by" jdbcType="VARCHAR" property="createBy" />
    <result column="create_time" jdbcType="TIMESTAMP" property="createTime" />
    <result column="update_by" jdbcType="VARCHAR" property="updateBy" />
    <result column="update_time" jdbcType="TIMESTAMP" property="updateTime" />
  </resultMap>
  <sql id="Example_Where_Clause">
    <where>
      <foreach collection="oredCriteria" item="criteria" separator="or">
        <if test="criteria.valid">
          <trim prefix="(" prefixOverrides="and" suffix=")">
            <foreach collection="criteria.criteria" item="criterion">
              <choose>
                <when test="criterion.noValue">
                  and ${criterion.condition}
                </when>
                <when test="criterion.singleValue">
                  and ${criterion.condition} #{criterion.value}
                </when>
                <when test="criterion.betweenValue">
                  and ${criterion.condition} #{criterion.value} and #{criterion.secondValue}
                </when>
                <when test="criterion.listValue">
                  and ${criterion.condition}
                  <foreach close=")" collection="criterion.value" item="listItem" open="(" separator=",">
                    #{listItem}
                  </foreach>
                </when>
              </choose>
            </foreach>
          </trim>
        </if>
      </foreach>
    </where>
  </sql>
  <sql id="Update_By_Example_Where_Clause">
    <where>
      <foreach collection="example.oredCriteria" item="criteria" separator="or">
        <if test="criteria.valid">
          <trim prefix="(" prefixOverrides="and" suffix=")">
            <foreach collection="criteria.criteria" item="criterion">
              <choose>
                <when test="criterion.noValue">
                  and ${criterion.condition}
                </when>
                <when test="criterion.singleValue">
                  and ${criterion.condition} #{criterion.value}
                </when>
                <when test="criterion.betweenValue">
                  and ${criterion.condition} #{criterion.value} and #{criterion.secondValue}
                </when>
                <when test="criterion.listValue">
                  and ${criterion.condition}
                  <foreach close=")" collection="criterion.value" item="listItem" open="(" separator=",">
                    #{listItem}
                  </foreach>
                </when>
              </choose>
            </foreach>
          </trim>
        </if>
      </foreach>
    </where>
  </sql>
  <sql id="Base_Column_List">
    id, material_id, collection_number, total_num, used_num, file_id, picture_name, material_type, 
    `status`, has_used, del_flag, create_by, create_time, update_by, update_time
  </sql>
  <select id="selectByExample" parameterType="com.ekangji.policy.infrastructure.dao.dataobject.PictureMaterialDOExample" resultMap="BaseResultMap">
    select
    <if test="distinct">
      distinct
    </if>
    'true' as QUERYID,
    <include refid="Base_Column_List" />
    from b_picture_material
    <if test="_parameter != null">
      <include refid="Example_Where_Clause" />
    </if>
    <if test="orderByClause != null">
      order by ${orderByClause}
    </if>
  </select>
  <select id="selectByPrimaryKey" parameterType="java.lang.Long" resultMap="BaseResultMap">
    select 
    <include refid="Base_Column_List" />
    from b_picture_material
    where id = #{id,jdbcType=BIGINT}
  </select>
  <delete id="deleteByPrimaryKey" parameterType="java.lang.Long">
    delete from b_picture_material
    where id = #{id,jdbcType=BIGINT}
  </delete>
  <delete id="deleteByExample" parameterType="com.ekangji.policy.infrastructure.dao.dataobject.PictureMaterialDOExample">
    delete from b_picture_material
    <if test="_parameter != null">
      <include refid="Example_Where_Clause" />
    </if>
  </delete>
  <insert id="insert" parameterType="com.ekangji.policy.infrastructure.dao.dataobject.PictureMaterialDO">
    <selectKey keyProperty="id" order="AFTER" resultType="java.lang.Long">
      SELECT LAST_INSERT_ID()
    </selectKey>
    insert into b_picture_material (material_id, collection_number, total_num, 
      used_num, file_id, picture_name, 
      material_type, `status`, has_used, 
      del_flag, create_by, create_time, 
      update_by, update_time)
    values (#{materialId,jdbcType=BIGINT}, #{collectionNumber,jdbcType=VARCHAR}, #{totalNum,jdbcType=INTEGER}, 
      #{usedNum,jdbcType=INTEGER}, #{fileId,jdbcType=VARCHAR}, #{pictureName,jdbcType=VARCHAR}, 
      #{materialType,jdbcType=TINYINT}, #{status,jdbcType=TINYINT}, #{hasUsed,jdbcType=TINYINT}, 
      #{delFlag,jdbcType=TINYINT}, #{createBy,jdbcType=VARCHAR}, #{createTime,jdbcType=TIMESTAMP}, 
      #{updateBy,jdbcType=VARCHAR}, #{updateTime,jdbcType=TIMESTAMP})
  </insert>
  <insert id="insertSelective" parameterType="com.ekangji.policy.infrastructure.dao.dataobject.PictureMaterialDO">
    <selectKey keyProperty="id" order="AFTER" resultType="java.lang.Long">
      SELECT LAST_INSERT_ID()
    </selectKey>
    insert into b_picture_material
    <trim prefix="(" suffix=")" suffixOverrides=",">
      <if test="materialId != null">
        material_id,
      </if>
      <if test="collectionNumber != null">
        collection_number,
      </if>
      <if test="totalNum != null">
        total_num,
      </if>
      <if test="usedNum != null">
        used_num,
      </if>
      <if test="fileId != null">
        file_id,
      </if>
      <if test="pictureName != null">
        picture_name,
      </if>
      <if test="materialType != null">
        material_type,
      </if>
      <if test="status != null">
        `status`,
      </if>
      <if test="hasUsed != null">
        has_used,
      </if>
      <if test="delFlag != null">
        del_flag,
      </if>
      <if test="createBy != null">
        create_by,
      </if>
      <if test="createTime != null">
        create_time,
      </if>
      <if test="updateBy != null">
        update_by,
      </if>
      <if test="updateTime != null">
        update_time,
      </if>
    </trim>
    <trim prefix="values (" suffix=")" suffixOverrides=",">
      <if test="materialId != null">
        #{materialId,jdbcType=BIGINT},
      </if>
      <if test="collectionNumber != null">
        #{collectionNumber,jdbcType=VARCHAR},
      </if>
      <if test="totalNum != null">
        #{totalNum,jdbcType=INTEGER},
      </if>
      <if test="usedNum != null">
        #{usedNum,jdbcType=INTEGER},
      </if>
      <if test="fileId != null">
        #{fileId,jdbcType=VARCHAR},
      </if>
      <if test="pictureName != null">
        #{pictureName,jdbcType=VARCHAR},
      </if>
      <if test="materialType != null">
        #{materialType,jdbcType=TINYINT},
      </if>
      <if test="status != null">
        #{status,jdbcType=TINYINT},
      </if>
      <if test="hasUsed != null">
        #{hasUsed,jdbcType=TINYINT},
      </if>
      <if test="delFlag != null">
        #{delFlag,jdbcType=TINYINT},
      </if>
      <if test="createBy != null">
        #{createBy,jdbcType=VARCHAR},
      </if>
      <if test="createTime != null">
        #{createTime,jdbcType=TIMESTAMP},
      </if>
      <if test="updateBy != null">
        #{updateBy,jdbcType=VARCHAR},
      </if>
      <if test="updateTime != null">
        #{updateTime,jdbcType=TIMESTAMP},
      </if>
    </trim>
  </insert>
  <select id="countByExample" parameterType="com.ekangji.policy.infrastructure.dao.dataobject.PictureMaterialDOExample" resultType="java.lang.Long">
    select count(*) from b_picture_material
    <if test="_parameter != null">
      <include refid="Example_Where_Clause" />
    </if>
  </select>
  <update id="updateByExampleSelective" parameterType="map">
    update b_picture_material
    <set>
      <if test="record.id != null">
        id = #{record.id,jdbcType=BIGINT},
      </if>
      <if test="record.materialId != null">
        material_id = #{record.materialId,jdbcType=BIGINT},
      </if>
      <if test="record.collectionNumber != null">
        collection_number = #{record.collectionNumber,jdbcType=VARCHAR},
      </if>
      <if test="record.totalNum != null">
        total_num = #{record.totalNum,jdbcType=INTEGER},
      </if>
      <if test="record.usedNum != null">
        used_num = #{record.usedNum,jdbcType=INTEGER},
      </if>
      <if test="record.fileId != null">
        file_id = #{record.fileId,jdbcType=VARCHAR},
      </if>
      <if test="record.pictureName != null">
        picture_name = #{record.pictureName,jdbcType=VARCHAR},
      </if>
      <if test="record.materialType != null">
        material_type = #{record.materialType,jdbcType=TINYINT},
      </if>
      <if test="record.status != null">
        `status` = #{record.status,jdbcType=TINYINT},
      </if>
      <if test="record.hasUsed != null">
        has_used = #{record.hasUsed,jdbcType=TINYINT},
      </if>
      <if test="record.delFlag != null">
        del_flag = #{record.delFlag,jdbcType=TINYINT},
      </if>
      <if test="record.createBy != null">
        create_by = #{record.createBy,jdbcType=VARCHAR},
      </if>
      <if test="record.createTime != null">
        create_time = #{record.createTime,jdbcType=TIMESTAMP},
      </if>
      <if test="record.updateBy != null">
        update_by = #{record.updateBy,jdbcType=VARCHAR},
      </if>
      <if test="record.updateTime != null">
        update_time = #{record.updateTime,jdbcType=TIMESTAMP},
      </if>
    </set>
    <if test="_parameter != null">
      <include refid="Update_By_Example_Where_Clause" />
    </if>
  </update>
  <update id="updateByExample" parameterType="map">
    update b_picture_material
    set id = #{record.id,jdbcType=BIGINT},
      material_id = #{record.materialId,jdbcType=BIGINT},
      collection_number = #{record.collectionNumber,jdbcType=VARCHAR},
      total_num = #{record.totalNum,jdbcType=INTEGER},
      used_num = #{record.usedNum,jdbcType=INTEGER},
      file_id = #{record.fileId,jdbcType=VARCHAR},
      picture_name = #{record.pictureName,jdbcType=VARCHAR},
      material_type = #{record.materialType,jdbcType=TINYINT},
      `status` = #{record.status,jdbcType=TINYINT},
      has_used = #{record.hasUsed,jdbcType=TINYINT},
      del_flag = #{record.delFlag,jdbcType=TINYINT},
      create_by = #{record.createBy,jdbcType=VARCHAR},
      create_time = #{record.createTime,jdbcType=TIMESTAMP},
      update_by = #{record.updateBy,jdbcType=VARCHAR},
      update_time = #{record.updateTime,jdbcType=TIMESTAMP}
    <if test="_parameter != null">
      <include refid="Update_By_Example_Where_Clause" />
    </if>
  </update>
  <update id="updateByPrimaryKeySelective" parameterType="com.ekangji.policy.infrastructure.dao.dataobject.PictureMaterialDO">
    update b_picture_material
    <set>
      <if test="materialId != null">
        material_id = #{materialId,jdbcType=BIGINT},
      </if>
      <if test="collectionNumber != null">
        collection_number = #{collectionNumber,jdbcType=VARCHAR},
      </if>
      <if test="totalNum != null">
        total_num = #{totalNum,jdbcType=INTEGER},
      </if>
      <if test="usedNum != null">
        used_num = #{usedNum,jdbcType=INTEGER},
      </if>
      <if test="fileId != null">
        file_id = #{fileId,jdbcType=VARCHAR},
      </if>
      <if test="pictureName != null">
        picture_name = #{pictureName,jdbcType=VARCHAR},
      </if>
      <if test="materialType != null">
        material_type = #{materialType,jdbcType=TINYINT},
      </if>
      <if test="status != null">
        `status` = #{status,jdbcType=TINYINT},
      </if>
      <if test="hasUsed != null">
        has_used = #{hasUsed,jdbcType=TINYINT},
      </if>
      <if test="delFlag != null">
        del_flag = #{delFlag,jdbcType=TINYINT},
      </if>
      <if test="createBy != null">
        create_by = #{createBy,jdbcType=VARCHAR},
      </if>
      <if test="createTime != null">
        create_time = #{createTime,jdbcType=TIMESTAMP},
      </if>
      <if test="updateBy != null">
        update_by = #{updateBy,jdbcType=VARCHAR},
      </if>
      <if test="updateTime != null">
        update_time = #{updateTime,jdbcType=TIMESTAMP},
      </if>
    </set>
    where id = #{id,jdbcType=BIGINT}
  </update>
  <update id="updateByPrimaryKey" parameterType="com.ekangji.policy.infrastructure.dao.dataobject.PictureMaterialDO">
    update b_picture_material
    set material_id = #{materialId,jdbcType=BIGINT},
      collection_number = #{collectionNumber,jdbcType=VARCHAR},
      total_num = #{totalNum,jdbcType=INTEGER},
      used_num = #{usedNum,jdbcType=INTEGER},
      file_id = #{fileId,jdbcType=VARCHAR},
      picture_name = #{pictureName,jdbcType=VARCHAR},
      material_type = #{materialType,jdbcType=TINYINT},
      `status` = #{status,jdbcType=TINYINT},
      has_used = #{hasUsed,jdbcType=TINYINT},
      del_flag = #{delFlag,jdbcType=TINYINT},
      create_by = #{createBy,jdbcType=VARCHAR},
      create_time = #{createTime,jdbcType=TIMESTAMP},
      update_by = #{updateBy,jdbcType=VARCHAR},
      update_time = #{updateTime,jdbcType=TIMESTAMP}
    where id = #{id,jdbcType=BIGINT}
  </update>
  <select id="selectByExampleWithRowbounds" parameterType="com.ekangji.policy.infrastructure.dao.dataobject.PictureMaterialDOExample" resultMap="BaseResultMap">
    select
    <if test="distinct">
      distinct
    </if>
    'true' as QUERYID,
    <include refid="Base_Column_List" />
    from b_picture_material
    <if test="_parameter != null">
      <include refid="Example_Where_Clause" />
    </if>
    <if test="orderByClause != null">
      order by ${orderByClause}
    </if>
  </select>
  <insert id="batchInsert" keyColumn="id" keyProperty="id" parameterType="map" useGeneratedKeys="true">
    insert into b_picture_material (material_id, collection_number, total_num, used_num, file_id, picture_name, material_type, `status`, has_used, del_flag, create_by, create_time, update_by, update_time)
    values
    <foreach collection="list" item="item" separator=",">
       (#{item.materialId,jdbcType=BIGINT}, #{item.collectionNumber,jdbcType=VARCHAR}, #{item.totalNum,jdbcType=INTEGER}, #{item.usedNum,jdbcType=INTEGER}, #{item.fileId,jdbcType=VARCHAR}, #{item.pictureName,jdbcType=VARCHAR}, #{item.materialType,jdbcType=TINYINT}, #{item.status,jdbcType=TINYINT}, #{item.hasUsed,jdbcType=TINYINT}, #{item.delFlag,jdbcType=TINYINT}, #{item.createBy,jdbcType=VARCHAR}, #{item.createTime,jdbcType=TIMESTAMP}, #{item.updateBy,jdbcType=VARCHAR}, #{item.updateTime,jdbcType=TIMESTAMP})
    </foreach>
  </insert>
  <delete id="batchDelete" parameterType="java.lang.Long">
    delete from b_picture_material where id in (
    <foreach collection="ids" index="index" item="item" separator=",">
      #{item}
    </foreach>
    )
  </delete>
  <update id="batchUpdate" parameterType="java.util.List">
    update b_picture_material 
    <trim prefix="set" suffixOverrides=",">
      <trim prefix="material_id =case id" suffix="end,">
        <foreach collection="recordList" index="index" item="item">
          <if test="item.materialId !=null ">
            when #{item.id,jdbcType=BIGINT} then #{item.materialId,jdbcType=BIGINT}
          </if>
          <if test="item.materialId ==null ">
            when #{item.id,jdbcType=BIGINT} then b_picture_material.material_id
          </if>
        </foreach>
      </trim>
      <trim prefix="collection_number =case id" suffix="end,">
        <foreach collection="recordList" index="index" item="item">
          <if test="item.collectionNumber !=null ">
            when #{item.id,jdbcType=BIGINT} then #{item.collectionNumber,jdbcType=VARCHAR}
          </if>
          <if test="item.collectionNumber ==null ">
            when #{item.id,jdbcType=BIGINT} then b_picture_material.collection_number
          </if>
        </foreach>
      </trim>
      <trim prefix="total_num =case id" suffix="end,">
        <foreach collection="recordList" index="index" item="item">
          <if test="item.totalNum !=null ">
            when #{item.id,jdbcType=BIGINT} then #{item.totalNum,jdbcType=INTEGER}
          </if>
          <if test="item.totalNum ==null ">
            when #{item.id,jdbcType=BIGINT} then b_picture_material.total_num
          </if>
        </foreach>
      </trim>
      <trim prefix="used_num =case id" suffix="end,">
        <foreach collection="recordList" index="index" item="item">
          <if test="item.usedNum !=null ">
            when #{item.id,jdbcType=BIGINT} then #{item.usedNum,jdbcType=INTEGER}
          </if>
          <if test="item.usedNum ==null ">
            when #{item.id,jdbcType=BIGINT} then b_picture_material.used_num
          </if>
        </foreach>
      </trim>
      <trim prefix="file_id =case id" suffix="end,">
        <foreach collection="recordList" index="index" item="item">
          <if test="item.fileId !=null ">
            when #{item.id,jdbcType=BIGINT} then #{item.fileId,jdbcType=VARCHAR}
          </if>
          <if test="item.fileId ==null ">
            when #{item.id,jdbcType=BIGINT} then b_picture_material.file_id
          </if>
        </foreach>
      </trim>
      <trim prefix="picture_name =case id" suffix="end,">
        <foreach collection="recordList" index="index" item="item">
          <if test="item.pictureName !=null ">
            when #{item.id,jdbcType=BIGINT} then #{item.pictureName,jdbcType=VARCHAR}
          </if>
          <if test="item.pictureName ==null ">
            when #{item.id,jdbcType=BIGINT} then b_picture_material.picture_name
          </if>
        </foreach>
      </trim>
      <trim prefix="material_type =case id" suffix="end,">
        <foreach collection="recordList" index="index" item="item">
          <if test="item.materialType !=null ">
            when #{item.id,jdbcType=BIGINT} then #{item.materialType,jdbcType=TINYINT}
          </if>
          <if test="item.materialType ==null ">
            when #{item.id,jdbcType=BIGINT} then b_picture_material.material_type
          </if>
        </foreach>
      </trim>
      <trim prefix="status =case id" suffix="end,">
        <foreach collection="recordList" index="index" item="item">
          <if test="item.status !=null ">
            when #{item.id,jdbcType=BIGINT} then #{item.status,jdbcType=TINYINT}
          </if>
          <if test="item.status ==null ">
            when #{item.id,jdbcType=BIGINT} then b_picture_material.status
          </if>
        </foreach>
      </trim>
      <trim prefix="has_used =case id" suffix="end,">
        <foreach collection="recordList" index="index" item="item">
          <if test="item.hasUsed !=null ">
            when #{item.id,jdbcType=BIGINT} then #{item.hasUsed,jdbcType=TINYINT}
          </if>
          <if test="item.hasUsed ==null ">
            when #{item.id,jdbcType=BIGINT} then b_picture_material.has_used
          </if>
        </foreach>
      </trim>
      <trim prefix="del_flag =case id" suffix="end,">
        <foreach collection="recordList" index="index" item="item">
          <if test="item.delFlag !=null ">
            when #{item.id,jdbcType=BIGINT} then #{item.delFlag,jdbcType=TINYINT}
          </if>
          <if test="item.delFlag ==null ">
            when #{item.id,jdbcType=BIGINT} then b_picture_material.del_flag
          </if>
        </foreach>
      </trim>
      <trim prefix="create_by =case id" suffix="end,">
        <foreach collection="recordList" index="index" item="item">
          <if test="item.createBy !=null ">
            when #{item.id,jdbcType=BIGINT} then #{item.createBy,jdbcType=VARCHAR}
          </if>
          <if test="item.createBy ==null ">
            when #{item.id,jdbcType=BIGINT} then b_picture_material.create_by
          </if>
        </foreach>
      </trim>
      <trim prefix="create_time =case id" suffix="end,">
        <foreach collection="recordList" index="index" item="item">
          <if test="item.createTime !=null ">
            when #{item.id,jdbcType=BIGINT} then #{item.createTime,jdbcType=TIMESTAMP}
          </if>
          <if test="item.createTime ==null ">
            when #{item.id,jdbcType=BIGINT} then b_picture_material.create_time
          </if>
        </foreach>
      </trim>
      <trim prefix="update_by =case id" suffix="end,">
        <foreach collection="recordList" index="index" item="item">
          <if test="item.updateBy !=null ">
            when #{item.id,jdbcType=BIGINT} then #{item.updateBy,jdbcType=VARCHAR}
          </if>
          <if test="item.updateBy ==null ">
            when #{item.id,jdbcType=BIGINT} then b_picture_material.update_by
          </if>
        </foreach>
      </trim>
      <trim prefix="update_time =case id" suffix="end,">
        <foreach collection="recordList" index="index" item="item">
          <if test="item.updateTime !=null ">
            when #{item.id,jdbcType=BIGINT} then #{item.updateTime,jdbcType=TIMESTAMP}
          </if>
          <if test="item.updateTime ==null ">
            when #{item.id,jdbcType=BIGINT} then b_picture_material.update_time
          </if>
        </foreach>
      </trim>
    </trim>
    where id in(
    <foreach collection="recordList" index="index" item="item" separator=",">
      #{item.id,jdbcType=BIGINT}
    </foreach>
    )
  </update>
  <select id="selectOneByExample" parameterType="com.ekangji.policy.infrastructure.dao.dataobject.PictureMaterialDOExample" resultMap="BaseResultMap">
    select
    'true' as QUERYID,
    <include refid="Base_Column_List" />
    from b_picture_material
    <if test="_parameter != null">
      <include refid="Example_Where_Clause" />
    </if>
    <if test="orderByClause != null">
      order by ${orderByClause}
    </if>
    limit 1
  </select>
</mapper>