<?xml version="1.0" encoding="UTF-8"?>
<!DOCTYPE mapper PUBLIC "-//mybatis.org//DTD Mapper 3.0//EN" "http://mybatis.org/dtd/mybatis-3-mapper.dtd">
<mapper namespace="com.ekangji.policy.infrastructure.dao.policycenter.PolicyPayDetailBOMapper">
  <resultMap id="BaseResultMap" type="com.ekangji.policy.infrastructure.dao.dataobject.PolicyPayDetailBO">
    <id column="id" jdbcType="BIGINT" property="id" />
    <result column="pay_label_id" jdbcType="BIGINT" property="payLabelId" />
    <result column="policy_id" jdbcType="BIGINT" property="policyId" />
    <result column="additional_id" jdbcType="BIGINT" property="additionalId" />
    <result column="pay_label" jdbcType="VARCHAR" property="payLabel" />
    <result column="single_premium" jdbcType="DECIMAL" property="singlePremium" />
    <result column="pay_date" jdbcType="DATE" property="payDate" />
    <result column="status" jdbcType="TINYINT" property="status" />
    <result column="del_flag" jdbcType="TINYINT" property="delFlag" />
    <result column="create_by" jdbcType="VARCHAR" property="createBy" />
    <result column="create_time" jdbcType="TIMESTAMP" property="createTime" />
    <result column="update_by" jdbcType="VARCHAR" property="updateBy" />
    <result column="update_time" jdbcType="TIMESTAMP" property="updateTime" />
    <result column="premium" jdbcType="DECIMAL" property="premium" />
  </resultMap>
  <sql id="Base_Column_List">
    id, pay_label_id, policy_id, additional_id, pay_label, single_premium, pay_date, 
    `status`, del_flag, create_by, create_time, update_by, update_time
  </sql>

  <insert id="batchSave" parameterType="List">
    insert into b_policy_pay_detail (pay_label_id,policy_id, additional_id, pay_label, single_premium, pay_date,status)
    values
    <foreach collection="list" item="item" separator=",">
      (#{item.payLabelId}, #{item.policyId},
      #{item.additionalId}, #{item.payLabel},
      #{item.singlePremium}, #{item.payDate}, #{item.status})
    </foreach>
  </insert>

  <!--
  <select id="sumCurrentYearPremiumByPolicy" parameterType="com.ekangji.policy.infrastructure.dao.dataobject.PolicyPayDetailBO">
    SELECT SUM(single_premium) premium FROM `b_policy_pay_detail`
    WHERE policy_id = #{policyId} AND pay_label = #{payLabel}
  </select>
  -->

  <select id="countCurrentYearPremiumByPolicy" parameterType="com.ekangji.policy.infrastructure.dao.dataobject.PolicyPayDetailBO" resultMap="BaseResultMap">
    SELECT ifnull(SUM(single_premium),0) premium
    FROM `b_policy_pay_detail`
    WHERE 1=1
    <if test="policyIdList.size()>0">
      AND policy_id in
      <foreach collection="policyIdList" index="index" item="item" separator="," open="(" close=")">
        #{item}
      </foreach>
    </if>
      AND pay_label like #{payLabel}
  </select>

  <select id="countTotalPremiumByPolicy" parameterType="com.ekangji.policy.infrastructure.dao.dataobject.PolicyPayDetailBO" resultMap="BaseResultMap">
    SELECT SUM(single_premium) premium FROM b_policy_pay_detail
    WHERE policy_id = #{policyId}
    <if test="payDate !=null ">
        and pay_date = #{payDate}
    </if>
  </select>


</mapper>