<?xml version="1.0" encoding="UTF-8"?>
<!DOCTYPE mapper PUBLIC "-//mybatis.org//DTD Mapper 3.0//EN" "http://mybatis.org/dtd/mybatis-3-mapper.dtd">
<mapper namespace="com.ekangji.policy.infrastructure.dao.policycenter.PolicyBackupMessageBOMapper">
  <resultMap id="BaseResultMap" type="com.ekangji.policy.infrastructure.dao.dataobject.PolicyBackupMessageBO">
    <id column="id" jdbcType="BIGINT" property="id" />
    <result column="message_id" jdbcType="BIGINT" property="messageId" />
    <result column="policy_id" jdbcType="BIGINT" property="policyId" />
    <result column="launch_user_id" jdbcType="VARCHAR" property="launchUserId" />
    <result column="receive_user_id" jdbcType="VARCHAR" property="receiveUserId" />
    <result column="launch_time" jdbcType="TIMESTAMP" property="launchTime" />
    <result column="handle_time" jdbcType="TIMESTAMP" property="handleTime" />
    <result column="status" jdbcType="TINYINT" property="status" />
    <result column="del_flag" jdbcType="TINYINT" property="delFlag" />
    <result column="create_by" jdbcType="VARCHAR" property="createBy" />
    <result column="create_time" jdbcType="TIMESTAMP" property="createTime" />
    <result column="update_by" jdbcType="VARCHAR" property="updateBy" />
    <result column="update_time" jdbcType="TIMESTAMP" property="updateTime" />
    <result column="receive_user_phone" jdbcType="VARCHAR" property="receiveUserPhone" />
  </resultMap>

  <sql id="Base_Column_List">
    id, message_id, policy_id, launch_user_id, receive_user_id, launch_time, handle_time, 
    `status`, del_flag, create_by, create_time, update_by, update_time,receive_user_phone
  </sql>

  <select id="countToReceivePolicy"  parameterType="com.ekangji.policy.infrastructure.dao.dataobject.PolicyBackupMessageDO" resultMap="BaseResultMap">
    SELECT COUNT(policy_id) policyNum,MAX(launch_time) lt,launch_user_id
    FROM b_policy_backup_message
    WHERE receive_user_phone = #{receiveUserPhone} AND `status` = #{status}
    GROUP BY launch_user_id ORDER BY lt DESC
    -- LIMIT 1
  </select>

  <select id="selectToReceivePolicy"  parameterType="com.ekangji.policy.infrastructure.dao.dataobject.PolicyBackupMessageDO" resultMap="BaseResultMap">
    SELECT policy_id FROM b_policy_backup_message
    WHERE receive_user_phone = #{receiveUserPhone}
      AND launch_user_id = #{launchUserId}
      AND `status` =#{status}
  </select>

  <insert id="batchSave" parameterType="List">
    INSERT INTO b_policy_backup_message(message_id,policy_id,launch_user_id,receive_user_phone,launch_time)
    VALUES
    <foreach collection="list" item="item" separator=",">
      (#{item.messageId}, #{item.policyId},
      #{item.launchUserId}, #{item.receiveUserPhone},
      #{item.launchTime})
    </foreach>
  </insert>

</mapper>