<?xml version="1.0" encoding="UTF-8"?>
<!DOCTYPE mapper PUBLIC "-//mybatis.org//DTD Mapper 3.0//EN" "http://mybatis.org/dtd/mybatis-3-mapper.dtd">
<mapper namespace="com.ekangji.policy.infrastructure.dao.policycenter.PolicyBeneficiaryMapper">
  <resultMap id="BaseResultMap" type="com.ekangji.policy.infrastructure.dao.dataobject.PolicyBeneficiaryDO">
    <id column="id" jdbcType="BIGINT" property="id" />
    <result column="policy_id" jdbcType="BIGINT" property="policyId" />
    <result column="member_id" jdbcType="BIGINT" property="memberId" />
    <result column="benefit_ratio" jdbcType="DECIMAL" property="benefitRatio" />
    <result column="status" jdbcType="TINYINT" property="status" />
    <result column="del_flag" jdbcType="TINYINT" property="delFlag" />
    <result column="create_by" jdbcType="VARCHAR" property="createBy" />
    <result column="create_time" jdbcType="TIMESTAMP" property="createTime" />
    <result column="update_by" jdbcType="VARCHAR" property="updateBy" />
    <result column="update_time" jdbcType="TIMESTAMP" property="updateTime" />
  </resultMap>
  <sql id="Example_Where_Clause">
    <where>
      <foreach collection="oredCriteria" item="criteria" separator="or">
        <if test="criteria.valid">
          <trim prefix="(" prefixOverrides="and" suffix=")">
            <foreach collection="criteria.criteria" item="criterion">
              <choose>
                <when test="criterion.noValue">
                  and ${criterion.condition}
                </when>
                <when test="criterion.singleValue">
                  and ${criterion.condition} #{criterion.value}
                </when>
                <when test="criterion.betweenValue">
                  and ${criterion.condition} #{criterion.value} and #{criterion.secondValue}
                </when>
                <when test="criterion.listValue">
                  and ${criterion.condition}
                  <foreach close=")" collection="criterion.value" item="listItem" open="(" separator=",">
                    #{listItem}
                  </foreach>
                </when>
              </choose>
            </foreach>
          </trim>
        </if>
      </foreach>
    </where>
  </sql>
  <sql id="Update_By_Example_Where_Clause">
    <where>
      <foreach collection="example.oredCriteria" item="criteria" separator="or">
        <if test="criteria.valid">
          <trim prefix="(" prefixOverrides="and" suffix=")">
            <foreach collection="criteria.criteria" item="criterion">
              <choose>
                <when test="criterion.noValue">
                  and ${criterion.condition}
                </when>
                <when test="criterion.singleValue">
                  and ${criterion.condition} #{criterion.value}
                </when>
                <when test="criterion.betweenValue">
                  and ${criterion.condition} #{criterion.value} and #{criterion.secondValue}
                </when>
                <when test="criterion.listValue">
                  and ${criterion.condition}
                  <foreach close=")" collection="criterion.value" item="listItem" open="(" separator=",">
                    #{listItem}
                  </foreach>
                </when>
              </choose>
            </foreach>
          </trim>
        </if>
      </foreach>
    </where>
  </sql>
  <sql id="Base_Column_List">
    id, policy_id, member_id, benefit_ratio, `status`, del_flag, create_by, create_time, 
    update_by, update_time
  </sql>
  <select id="selectByExample" parameterType="com.ekangji.policy.infrastructure.dao.dataobject.PolicyBeneficiaryDOExample" resultMap="BaseResultMap">
    select
    <if test="distinct">
      distinct
    </if>
    'true' as QUERYID,
    <include refid="Base_Column_List" />
    from b_policy_beneficiary
    <if test="_parameter != null">
      <include refid="Example_Where_Clause" />
    </if>
    <if test="orderByClause != null">
      order by ${orderByClause}
    </if>
  </select>
  <select id="selectByPrimaryKey" parameterType="java.lang.Long" resultMap="BaseResultMap">
    select 
    <include refid="Base_Column_List" />
    from b_policy_beneficiary
    where id = #{id,jdbcType=BIGINT}
  </select>
  <delete id="deleteByPrimaryKey" parameterType="java.lang.Long">
    delete from b_policy_beneficiary
    where id = #{id,jdbcType=BIGINT}
  </delete>
  <delete id="deleteByExample" parameterType="com.ekangji.policy.infrastructure.dao.dataobject.PolicyBeneficiaryDOExample">
    delete from b_policy_beneficiary
    <if test="_parameter != null">
      <include refid="Example_Where_Clause" />
    </if>
  </delete>
  <insert id="insert" parameterType="com.ekangji.policy.infrastructure.dao.dataobject.PolicyBeneficiaryDO">
    <selectKey keyProperty="id" order="AFTER" resultType="java.lang.Long">
      SELECT LAST_INSERT_ID()
    </selectKey>
    insert into b_policy_beneficiary (policy_id, member_id, benefit_ratio, 
      `status`, del_flag, create_by, 
      create_time, update_by, update_time
      )
    values (#{policyId,jdbcType=BIGINT}, #{memberId,jdbcType=BIGINT}, #{benefitRatio,jdbcType=DECIMAL}, 
      #{status,jdbcType=TINYINT}, #{delFlag,jdbcType=TINYINT}, #{createBy,jdbcType=VARCHAR}, 
      #{createTime,jdbcType=TIMESTAMP}, #{updateBy,jdbcType=VARCHAR}, #{updateTime,jdbcType=TIMESTAMP}
      )
  </insert>
  <insert id="insertSelective" parameterType="com.ekangji.policy.infrastructure.dao.dataobject.PolicyBeneficiaryDO">
    <selectKey keyProperty="id" order="AFTER" resultType="java.lang.Long">
      SELECT LAST_INSERT_ID()
    </selectKey>
    insert into b_policy_beneficiary
    <trim prefix="(" suffix=")" suffixOverrides=",">
      <if test="policyId != null">
        policy_id,
      </if>
      <if test="memberId != null">
        member_id,
      </if>
      <if test="benefitRatio != null">
        benefit_ratio,
      </if>
      <if test="status != null">
        `status`,
      </if>
      <if test="delFlag != null">
        del_flag,
      </if>
      <if test="createBy != null">
        create_by,
      </if>
      <if test="createTime != null">
        create_time,
      </if>
      <if test="updateBy != null">
        update_by,
      </if>
      <if test="updateTime != null">
        update_time,
      </if>
    </trim>
    <trim prefix="values (" suffix=")" suffixOverrides=",">
      <if test="policyId != null">
        #{policyId,jdbcType=BIGINT},
      </if>
      <if test="memberId != null">
        #{memberId,jdbcType=BIGINT},
      </if>
      <if test="benefitRatio != null">
        #{benefitRatio,jdbcType=DECIMAL},
      </if>
      <if test="status != null">
        #{status,jdbcType=TINYINT},
      </if>
      <if test="delFlag != null">
        #{delFlag,jdbcType=TINYINT},
      </if>
      <if test="createBy != null">
        #{createBy,jdbcType=VARCHAR},
      </if>
      <if test="createTime != null">
        #{createTime,jdbcType=TIMESTAMP},
      </if>
      <if test="updateBy != null">
        #{updateBy,jdbcType=VARCHAR},
      </if>
      <if test="updateTime != null">
        #{updateTime,jdbcType=TIMESTAMP},
      </if>
    </trim>
  </insert>
  <select id="countByExample" parameterType="com.ekangji.policy.infrastructure.dao.dataobject.PolicyBeneficiaryDOExample" resultType="java.lang.Long">
    select count(*) from b_policy_beneficiary
    <if test="_parameter != null">
      <include refid="Example_Where_Clause" />
    </if>
  </select>
  <update id="updateByExampleSelective" parameterType="map">
    update b_policy_beneficiary
    <set>
      <if test="record.id != null">
        id = #{record.id,jdbcType=BIGINT},
      </if>
      <if test="record.policyId != null">
        policy_id = #{record.policyId,jdbcType=BIGINT},
      </if>
      <if test="record.memberId != null">
        member_id = #{record.memberId,jdbcType=BIGINT},
      </if>
      <if test="record.benefitRatio != null">
        benefit_ratio = #{record.benefitRatio,jdbcType=DECIMAL},
      </if>
      <if test="record.status != null">
        `status` = #{record.status,jdbcType=TINYINT},
      </if>
      <if test="record.delFlag != null">
        del_flag = #{record.delFlag,jdbcType=TINYINT},
      </if>
      <if test="record.createBy != null">
        create_by = #{record.createBy,jdbcType=VARCHAR},
      </if>
      <if test="record.createTime != null">
        create_time = #{record.createTime,jdbcType=TIMESTAMP},
      </if>
      <if test="record.updateBy != null">
        update_by = #{record.updateBy,jdbcType=VARCHAR},
      </if>
      <if test="record.updateTime != null">
        update_time = #{record.updateTime,jdbcType=TIMESTAMP},
      </if>
    </set>
    <if test="_parameter != null">
      <include refid="Update_By_Example_Where_Clause" />
    </if>
  </update>
  <update id="updateByExample" parameterType="map">
    update b_policy_beneficiary
    set id = #{record.id,jdbcType=BIGINT},
      policy_id = #{record.policyId,jdbcType=BIGINT},
      member_id = #{record.memberId,jdbcType=BIGINT},
      benefit_ratio = #{record.benefitRatio,jdbcType=DECIMAL},
      `status` = #{record.status,jdbcType=TINYINT},
      del_flag = #{record.delFlag,jdbcType=TINYINT},
      create_by = #{record.createBy,jdbcType=VARCHAR},
      create_time = #{record.createTime,jdbcType=TIMESTAMP},
      update_by = #{record.updateBy,jdbcType=VARCHAR},
      update_time = #{record.updateTime,jdbcType=TIMESTAMP}
    <if test="_parameter != null">
      <include refid="Update_By_Example_Where_Clause" />
    </if>
  </update>
  <update id="updateByPrimaryKeySelective" parameterType="com.ekangji.policy.infrastructure.dao.dataobject.PolicyBeneficiaryDO">
    update b_policy_beneficiary
    <set>
      <if test="policyId != null">
        policy_id = #{policyId,jdbcType=BIGINT},
      </if>
      <if test="memberId != null">
        member_id = #{memberId,jdbcType=BIGINT},
      </if>
      <if test="benefitRatio != null">
        benefit_ratio = #{benefitRatio,jdbcType=DECIMAL},
      </if>
      <if test="status != null">
        `status` = #{status,jdbcType=TINYINT},
      </if>
      <if test="delFlag != null">
        del_flag = #{delFlag,jdbcType=TINYINT},
      </if>
      <if test="createBy != null">
        create_by = #{createBy,jdbcType=VARCHAR},
      </if>
      <if test="createTime != null">
        create_time = #{createTime,jdbcType=TIMESTAMP},
      </if>
      <if test="updateBy != null">
        update_by = #{updateBy,jdbcType=VARCHAR},
      </if>
      <if test="updateTime != null">
        update_time = #{updateTime,jdbcType=TIMESTAMP},
      </if>
    </set>
    where id = #{id,jdbcType=BIGINT}
  </update>
  <update id="updateByPrimaryKey" parameterType="com.ekangji.policy.infrastructure.dao.dataobject.PolicyBeneficiaryDO">
    update b_policy_beneficiary
    set policy_id = #{policyId,jdbcType=BIGINT},
      member_id = #{memberId,jdbcType=BIGINT},
      benefit_ratio = #{benefitRatio,jdbcType=DECIMAL},
      `status` = #{status,jdbcType=TINYINT},
      del_flag = #{delFlag,jdbcType=TINYINT},
      create_by = #{createBy,jdbcType=VARCHAR},
      create_time = #{createTime,jdbcType=TIMESTAMP},
      update_by = #{updateBy,jdbcType=VARCHAR},
      update_time = #{updateTime,jdbcType=TIMESTAMP}
    where id = #{id,jdbcType=BIGINT}
  </update>
  <select id="selectByExampleWithRowbounds" parameterType="com.ekangji.policy.infrastructure.dao.dataobject.PolicyBeneficiaryDOExample" resultMap="BaseResultMap">
    select
    <if test="distinct">
      distinct
    </if>
    'true' as QUERYID,
    <include refid="Base_Column_List" />
    from b_policy_beneficiary
    <if test="_parameter != null">
      <include refid="Example_Where_Clause" />
    </if>
    <if test="orderByClause != null">
      order by ${orderByClause}
    </if>
  </select>
  <insert id="batchInsert" keyColumn="id" keyProperty="id" parameterType="map" useGeneratedKeys="true">
    insert into b_policy_beneficiary (policy_id, member_id, benefit_ratio, `status`, del_flag, create_by, create_time, update_by, update_time)
    values
    <foreach collection="list" item="item" separator=",">
       (#{item.policyId,jdbcType=BIGINT}, #{item.memberId,jdbcType=BIGINT}, #{item.benefitRatio,jdbcType=DECIMAL}, #{item.status,jdbcType=TINYINT}, #{item.delFlag,jdbcType=TINYINT}, #{item.createBy,jdbcType=VARCHAR}, #{item.createTime,jdbcType=TIMESTAMP}, #{item.updateBy,jdbcType=VARCHAR}, #{item.updateTime,jdbcType=TIMESTAMP})
    </foreach>
  </insert>
  <delete id="batchDelete" parameterType="java.lang.Long">
    delete from b_policy_beneficiary where id in (
    <foreach collection="ids" index="index" item="item" separator=",">
      #{item}
    </foreach>
    )
  </delete>
  <update id="batchUpdate" parameterType="java.util.List">
    update b_policy_beneficiary 
    <trim prefix="set" suffixOverrides=",">
      <trim prefix="policy_id =case id" suffix="end,">
        <foreach collection="recordList" index="index" item="item">
          <if test="item.policyId !=null ">
            when #{item.id,jdbcType=BIGINT} then #{item.policyId,jdbcType=BIGINT}
          </if>
          <if test="item.policyId ==null ">
            when #{item.id,jdbcType=BIGINT} then b_policy_beneficiary.policy_id
          </if>
        </foreach>
      </trim>
      <trim prefix="member_id =case id" suffix="end,">
        <foreach collection="recordList" index="index" item="item">
          <if test="item.memberId !=null ">
            when #{item.id,jdbcType=BIGINT} then #{item.memberId,jdbcType=BIGINT}
          </if>
          <if test="item.memberId ==null ">
            when #{item.id,jdbcType=BIGINT} then b_policy_beneficiary.member_id
          </if>
        </foreach>
      </trim>
      <trim prefix="benefit_ratio =case id" suffix="end,">
        <foreach collection="recordList" index="index" item="item">
          <if test="item.benefitRatio !=null ">
            when #{item.id,jdbcType=BIGINT} then #{item.benefitRatio,jdbcType=DECIMAL}
          </if>
          <if test="item.benefitRatio ==null ">
            when #{item.id,jdbcType=BIGINT} then b_policy_beneficiary.benefit_ratio
          </if>
        </foreach>
      </trim>
      <trim prefix="status =case id" suffix="end,">
        <foreach collection="recordList" index="index" item="item">
          <if test="item.status !=null ">
            when #{item.id,jdbcType=BIGINT} then #{item.status,jdbcType=TINYINT}
          </if>
          <if test="item.status ==null ">
            when #{item.id,jdbcType=BIGINT} then b_policy_beneficiary.status
          </if>
        </foreach>
      </trim>
      <trim prefix="del_flag =case id" suffix="end,">
        <foreach collection="recordList" index="index" item="item">
          <if test="item.delFlag !=null ">
            when #{item.id,jdbcType=BIGINT} then #{item.delFlag,jdbcType=TINYINT}
          </if>
          <if test="item.delFlag ==null ">
            when #{item.id,jdbcType=BIGINT} then b_policy_beneficiary.del_flag
          </if>
        </foreach>
      </trim>
      <trim prefix="create_by =case id" suffix="end,">
        <foreach collection="recordList" index="index" item="item">
          <if test="item.createBy !=null ">
            when #{item.id,jdbcType=BIGINT} then #{item.createBy,jdbcType=VARCHAR}
          </if>
          <if test="item.createBy ==null ">
            when #{item.id,jdbcType=BIGINT} then b_policy_beneficiary.create_by
          </if>
        </foreach>
      </trim>
      <trim prefix="create_time =case id" suffix="end,">
        <foreach collection="recordList" index="index" item="item">
          <if test="item.createTime !=null ">
            when #{item.id,jdbcType=BIGINT} then #{item.createTime,jdbcType=TIMESTAMP}
          </if>
          <if test="item.createTime ==null ">
            when #{item.id,jdbcType=BIGINT} then b_policy_beneficiary.create_time
          </if>
        </foreach>
      </trim>
      <trim prefix="update_by =case id" suffix="end,">
        <foreach collection="recordList" index="index" item="item">
          <if test="item.updateBy !=null ">
            when #{item.id,jdbcType=BIGINT} then #{item.updateBy,jdbcType=VARCHAR}
          </if>
          <if test="item.updateBy ==null ">
            when #{item.id,jdbcType=BIGINT} then b_policy_beneficiary.update_by
          </if>
        </foreach>
      </trim>
      <trim prefix="update_time =case id" suffix="end,">
        <foreach collection="recordList" index="index" item="item">
          <if test="item.updateTime !=null ">
            when #{item.id,jdbcType=BIGINT} then #{item.updateTime,jdbcType=TIMESTAMP}
          </if>
          <if test="item.updateTime ==null ">
            when #{item.id,jdbcType=BIGINT} then b_policy_beneficiary.update_time
          </if>
        </foreach>
      </trim>
    </trim>
    where id in(
    <foreach collection="recordList" index="index" item="item" separator=",">
      #{item.id,jdbcType=BIGINT}
    </foreach>
    )
  </update>
  <select id="selectOneByExample" parameterType="com.ekangji.policy.infrastructure.dao.dataobject.PolicyBeneficiaryDOExample" resultMap="BaseResultMap">
    select
    'true' as QUERYID,
    <include refid="Base_Column_List" />
    from b_policy_beneficiary
    <if test="_parameter != null">
      <include refid="Example_Where_Clause" />
    </if>
    <if test="orderByClause != null">
      order by ${orderByClause}
    </if>
    limit 1
  </select>
</mapper>