<?xml version="1.0" encoding="UTF-8"?>
<!DOCTYPE mapper PUBLIC "-//mybatis.org//DTD Mapper 3.0//EN" "http://mybatis.org/dtd/mybatis-3-mapper.dtd">
<mapper namespace="com.ekangji.policy.infrastructure.dao.policycenter.PolicyInsurantBOMapper">
  <resultMap id="BaseResultMap" type="com.ekangji.policy.infrastructure.dao.dataobject.PolicyInsurantBO">
    <id column="id" jdbcType="BIGINT" property="id" />
    <result column="policy_id" jdbcType="BIGINT" property="policyId" />
    <result column="additional_id" jdbcType="BIGINT" property="additionalId" />
    <result column="insurant_id" jdbcType="BIGINT" property="insurantId" />
    <result column="insurant_birthday" jdbcType="DATE" property="insurantBirthday" />
    <result column="insurance_type" jdbcType="TINYINT" property="insuranceType" />
    <result column="status" jdbcType="TINYINT" property="status" />
    <result column="del_flag" jdbcType="TINYINT" property="delFlag" />
    <result column="create_time" jdbcType="TIMESTAMP" property="createTime" />
    <result column="create_by" jdbcType="VARCHAR" property="createBy" />
    <result column="update_time" jdbcType="TIMESTAMP" property="updateTime" />
    <result column="update_by" jdbcType="VARCHAR" property="updateBy" />
  </resultMap>
  <sql id="Base_Column_List">
    id, policy_id, additional_id, insurant_id, insurant_birthday, insurance_type, `status`,
    del_flag, create_time, create_by, update_time, update_by
  </sql>

  <insert id="batchSave" parameterType="List">
    insert into b_policy_insurant (policy_id, additional_id, insurant_id, insurant_birthday, insurance_type)
    values
    <foreach collection="list" item="item" separator=",">
      (#{item.policyId,jdbcType=BIGINT}, #{item.additionalId},
       #{item.insurantId,jdbcType=BIGINT}, #{item.insurantBirthday},
       #{item.insuranceType,jdbcType=TINYINT})
    </foreach>
  </insert>

  <select id="countByAgeBracket" resultType="Long" parameterType="map">
    select count(*)
    from (
    select policy.policy_id,
    b.birthday
    from b_policy policy
    INNER JOIN (
    select insurant.insurant_id, insurant.policy_id, family.birthday
    from b_user_family_info family
    inner join b_policy_insurant insurant
    on family.member_id = insurant.insurant_id) b
    on policy.policy_id = b.policy_id
    and policy.status=1
      <if test="begin != null and end != null">
        and b.birthday <![CDATA[ > ]]> #{begin,jdbcType=DATE}
        and b.birthday <![CDATA[ <= ]]> #{end,jdbcType=DATE}
      </if>
      <if test="begin == null and end != null">
        and b.birthday <![CDATA[ <= ]]> #{end,jdbcType=DATE}
      </if>
    ) temp
  </select>
</mapper>