<?xml version="1.0" encoding="UTF-8"?>
<!DOCTYPE mapper PUBLIC "-//mybatis.org//DTD Mapper 3.0//EN" "http://mybatis.org/dtd/mybatis-3-mapper.dtd">
<mapper namespace="com.ekangji.policy.infrastructure.dao.policycenter.PolicyInsurantMapper">
  <resultMap id="BaseResultMap" type="com.ekangji.policy.infrastructure.dao.dataobject.PolicyInsurantDO">
    <id column="id" jdbcType="BIGINT" property="id" />
    <result column="policy_id" jdbcType="BIGINT" property="policyId" />
    <result column="additional_id" jdbcType="BIGINT" property="additionalId" />
    <result column="insurant_id" jdbcType="BIGINT" property="insurantId" />
    <result column="insurant_birthday" jdbcType="DATE" property="insurantBirthday" />
    <result column="insurance_type" jdbcType="TINYINT" property="insuranceType" />
    <result column="status" jdbcType="TINYINT" property="status" />
    <result column="del_flag" jdbcType="TINYINT" property="delFlag" />
    <result column="create_time" jdbcType="TIMESTAMP" property="createTime" />
    <result column="create_by" jdbcType="VARCHAR" property="createBy" />
    <result column="update_time" jdbcType="TIMESTAMP" property="updateTime" />
    <result column="update_by" jdbcType="VARCHAR" property="updateBy" />
  </resultMap>
  <sql id="Example_Where_Clause">
    <where>
      <foreach collection="oredCriteria" item="criteria" separator="or">
        <if test="criteria.valid">
          <trim prefix="(" prefixOverrides="and" suffix=")">
            <foreach collection="criteria.criteria" item="criterion">
              <choose>
                <when test="criterion.noValue">
                  and ${criterion.condition}
                </when>
                <when test="criterion.singleValue">
                  and ${criterion.condition} #{criterion.value}
                </when>
                <when test="criterion.betweenValue">
                  and ${criterion.condition} #{criterion.value} and #{criterion.secondValue}
                </when>
                <when test="criterion.listValue">
                  and ${criterion.condition}
                  <foreach close=")" collection="criterion.value" item="listItem" open="(" separator=",">
                    #{listItem}
                  </foreach>
                </when>
              </choose>
            </foreach>
          </trim>
        </if>
      </foreach>
    </where>
  </sql>
  <sql id="Update_By_Example_Where_Clause">
    <where>
      <foreach collection="example.oredCriteria" item="criteria" separator="or">
        <if test="criteria.valid">
          <trim prefix="(" prefixOverrides="and" suffix=")">
            <foreach collection="criteria.criteria" item="criterion">
              <choose>
                <when test="criterion.noValue">
                  and ${criterion.condition}
                </when>
                <when test="criterion.singleValue">
                  and ${criterion.condition} #{criterion.value}
                </when>
                <when test="criterion.betweenValue">
                  and ${criterion.condition} #{criterion.value} and #{criterion.secondValue}
                </when>
                <when test="criterion.listValue">
                  and ${criterion.condition}
                  <foreach close=")" collection="criterion.value" item="listItem" open="(" separator=",">
                    #{listItem}
                  </foreach>
                </when>
              </choose>
            </foreach>
          </trim>
        </if>
      </foreach>
    </where>
  </sql>
  <sql id="Base_Column_List">
    id, policy_id, additional_id, insurant_id, insurant_birthday, insurance_type, `status`, 
    del_flag, create_time, create_by, update_time, update_by
  </sql>
  <select id="selectByExample" parameterType="com.ekangji.policy.infrastructure.dao.dataobject.PolicyInsurantDOExample" resultMap="BaseResultMap">
    select
    <if test="distinct">
      distinct
    </if>
    'true' as QUERYID,
    <include refid="Base_Column_List" />
    from b_policy_insurant
    <if test="_parameter != null">
      <include refid="Example_Where_Clause" />
    </if>
    <if test="orderByClause != null">
      order by ${orderByClause}
    </if>
  </select>
  <select id="selectByPrimaryKey" parameterType="java.lang.Long" resultMap="BaseResultMap">
    select 
    <include refid="Base_Column_List" />
    from b_policy_insurant
    where id = #{id,jdbcType=BIGINT}
  </select>
  <delete id="deleteByPrimaryKey" parameterType="java.lang.Long">
    delete from b_policy_insurant
    where id = #{id,jdbcType=BIGINT}
  </delete>
  <delete id="deleteByExample" parameterType="com.ekangji.policy.infrastructure.dao.dataobject.PolicyInsurantDOExample">
    delete from b_policy_insurant
    <if test="_parameter != null">
      <include refid="Example_Where_Clause" />
    </if>
  </delete>
  <insert id="insert" parameterType="com.ekangji.policy.infrastructure.dao.dataobject.PolicyInsurantDO">
    <selectKey keyProperty="id" order="AFTER" resultType="java.lang.Long">
      SELECT LAST_INSERT_ID()
    </selectKey>
    insert into b_policy_insurant (policy_id, additional_id, insurant_id, 
      insurant_birthday, insurance_type, `status`, 
      del_flag, create_time, create_by, 
      update_time, update_by)
    values (#{policyId,jdbcType=BIGINT}, #{additionalId,jdbcType=BIGINT}, #{insurantId,jdbcType=BIGINT}, 
      #{insurantBirthday,jdbcType=DATE}, #{insuranceType,jdbcType=TINYINT}, #{status,jdbcType=TINYINT}, 
      #{delFlag,jdbcType=TINYINT}, #{createTime,jdbcType=TIMESTAMP}, #{createBy,jdbcType=VARCHAR}, 
      #{updateTime,jdbcType=TIMESTAMP}, #{updateBy,jdbcType=VARCHAR})
  </insert>
  <insert id="insertSelective" parameterType="com.ekangji.policy.infrastructure.dao.dataobject.PolicyInsurantDO">
    <selectKey keyProperty="id" order="AFTER" resultType="java.lang.Long">
      SELECT LAST_INSERT_ID()
    </selectKey>
    insert into b_policy_insurant
    <trim prefix="(" suffix=")" suffixOverrides=",">
      <if test="policyId != null">
        policy_id,
      </if>
      <if test="additionalId != null">
        additional_id,
      </if>
      <if test="insurantId != null">
        insurant_id,
      </if>
      <if test="insurantBirthday != null">
        insurant_birthday,
      </if>
      <if test="insuranceType != null">
        insurance_type,
      </if>
      <if test="status != null">
        `status`,
      </if>
      <if test="delFlag != null">
        del_flag,
      </if>
      <if test="createTime != null">
        create_time,
      </if>
      <if test="createBy != null">
        create_by,
      </if>
      <if test="updateTime != null">
        update_time,
      </if>
      <if test="updateBy != null">
        update_by,
      </if>
    </trim>
    <trim prefix="values (" suffix=")" suffixOverrides=",">
      <if test="policyId != null">
        #{policyId,jdbcType=BIGINT},
      </if>
      <if test="additionalId != null">
        #{additionalId,jdbcType=BIGINT},
      </if>
      <if test="insurantId != null">
        #{insurantId,jdbcType=BIGINT},
      </if>
      <if test="insurantBirthday != null">
        #{insurantBirthday,jdbcType=DATE},
      </if>
      <if test="insuranceType != null">
        #{insuranceType,jdbcType=TINYINT},
      </if>
      <if test="status != null">
        #{status,jdbcType=TINYINT},
      </if>
      <if test="delFlag != null">
        #{delFlag,jdbcType=TINYINT},
      </if>
      <if test="createTime != null">
        #{createTime,jdbcType=TIMESTAMP},
      </if>
      <if test="createBy != null">
        #{createBy,jdbcType=VARCHAR},
      </if>
      <if test="updateTime != null">
        #{updateTime,jdbcType=TIMESTAMP},
      </if>
      <if test="updateBy != null">
        #{updateBy,jdbcType=VARCHAR},
      </if>
    </trim>
  </insert>
  <select id="countByExample" parameterType="com.ekangji.policy.infrastructure.dao.dataobject.PolicyInsurantDOExample" resultType="java.lang.Long">
    select count(*) from b_policy_insurant
    <if test="_parameter != null">
      <include refid="Example_Where_Clause" />
    </if>
  </select>
  <update id="updateByExampleSelective" parameterType="map">
    update b_policy_insurant
    <set>
      <if test="record.id != null">
        id = #{record.id,jdbcType=BIGINT},
      </if>
      <if test="record.policyId != null">
        policy_id = #{record.policyId,jdbcType=BIGINT},
      </if>
      <if test="record.additionalId != null">
        additional_id = #{record.additionalId,jdbcType=BIGINT},
      </if>
      <if test="record.insurantId != null">
        insurant_id = #{record.insurantId,jdbcType=BIGINT},
      </if>
      <if test="record.insurantBirthday != null">
        insurant_birthday = #{record.insurantBirthday,jdbcType=DATE},
      </if>
      <if test="record.insuranceType != null">
        insurance_type = #{record.insuranceType,jdbcType=TINYINT},
      </if>
      <if test="record.status != null">
        `status` = #{record.status,jdbcType=TINYINT},
      </if>
      <if test="record.delFlag != null">
        del_flag = #{record.delFlag,jdbcType=TINYINT},
      </if>
      <if test="record.createTime != null">
        create_time = #{record.createTime,jdbcType=TIMESTAMP},
      </if>
      <if test="record.createBy != null">
        create_by = #{record.createBy,jdbcType=VARCHAR},
      </if>
      <if test="record.updateTime != null">
        update_time = #{record.updateTime,jdbcType=TIMESTAMP},
      </if>
      <if test="record.updateBy != null">
        update_by = #{record.updateBy,jdbcType=VARCHAR},
      </if>
    </set>
    <if test="_parameter != null">
      <include refid="Update_By_Example_Where_Clause" />
    </if>
  </update>
  <update id="updateByExample" parameterType="map">
    update b_policy_insurant
    set id = #{record.id,jdbcType=BIGINT},
      policy_id = #{record.policyId,jdbcType=BIGINT},
      additional_id = #{record.additionalId,jdbcType=BIGINT},
      insurant_id = #{record.insurantId,jdbcType=BIGINT},
      insurant_birthday = #{record.insurantBirthday,jdbcType=DATE},
      insurance_type = #{record.insuranceType,jdbcType=TINYINT},
      `status` = #{record.status,jdbcType=TINYINT},
      del_flag = #{record.delFlag,jdbcType=TINYINT},
      create_time = #{record.createTime,jdbcType=TIMESTAMP},
      create_by = #{record.createBy,jdbcType=VARCHAR},
      update_time = #{record.updateTime,jdbcType=TIMESTAMP},
      update_by = #{record.updateBy,jdbcType=VARCHAR}
    <if test="_parameter != null">
      <include refid="Update_By_Example_Where_Clause" />
    </if>
  </update>
  <update id="updateByPrimaryKeySelective" parameterType="com.ekangji.policy.infrastructure.dao.dataobject.PolicyInsurantDO">
    update b_policy_insurant
    <set>
      <if test="policyId != null">
        policy_id = #{policyId,jdbcType=BIGINT},
      </if>
      <if test="additionalId != null">
        additional_id = #{additionalId,jdbcType=BIGINT},
      </if>
      <if test="insurantId != null">
        insurant_id = #{insurantId,jdbcType=BIGINT},
      </if>
      <if test="insurantBirthday != null">
        insurant_birthday = #{insurantBirthday,jdbcType=DATE},
      </if>
      <if test="insuranceType != null">
        insurance_type = #{insuranceType,jdbcType=TINYINT},
      </if>
      <if test="status != null">
        `status` = #{status,jdbcType=TINYINT},
      </if>
      <if test="delFlag != null">
        del_flag = #{delFlag,jdbcType=TINYINT},
      </if>
      <if test="createTime != null">
        create_time = #{createTime,jdbcType=TIMESTAMP},
      </if>
      <if test="createBy != null">
        create_by = #{createBy,jdbcType=VARCHAR},
      </if>
      <if test="updateTime != null">
        update_time = #{updateTime,jdbcType=TIMESTAMP},
      </if>
      <if test="updateBy != null">
        update_by = #{updateBy,jdbcType=VARCHAR},
      </if>
    </set>
    where id = #{id,jdbcType=BIGINT}
  </update>
  <update id="updateByPrimaryKey" parameterType="com.ekangji.policy.infrastructure.dao.dataobject.PolicyInsurantDO">
    update b_policy_insurant
    set policy_id = #{policyId,jdbcType=BIGINT},
      additional_id = #{additionalId,jdbcType=BIGINT},
      insurant_id = #{insurantId,jdbcType=BIGINT},
      insurant_birthday = #{insurantBirthday,jdbcType=DATE},
      insurance_type = #{insuranceType,jdbcType=TINYINT},
      `status` = #{status,jdbcType=TINYINT},
      del_flag = #{delFlag,jdbcType=TINYINT},
      create_time = #{createTime,jdbcType=TIMESTAMP},
      create_by = #{createBy,jdbcType=VARCHAR},
      update_time = #{updateTime,jdbcType=TIMESTAMP},
      update_by = #{updateBy,jdbcType=VARCHAR}
    where id = #{id,jdbcType=BIGINT}
  </update>
  <select id="selectByExampleWithRowbounds" parameterType="com.ekangji.policy.infrastructure.dao.dataobject.PolicyInsurantDOExample" resultMap="BaseResultMap">
    select
    <if test="distinct">
      distinct
    </if>
    'true' as QUERYID,
    <include refid="Base_Column_List" />
    from b_policy_insurant
    <if test="_parameter != null">
      <include refid="Example_Where_Clause" />
    </if>
    <if test="orderByClause != null">
      order by ${orderByClause}
    </if>
  </select>
  <insert id="batchInsert" keyColumn="id" keyProperty="id" parameterType="map" useGeneratedKeys="true">
    insert into b_policy_insurant (policy_id, additional_id, insurant_id, insurant_birthday, insurance_type, `status`, del_flag, create_time, create_by, update_time, update_by)
    values
    <foreach collection="list" item="item" separator=",">
       (#{item.policyId,jdbcType=BIGINT}, #{item.additionalId,jdbcType=BIGINT}, #{item.insurantId,jdbcType=BIGINT}, #{item.insurantBirthday,jdbcType=DATE}, #{item.insuranceType,jdbcType=TINYINT}, #{item.status,jdbcType=TINYINT}, #{item.delFlag,jdbcType=TINYINT}, #{item.createTime,jdbcType=TIMESTAMP}, #{item.createBy,jdbcType=VARCHAR}, #{item.updateTime,jdbcType=TIMESTAMP}, #{item.updateBy,jdbcType=VARCHAR})
    </foreach>
  </insert>
  <delete id="batchDelete" parameterType="java.lang.Long">
    delete from b_policy_insurant where id in (
    <foreach collection="ids" index="index" item="item" separator=",">
      #{item}
    </foreach>
    )
  </delete>
  <update id="batchUpdate" parameterType="java.util.List">
    update b_policy_insurant 
    <trim prefix="set" suffixOverrides=",">
      <trim prefix="policy_id =case id" suffix="end,">
        <foreach collection="recordList" index="index" item="item">
          <if test="item.policyId !=null ">
            when #{item.id,jdbcType=BIGINT} then #{item.policyId,jdbcType=BIGINT}
          </if>
          <if test="item.policyId ==null ">
            when #{item.id,jdbcType=BIGINT} then b_policy_insurant.policy_id
          </if>
        </foreach>
      </trim>
      <trim prefix="additional_id =case id" suffix="end,">
        <foreach collection="recordList" index="index" item="item">
          <if test="item.additionalId !=null ">
            when #{item.id,jdbcType=BIGINT} then #{item.additionalId,jdbcType=BIGINT}
          </if>
          <if test="item.additionalId ==null ">
            when #{item.id,jdbcType=BIGINT} then b_policy_insurant.additional_id
          </if>
        </foreach>
      </trim>
      <trim prefix="insurant_id =case id" suffix="end,">
        <foreach collection="recordList" index="index" item="item">
          <if test="item.insurantId !=null ">
            when #{item.id,jdbcType=BIGINT} then #{item.insurantId,jdbcType=BIGINT}
          </if>
          <if test="item.insurantId ==null ">
            when #{item.id,jdbcType=BIGINT} then b_policy_insurant.insurant_id
          </if>
        </foreach>
      </trim>
      <trim prefix="insurant_birthday =case id" suffix="end,">
        <foreach collection="recordList" index="index" item="item">
          <if test="item.insurantBirthday !=null ">
            when #{item.id,jdbcType=BIGINT} then #{item.insurantBirthday,jdbcType=DATE}
          </if>
          <if test="item.insurantBirthday ==null ">
            when #{item.id,jdbcType=BIGINT} then b_policy_insurant.insurant_birthday
          </if>
        </foreach>
      </trim>
      <trim prefix="insurance_type =case id" suffix="end,">
        <foreach collection="recordList" index="index" item="item">
          <if test="item.insuranceType !=null ">
            when #{item.id,jdbcType=BIGINT} then #{item.insuranceType,jdbcType=TINYINT}
          </if>
          <if test="item.insuranceType ==null ">
            when #{item.id,jdbcType=BIGINT} then b_policy_insurant.insurance_type
          </if>
        </foreach>
      </trim>
      <trim prefix="status =case id" suffix="end,">
        <foreach collection="recordList" index="index" item="item">
          <if test="item.status !=null ">
            when #{item.id,jdbcType=BIGINT} then #{item.status,jdbcType=TINYINT}
          </if>
          <if test="item.status ==null ">
            when #{item.id,jdbcType=BIGINT} then b_policy_insurant.status
          </if>
        </foreach>
      </trim>
      <trim prefix="del_flag =case id" suffix="end,">
        <foreach collection="recordList" index="index" item="item">
          <if test="item.delFlag !=null ">
            when #{item.id,jdbcType=BIGINT} then #{item.delFlag,jdbcType=TINYINT}
          </if>
          <if test="item.delFlag ==null ">
            when #{item.id,jdbcType=BIGINT} then b_policy_insurant.del_flag
          </if>
        </foreach>
      </trim>
      <trim prefix="create_time =case id" suffix="end,">
        <foreach collection="recordList" index="index" item="item">
          <if test="item.createTime !=null ">
            when #{item.id,jdbcType=BIGINT} then #{item.createTime,jdbcType=TIMESTAMP}
          </if>
          <if test="item.createTime ==null ">
            when #{item.id,jdbcType=BIGINT} then b_policy_insurant.create_time
          </if>
        </foreach>
      </trim>
      <trim prefix="create_by =case id" suffix="end,">
        <foreach collection="recordList" index="index" item="item">
          <if test="item.createBy !=null ">
            when #{item.id,jdbcType=BIGINT} then #{item.createBy,jdbcType=VARCHAR}
          </if>
          <if test="item.createBy ==null ">
            when #{item.id,jdbcType=BIGINT} then b_policy_insurant.create_by
          </if>
        </foreach>
      </trim>
      <trim prefix="update_time =case id" suffix="end,">
        <foreach collection="recordList" index="index" item="item">
          <if test="item.updateTime !=null ">
            when #{item.id,jdbcType=BIGINT} then #{item.updateTime,jdbcType=TIMESTAMP}
          </if>
          <if test="item.updateTime ==null ">
            when #{item.id,jdbcType=BIGINT} then b_policy_insurant.update_time
          </if>
        </foreach>
      </trim>
      <trim prefix="update_by =case id" suffix="end,">
        <foreach collection="recordList" index="index" item="item">
          <if test="item.updateBy !=null ">
            when #{item.id,jdbcType=BIGINT} then #{item.updateBy,jdbcType=VARCHAR}
          </if>
          <if test="item.updateBy ==null ">
            when #{item.id,jdbcType=BIGINT} then b_policy_insurant.update_by
          </if>
        </foreach>
      </trim>
    </trim>
    where id in(
    <foreach collection="recordList" index="index" item="item" separator=",">
      #{item.id,jdbcType=BIGINT}
    </foreach>
    )
  </update>
  <select id="selectOneByExample" parameterType="com.ekangji.policy.infrastructure.dao.dataobject.PolicyInsurantDOExample" resultMap="BaseResultMap">
    select
    'true' as QUERYID,
    <include refid="Base_Column_List" />
    from b_policy_insurant
    <if test="_parameter != null">
      <include refid="Example_Where_Clause" />
    </if>
    <if test="orderByClause != null">
      order by ${orderByClause}
    </if>
    limit 1
  </select>
</mapper>