<?xml version="1.0" encoding="UTF-8"?>
<!DOCTYPE mapper PUBLIC "-//mybatis.org//DTD Mapper 3.0//EN" "http://mybatis.org/dtd/mybatis-3-mapper.dtd">
<mapper namespace="com.ekangji.policy.infrastructure.dao.policycenter.PolicyPayDetailMapper">
  <resultMap id="BaseResultMap" type="com.ekangji.policy.infrastructure.dao.dataobject.PolicyPayDetailDO">
    <id column="id" jdbcType="BIGINT" property="id" />
    <result column="pay_label_id" jdbcType="BIGINT" property="payLabelId" />
    <result column="policy_id" jdbcType="BIGINT" property="policyId" />
    <result column="additional_id" jdbcType="BIGINT" property="additionalId" />
    <result column="pay_label" jdbcType="VARCHAR" property="payLabel" />
    <result column="single_premium" jdbcType="DECIMAL" property="singlePremium" />
    <result column="pay_date" jdbcType="DATE" property="payDate" />
    <result column="status" jdbcType="TINYINT" property="status" />
    <result column="del_flag" jdbcType="TINYINT" property="delFlag" />
    <result column="create_by" jdbcType="VARCHAR" property="createBy" />
    <result column="create_time" jdbcType="TIMESTAMP" property="createTime" />
    <result column="update_by" jdbcType="VARCHAR" property="updateBy" />
    <result column="update_time" jdbcType="TIMESTAMP" property="updateTime" />
  </resultMap>
  <sql id="Example_Where_Clause">
    <where>
      <foreach collection="oredCriteria" item="criteria" separator="or">
        <if test="criteria.valid">
          <trim prefix="(" prefixOverrides="and" suffix=")">
            <foreach collection="criteria.criteria" item="criterion">
              <choose>
                <when test="criterion.noValue">
                  and ${criterion.condition}
                </when>
                <when test="criterion.singleValue">
                  and ${criterion.condition} #{criterion.value}
                </when>
                <when test="criterion.betweenValue">
                  and ${criterion.condition} #{criterion.value} and #{criterion.secondValue}
                </when>
                <when test="criterion.listValue">
                  and ${criterion.condition}
                  <foreach close=")" collection="criterion.value" item="listItem" open="(" separator=",">
                    #{listItem}
                  </foreach>
                </when>
              </choose>
            </foreach>
          </trim>
        </if>
      </foreach>
    </where>
  </sql>
  <sql id="Update_By_Example_Where_Clause">
    <where>
      <foreach collection="example.oredCriteria" item="criteria" separator="or">
        <if test="criteria.valid">
          <trim prefix="(" prefixOverrides="and" suffix=")">
            <foreach collection="criteria.criteria" item="criterion">
              <choose>
                <when test="criterion.noValue">
                  and ${criterion.condition}
                </when>
                <when test="criterion.singleValue">
                  and ${criterion.condition} #{criterion.value}
                </when>
                <when test="criterion.betweenValue">
                  and ${criterion.condition} #{criterion.value} and #{criterion.secondValue}
                </when>
                <when test="criterion.listValue">
                  and ${criterion.condition}
                  <foreach close=")" collection="criterion.value" item="listItem" open="(" separator=",">
                    #{listItem}
                  </foreach>
                </when>
              </choose>
            </foreach>
          </trim>
        </if>
      </foreach>
    </where>
  </sql>
  <sql id="Base_Column_List">
    id, pay_label_id, policy_id, additional_id, pay_label, single_premium, pay_date, 
    `status`, del_flag, create_by, create_time, update_by, update_time
  </sql>
  <select id="selectByExample" parameterType="com.ekangji.policy.infrastructure.dao.dataobject.PolicyPayDetailDOExample" resultMap="BaseResultMap">
    select
    <if test="distinct">
      distinct
    </if>
    'true' as QUERYID,
    <include refid="Base_Column_List" />
    from b_policy_pay_detail
    <if test="_parameter != null">
      <include refid="Example_Where_Clause" />
    </if>
    <if test="orderByClause != null">
      order by ${orderByClause}
    </if>
  </select>
  <select id="selectByPrimaryKey" parameterType="java.lang.Long" resultMap="BaseResultMap">
    select 
    <include refid="Base_Column_List" />
    from b_policy_pay_detail
    where id = #{id,jdbcType=BIGINT}
  </select>
  <delete id="deleteByPrimaryKey" parameterType="java.lang.Long">
    delete from b_policy_pay_detail
    where id = #{id,jdbcType=BIGINT}
  </delete>
  <delete id="deleteByExample" parameterType="com.ekangji.policy.infrastructure.dao.dataobject.PolicyPayDetailDOExample">
    delete from b_policy_pay_detail
    <if test="_parameter != null">
      <include refid="Example_Where_Clause" />
    </if>
  </delete>
  <insert id="insert" parameterType="com.ekangji.policy.infrastructure.dao.dataobject.PolicyPayDetailDO">
    <selectKey keyProperty="id" order="AFTER" resultType="java.lang.Long">
      SELECT LAST_INSERT_ID()
    </selectKey>
    insert into b_policy_pay_detail (pay_label_id, policy_id, additional_id, 
      pay_label, single_premium, pay_date, 
      `status`, del_flag, create_by, 
      create_time, update_by, update_time
      )
    values (#{payLabelId,jdbcType=BIGINT}, #{policyId,jdbcType=BIGINT}, #{additionalId,jdbcType=BIGINT}, 
      #{payLabel,jdbcType=VARCHAR}, #{singlePremium,jdbcType=DECIMAL}, #{payDate,jdbcType=DATE}, 
      #{status,jdbcType=TINYINT}, #{delFlag,jdbcType=TINYINT}, #{createBy,jdbcType=VARCHAR}, 
      #{createTime,jdbcType=TIMESTAMP}, #{updateBy,jdbcType=VARCHAR}, #{updateTime,jdbcType=TIMESTAMP}
      )
  </insert>
  <insert id="insertSelective" parameterType="com.ekangji.policy.infrastructure.dao.dataobject.PolicyPayDetailDO">
    <selectKey keyProperty="id" order="AFTER" resultType="java.lang.Long">
      SELECT LAST_INSERT_ID()
    </selectKey>
    insert into b_policy_pay_detail
    <trim prefix="(" suffix=")" suffixOverrides=",">
      <if test="payLabelId != null">
        pay_label_id,
      </if>
      <if test="policyId != null">
        policy_id,
      </if>
      <if test="additionalId != null">
        additional_id,
      </if>
      <if test="payLabel != null">
        pay_label,
      </if>
      <if test="singlePremium != null">
        single_premium,
      </if>
      <if test="payDate != null">
        pay_date,
      </if>
      <if test="status != null">
        `status`,
      </if>
      <if test="delFlag != null">
        del_flag,
      </if>
      <if test="createBy != null">
        create_by,
      </if>
      <if test="createTime != null">
        create_time,
      </if>
      <if test="updateBy != null">
        update_by,
      </if>
      <if test="updateTime != null">
        update_time,
      </if>
    </trim>
    <trim prefix="values (" suffix=")" suffixOverrides=",">
      <if test="payLabelId != null">
        #{payLabelId,jdbcType=BIGINT},
      </if>
      <if test="policyId != null">
        #{policyId,jdbcType=BIGINT},
      </if>
      <if test="additionalId != null">
        #{additionalId,jdbcType=BIGINT},
      </if>
      <if test="payLabel != null">
        #{payLabel,jdbcType=VARCHAR},
      </if>
      <if test="singlePremium != null">
        #{singlePremium,jdbcType=DECIMAL},
      </if>
      <if test="payDate != null">
        #{payDate,jdbcType=DATE},
      </if>
      <if test="status != null">
        #{status,jdbcType=TINYINT},
      </if>
      <if test="delFlag != null">
        #{delFlag,jdbcType=TINYINT},
      </if>
      <if test="createBy != null">
        #{createBy,jdbcType=VARCHAR},
      </if>
      <if test="createTime != null">
        #{createTime,jdbcType=TIMESTAMP},
      </if>
      <if test="updateBy != null">
        #{updateBy,jdbcType=VARCHAR},
      </if>
      <if test="updateTime != null">
        #{updateTime,jdbcType=TIMESTAMP},
      </if>
    </trim>
  </insert>
  <select id="countByExample" parameterType="com.ekangji.policy.infrastructure.dao.dataobject.PolicyPayDetailDOExample" resultType="java.lang.Long">
    select count(*) from b_policy_pay_detail
    <if test="_parameter != null">
      <include refid="Example_Where_Clause" />
    </if>
  </select>
  <update id="updateByExampleSelective" parameterType="map">
    update b_policy_pay_detail
    <set>
      <if test="record.id != null">
        id = #{record.id,jdbcType=BIGINT},
      </if>
      <if test="record.payLabelId != null">
        pay_label_id = #{record.payLabelId,jdbcType=BIGINT},
      </if>
      <if test="record.policyId != null">
        policy_id = #{record.policyId,jdbcType=BIGINT},
      </if>
      <if test="record.additionalId != null">
        additional_id = #{record.additionalId,jdbcType=BIGINT},
      </if>
      <if test="record.payLabel != null">
        pay_label = #{record.payLabel,jdbcType=VARCHAR},
      </if>
      <if test="record.singlePremium != null">
        single_premium = #{record.singlePremium,jdbcType=DECIMAL},
      </if>
      <if test="record.payDate != null">
        pay_date = #{record.payDate,jdbcType=DATE},
      </if>
      <if test="record.status != null">
        `status` = #{record.status,jdbcType=TINYINT},
      </if>
      <if test="record.delFlag != null">
        del_flag = #{record.delFlag,jdbcType=TINYINT},
      </if>
      <if test="record.createBy != null">
        create_by = #{record.createBy,jdbcType=VARCHAR},
      </if>
      <if test="record.createTime != null">
        create_time = #{record.createTime,jdbcType=TIMESTAMP},
      </if>
      <if test="record.updateBy != null">
        update_by = #{record.updateBy,jdbcType=VARCHAR},
      </if>
      <if test="record.updateTime != null">
        update_time = #{record.updateTime,jdbcType=TIMESTAMP},
      </if>
    </set>
    <if test="_parameter != null">
      <include refid="Update_By_Example_Where_Clause" />
    </if>
  </update>
  <update id="updateByExample" parameterType="map">
    update b_policy_pay_detail
    set id = #{record.id,jdbcType=BIGINT},
      pay_label_id = #{record.payLabelId,jdbcType=BIGINT},
      policy_id = #{record.policyId,jdbcType=BIGINT},
      additional_id = #{record.additionalId,jdbcType=BIGINT},
      pay_label = #{record.payLabel,jdbcType=VARCHAR},
      single_premium = #{record.singlePremium,jdbcType=DECIMAL},
      pay_date = #{record.payDate,jdbcType=DATE},
      `status` = #{record.status,jdbcType=TINYINT},
      del_flag = #{record.delFlag,jdbcType=TINYINT},
      create_by = #{record.createBy,jdbcType=VARCHAR},
      create_time = #{record.createTime,jdbcType=TIMESTAMP},
      update_by = #{record.updateBy,jdbcType=VARCHAR},
      update_time = #{record.updateTime,jdbcType=TIMESTAMP}
    <if test="_parameter != null">
      <include refid="Update_By_Example_Where_Clause" />
    </if>
  </update>
  <update id="updateByPrimaryKeySelective" parameterType="com.ekangji.policy.infrastructure.dao.dataobject.PolicyPayDetailDO">
    update b_policy_pay_detail
    <set>
      <if test="payLabelId != null">
        pay_label_id = #{payLabelId,jdbcType=BIGINT},
      </if>
      <if test="policyId != null">
        policy_id = #{policyId,jdbcType=BIGINT},
      </if>
      <if test="additionalId != null">
        additional_id = #{additionalId,jdbcType=BIGINT},
      </if>
      <if test="payLabel != null">
        pay_label = #{payLabel,jdbcType=VARCHAR},
      </if>
      <if test="singlePremium != null">
        single_premium = #{singlePremium,jdbcType=DECIMAL},
      </if>
      <if test="payDate != null">
        pay_date = #{payDate,jdbcType=DATE},
      </if>
      <if test="status != null">
        `status` = #{status,jdbcType=TINYINT},
      </if>
      <if test="delFlag != null">
        del_flag = #{delFlag,jdbcType=TINYINT},
      </if>
      <if test="createBy != null">
        create_by = #{createBy,jdbcType=VARCHAR},
      </if>
      <if test="createTime != null">
        create_time = #{createTime,jdbcType=TIMESTAMP},
      </if>
      <if test="updateBy != null">
        update_by = #{updateBy,jdbcType=VARCHAR},
      </if>
      <if test="updateTime != null">
        update_time = #{updateTime,jdbcType=TIMESTAMP},
      </if>
    </set>
    where id = #{id,jdbcType=BIGINT}
  </update>
  <update id="updateByPrimaryKey" parameterType="com.ekangji.policy.infrastructure.dao.dataobject.PolicyPayDetailDO">
    update b_policy_pay_detail
    set pay_label_id = #{payLabelId,jdbcType=BIGINT},
      policy_id = #{policyId,jdbcType=BIGINT},
      additional_id = #{additionalId,jdbcType=BIGINT},
      pay_label = #{payLabel,jdbcType=VARCHAR},
      single_premium = #{singlePremium,jdbcType=DECIMAL},
      pay_date = #{payDate,jdbcType=DATE},
      `status` = #{status,jdbcType=TINYINT},
      del_flag = #{delFlag,jdbcType=TINYINT},
      create_by = #{createBy,jdbcType=VARCHAR},
      create_time = #{createTime,jdbcType=TIMESTAMP},
      update_by = #{updateBy,jdbcType=VARCHAR},
      update_time = #{updateTime,jdbcType=TIMESTAMP}
    where id = #{id,jdbcType=BIGINT}
  </update>
  <select id="selectByExampleWithRowbounds" parameterType="com.ekangji.policy.infrastructure.dao.dataobject.PolicyPayDetailDOExample" resultMap="BaseResultMap">
    select
    <if test="distinct">
      distinct
    </if>
    'true' as QUERYID,
    <include refid="Base_Column_List" />
    from b_policy_pay_detail
    <if test="_parameter != null">
      <include refid="Example_Where_Clause" />
    </if>
    <if test="orderByClause != null">
      order by ${orderByClause}
    </if>
  </select>
  <insert id="batchInsert" keyColumn="id" keyProperty="id" parameterType="map" useGeneratedKeys="true">
    insert into b_policy_pay_detail (pay_label_id, policy_id, additional_id, pay_label, single_premium, pay_date, `status`, del_flag, create_by, create_time, update_by, update_time)
    values
    <foreach collection="list" item="item" separator=",">
       (#{item.payLabelId,jdbcType=BIGINT}, #{item.policyId,jdbcType=BIGINT}, #{item.additionalId,jdbcType=BIGINT}, #{item.payLabel,jdbcType=VARCHAR}, #{item.singlePremium,jdbcType=DECIMAL}, #{item.payDate,jdbcType=DATE}, #{item.status,jdbcType=TINYINT}, #{item.delFlag,jdbcType=TINYINT}, #{item.createBy,jdbcType=VARCHAR}, #{item.createTime,jdbcType=TIMESTAMP}, #{item.updateBy,jdbcType=VARCHAR}, #{item.updateTime,jdbcType=TIMESTAMP})
    </foreach>
  </insert>
  <delete id="batchDelete" parameterType="java.lang.Long">
    delete from b_policy_pay_detail where id in (
    <foreach collection="ids" index="index" item="item" separator=",">
      #{item}
    </foreach>
    )
  </delete>
  <update id="batchUpdate" parameterType="java.util.List">
    update b_policy_pay_detail 
    <trim prefix="set" suffixOverrides=",">
      <trim prefix="pay_label_id =case id" suffix="end,">
        <foreach collection="recordList" index="index" item="item">
          <if test="item.payLabelId !=null ">
            when #{item.id,jdbcType=BIGINT} then #{item.payLabelId,jdbcType=BIGINT}
          </if>
          <if test="item.payLabelId ==null ">
            when #{item.id,jdbcType=BIGINT} then b_policy_pay_detail.pay_label_id
          </if>
        </foreach>
      </trim>
      <trim prefix="policy_id =case id" suffix="end,">
        <foreach collection="recordList" index="index" item="item">
          <if test="item.policyId !=null ">
            when #{item.id,jdbcType=BIGINT} then #{item.policyId,jdbcType=BIGINT}
          </if>
          <if test="item.policyId ==null ">
            when #{item.id,jdbcType=BIGINT} then b_policy_pay_detail.policy_id
          </if>
        </foreach>
      </trim>
      <trim prefix="additional_id =case id" suffix="end,">
        <foreach collection="recordList" index="index" item="item">
          <if test="item.additionalId !=null ">
            when #{item.id,jdbcType=BIGINT} then #{item.additionalId,jdbcType=BIGINT}
          </if>
          <if test="item.additionalId ==null ">
            when #{item.id,jdbcType=BIGINT} then b_policy_pay_detail.additional_id
          </if>
        </foreach>
      </trim>
      <trim prefix="pay_label =case id" suffix="end,">
        <foreach collection="recordList" index="index" item="item">
          <if test="item.payLabel !=null ">
            when #{item.id,jdbcType=BIGINT} then #{item.payLabel,jdbcType=VARCHAR}
          </if>
          <if test="item.payLabel ==null ">
            when #{item.id,jdbcType=BIGINT} then b_policy_pay_detail.pay_label
          </if>
        </foreach>
      </trim>
      <trim prefix="single_premium =case id" suffix="end,">
        <foreach collection="recordList" index="index" item="item">
          <if test="item.singlePremium !=null ">
            when #{item.id,jdbcType=BIGINT} then #{item.singlePremium,jdbcType=DECIMAL}
          </if>
          <if test="item.singlePremium ==null ">
            when #{item.id,jdbcType=BIGINT} then b_policy_pay_detail.single_premium
          </if>
        </foreach>
      </trim>
      <trim prefix="pay_date =case id" suffix="end,">
        <foreach collection="recordList" index="index" item="item">
          <if test="item.payDate !=null ">
            when #{item.id,jdbcType=BIGINT} then #{item.payDate,jdbcType=DATE}
          </if>
          <if test="item.payDate ==null ">
            when #{item.id,jdbcType=BIGINT} then b_policy_pay_detail.pay_date
          </if>
        </foreach>
      </trim>
      <trim prefix="status =case id" suffix="end,">
        <foreach collection="recordList" index="index" item="item">
          <if test="item.status !=null ">
            when #{item.id,jdbcType=BIGINT} then #{item.status,jdbcType=TINYINT}
          </if>
          <if test="item.status ==null ">
            when #{item.id,jdbcType=BIGINT} then b_policy_pay_detail.status
          </if>
        </foreach>
      </trim>
      <trim prefix="del_flag =case id" suffix="end,">
        <foreach collection="recordList" index="index" item="item">
          <if test="item.delFlag !=null ">
            when #{item.id,jdbcType=BIGINT} then #{item.delFlag,jdbcType=TINYINT}
          </if>
          <if test="item.delFlag ==null ">
            when #{item.id,jdbcType=BIGINT} then b_policy_pay_detail.del_flag
          </if>
        </foreach>
      </trim>
      <trim prefix="create_by =case id" suffix="end,">
        <foreach collection="recordList" index="index" item="item">
          <if test="item.createBy !=null ">
            when #{item.id,jdbcType=BIGINT} then #{item.createBy,jdbcType=VARCHAR}
          </if>
          <if test="item.createBy ==null ">
            when #{item.id,jdbcType=BIGINT} then b_policy_pay_detail.create_by
          </if>
        </foreach>
      </trim>
      <trim prefix="create_time =case id" suffix="end,">
        <foreach collection="recordList" index="index" item="item">
          <if test="item.createTime !=null ">
            when #{item.id,jdbcType=BIGINT} then #{item.createTime,jdbcType=TIMESTAMP}
          </if>
          <if test="item.createTime ==null ">
            when #{item.id,jdbcType=BIGINT} then b_policy_pay_detail.create_time
          </if>
        </foreach>
      </trim>
      <trim prefix="update_by =case id" suffix="end,">
        <foreach collection="recordList" index="index" item="item">
          <if test="item.updateBy !=null ">
            when #{item.id,jdbcType=BIGINT} then #{item.updateBy,jdbcType=VARCHAR}
          </if>
          <if test="item.updateBy ==null ">
            when #{item.id,jdbcType=BIGINT} then b_policy_pay_detail.update_by
          </if>
        </foreach>
      </trim>
      <trim prefix="update_time =case id" suffix="end,">
        <foreach collection="recordList" index="index" item="item">
          <if test="item.updateTime !=null ">
            when #{item.id,jdbcType=BIGINT} then #{item.updateTime,jdbcType=TIMESTAMP}
          </if>
          <if test="item.updateTime ==null ">
            when #{item.id,jdbcType=BIGINT} then b_policy_pay_detail.update_time
          </if>
        </foreach>
      </trim>
    </trim>
    where id in(
    <foreach collection="recordList" index="index" item="item" separator=",">
      #{item.id,jdbcType=BIGINT}
    </foreach>
    )
  </update>
  <select id="selectOneByExample" parameterType="com.ekangji.policy.infrastructure.dao.dataobject.PolicyPayDetailDOExample" resultMap="BaseResultMap">
    select
    'true' as QUERYID,
    <include refid="Base_Column_List" />
    from b_policy_pay_detail
    <if test="_parameter != null">
      <include refid="Example_Where_Clause" />
    </if>
    <if test="orderByClause != null">
      order by ${orderByClause}
    </if>
    limit 1
  </select>
</mapper>