<?xml version="1.0" encoding="UTF-8"?>
<!DOCTYPE mapper PUBLIC "-//mybatis.org//DTD Mapper 3.0//EN" "http://mybatis.org/dtd/mybatis-3-mapper.dtd">
<mapper namespace="com.ekangji.policy.infrastructure.dao.policycenter.PolicyMemberStatisticsBOMapper">
  <resultMap id="BaseResultMap" type="com.ekangji.policy.infrastructure.dao.dataobject.PolicyMemberStatisticsBO">
    <id column="id" jdbcType="BIGINT" property="id" />
    <result column="user_id" jdbcType="VARCHAR" property="userId" />
    <result column="member_id" jdbcType="BIGINT" property="memberId" />
    <result column="policy_num" jdbcType="SMALLINT" property="policyNum" />
    <result column="effective_policy_num" jdbcType="SMALLINT" property="effectivePolicyNum" />
    <result column="premium" jdbcType="DECIMAL" property="premium" />
    <result column="create_by" jdbcType="VARCHAR" property="createBy" />
    <result column="create_time" jdbcType="TIMESTAMP" property="createTime" />
    <result column="update_by" jdbcType="VARCHAR" property="updateBy" />
    <result column="update_time" jdbcType="TIMESTAMP" property="updateTime" />
    <result column="policyNumTotal" jdbcType="INTEGER" property="policyNumTotal" />
    <result column="premiumTotal" jdbcType="DECIMAL" property="premiumTotal" />
  </resultMap>

  <sql id="Base_Column_List">
    id, user_id, member_id, policy_num, effective_policy_num, premium, create_by, create_time,
    update_by, update_time
  </sql>

  <select id="findFamilyReportTotalInfo" parameterType="com.ekangji.policy.infrastructure.dao.dataobject.PolicyMemberStatisticsBO" resultMap="BaseResultMap">
    SELECT IFNULL(SUM(policy_num),0) policyNumTotal,IFNULL(SUM(premium),0) premiumTotal from b_policy_member_statistics
      WHERE user_id = #{userId,jdbcType=VARCHAR}
  </select>

  <select id="findFamilyMemberTotalInfo" parameterType="com.ekangji.policy.infrastructure.dao.dataobject.PolicyMemberStatisticsBO" resultMap="BaseResultMap">
    SELECT user_id,member_id,effective_policy_num, premium from b_policy_member_statistics
      WHERE user_id = #{userId,jdbcType=VARCHAR}
      <if test="memberId != null">
        AND member_id = #{memberId,jdbcType=BIGINT}
      </if>
  </select>

</mapper>