<?xml version="1.0" encoding="UTF-8"?>
<!DOCTYPE mapper PUBLIC "-//mybatis.org//DTD Mapper 3.0//EN" "http://mybatis.org/dtd/mybatis-3-mapper.dtd">
<mapper namespace="com.ekangji.policy.infrastructure.dao.policycenter.PolicySimpleMapper">
  <resultMap id="BaseResultMap" type="com.ekangji.policy.infrastructure.dao.dataobject.PolicySimpleDO">
    <id column="id" jdbcType="BIGINT" property="id" />
    <result column="policy_id" jdbcType="BIGINT" property="policyId" />
    <result column="platform" jdbcType="TINYINT" property="platform" />
    <result column="user_id" jdbcType="VARCHAR" property="userId" />
    <result column="user_phone" jdbcType="VARCHAR" property="userPhone" />
    <result column="company_id" jdbcType="VARCHAR" property="companyId" />
    <result column="company_name" jdbcType="VARCHAR" property="companyName" />
    <result column="company_name_short" jdbcType="VARCHAR" property="companyNameShort" />
    <result column="product_id" jdbcType="VARCHAR" property="productId" />
    <result column="product_name" jdbcType="VARCHAR" property="productName" />
    <result column="product_type" jdbcType="VARCHAR" property="productType" />
    <result column="product_four_type" jdbcType="VARCHAR" property="productFourType" />
    <result column="product_three_type" jdbcType="VARCHAR" property="productThreeType" />
    <result column="product_two_type" jdbcType="VARCHAR" property="productTwoType" />
    <result column="product_top_type" jdbcType="VARCHAR" property="productTopType" />
    <result column="insurant_name" jdbcType="VARCHAR" property="insurantName" />
    <result column="status" jdbcType="TINYINT" property="status" />
    <result column="del_flag" jdbcType="TINYINT" property="delFlag" />
    <result column="create_by" jdbcType="VARCHAR" property="createBy" />
    <result column="create_time" jdbcType="TIMESTAMP" property="createTime" />
    <result column="update_by" jdbcType="VARCHAR" property="updateBy" />
    <result column="update_time" jdbcType="TIMESTAMP" property="updateTime" />
  </resultMap>
  <sql id="Example_Where_Clause">
    <where>
      <foreach collection="oredCriteria" item="criteria" separator="or">
        <if test="criteria.valid">
          <trim prefix="(" prefixOverrides="and" suffix=")">
            <foreach collection="criteria.criteria" item="criterion">
              <choose>
                <when test="criterion.noValue">
                  and ${criterion.condition}
                </when>
                <when test="criterion.singleValue">
                  and ${criterion.condition} #{criterion.value}
                </when>
                <when test="criterion.betweenValue">
                  and ${criterion.condition} #{criterion.value} and #{criterion.secondValue}
                </when>
                <when test="criterion.listValue">
                  and ${criterion.condition}
                  <foreach close=")" collection="criterion.value" item="listItem" open="(" separator=",">
                    #{listItem}
                  </foreach>
                </when>
              </choose>
            </foreach>
          </trim>
        </if>
      </foreach>
    </where>
  </sql>
  <sql id="Update_By_Example_Where_Clause">
    <where>
      <foreach collection="example.oredCriteria" item="criteria" separator="or">
        <if test="criteria.valid">
          <trim prefix="(" prefixOverrides="and" suffix=")">
            <foreach collection="criteria.criteria" item="criterion">
              <choose>
                <when test="criterion.noValue">
                  and ${criterion.condition}
                </when>
                <when test="criterion.singleValue">
                  and ${criterion.condition} #{criterion.value}
                </when>
                <when test="criterion.betweenValue">
                  and ${criterion.condition} #{criterion.value} and #{criterion.secondValue}
                </when>
                <when test="criterion.listValue">
                  and ${criterion.condition}
                  <foreach close=")" collection="criterion.value" item="listItem" open="(" separator=",">
                    #{listItem}
                  </foreach>
                </when>
              </choose>
            </foreach>
          </trim>
        </if>
      </foreach>
    </where>
  </sql>
  <sql id="Base_Column_List">
    id, policy_id, platform, user_id, user_phone, company_id, company_name, company_name_short, 
    product_id, product_name, product_type, product_four_type, product_three_type, product_two_type, 
    product_top_type, insurant_name, `status`, del_flag, create_by, create_time, update_by, 
    update_time
  </sql>
  <select id="selectByExample" parameterType="com.ekangji.policy.infrastructure.dao.dataobject.PolicySimpleDOExample" resultMap="BaseResultMap">
    select
    <if test="distinct">
      distinct
    </if>
    'true' as QUERYID,
    <include refid="Base_Column_List" />
    from b_policy_simple
    <if test="_parameter != null">
      <include refid="Example_Where_Clause" />
    </if>
    <if test="orderByClause != null">
      order by ${orderByClause}
    </if>
  </select>
  <select id="selectByPrimaryKey" parameterType="java.lang.Long" resultMap="BaseResultMap">
    select 
    <include refid="Base_Column_List" />
    from b_policy_simple
    where id = #{id,jdbcType=BIGINT}
  </select>
  <delete id="deleteByPrimaryKey" parameterType="java.lang.Long">
    delete from b_policy_simple
    where id = #{id,jdbcType=BIGINT}
  </delete>
  <delete id="deleteByExample" parameterType="com.ekangji.policy.infrastructure.dao.dataobject.PolicySimpleDOExample">
    delete from b_policy_simple
    <if test="_parameter != null">
      <include refid="Example_Where_Clause" />
    </if>
  </delete>
  <insert id="insert" parameterType="com.ekangji.policy.infrastructure.dao.dataobject.PolicySimpleDO">
    <selectKey keyProperty="id" order="AFTER" resultType="java.lang.Long">
      SELECT LAST_INSERT_ID()
    </selectKey>
    insert into b_policy_simple (policy_id, platform, user_id, 
      user_phone, company_id, company_name, 
      company_name_short, product_id, product_name, 
      product_type, product_four_type, product_three_type, 
      product_two_type, product_top_type, insurant_name, 
      `status`, del_flag, create_by, 
      create_time, update_by, update_time
      )
    values (#{policyId,jdbcType=BIGINT}, #{platform,jdbcType=TINYINT}, #{userId,jdbcType=VARCHAR}, 
      #{userPhone,jdbcType=VARCHAR}, #{companyId,jdbcType=VARCHAR}, #{companyName,jdbcType=VARCHAR}, 
      #{companyNameShort,jdbcType=VARCHAR}, #{productId,jdbcType=VARCHAR}, #{productName,jdbcType=VARCHAR}, 
      #{productType,jdbcType=VARCHAR}, #{productFourType,jdbcType=VARCHAR}, #{productThreeType,jdbcType=VARCHAR}, 
      #{productTwoType,jdbcType=VARCHAR}, #{productTopType,jdbcType=VARCHAR}, #{insurantName,jdbcType=VARCHAR}, 
      #{status,jdbcType=TINYINT}, #{delFlag,jdbcType=TINYINT}, #{createBy,jdbcType=VARCHAR}, 
      #{createTime,jdbcType=TIMESTAMP}, #{updateBy,jdbcType=VARCHAR}, #{updateTime,jdbcType=TIMESTAMP}
      )
  </insert>
  <insert id="insertSelective" parameterType="com.ekangji.policy.infrastructure.dao.dataobject.PolicySimpleDO">
    <selectKey keyProperty="id" order="AFTER" resultType="java.lang.Long">
      SELECT LAST_INSERT_ID()
    </selectKey>
    insert into b_policy_simple
    <trim prefix="(" suffix=")" suffixOverrides=",">
      <if test="policyId != null">
        policy_id,
      </if>
      <if test="platform != null">
        platform,
      </if>
      <if test="userId != null">
        user_id,
      </if>
      <if test="userPhone != null">
        user_phone,
      </if>
      <if test="companyId != null">
        company_id,
      </if>
      <if test="companyName != null">
        company_name,
      </if>
      <if test="companyNameShort != null">
        company_name_short,
      </if>
      <if test="productId != null">
        product_id,
      </if>
      <if test="productName != null">
        product_name,
      </if>
      <if test="productType != null">
        product_type,
      </if>
      <if test="productFourType != null">
        product_four_type,
      </if>
      <if test="productThreeType != null">
        product_three_type,
      </if>
      <if test="productTwoType != null">
        product_two_type,
      </if>
      <if test="productTopType != null">
        product_top_type,
      </if>
      <if test="insurantName != null">
        insurant_name,
      </if>
      <if test="status != null">
        `status`,
      </if>
      <if test="delFlag != null">
        del_flag,
      </if>
      <if test="createBy != null">
        create_by,
      </if>
      <if test="createTime != null">
        create_time,
      </if>
      <if test="updateBy != null">
        update_by,
      </if>
      <if test="updateTime != null">
        update_time,
      </if>
    </trim>
    <trim prefix="values (" suffix=")" suffixOverrides=",">
      <if test="policyId != null">
        #{policyId,jdbcType=BIGINT},
      </if>
      <if test="platform != null">
        #{platform,jdbcType=TINYINT},
      </if>
      <if test="userId != null">
        #{userId,jdbcType=VARCHAR},
      </if>
      <if test="userPhone != null">
        #{userPhone,jdbcType=VARCHAR},
      </if>
      <if test="companyId != null">
        #{companyId,jdbcType=VARCHAR},
      </if>
      <if test="companyName != null">
        #{companyName,jdbcType=VARCHAR},
      </if>
      <if test="companyNameShort != null">
        #{companyNameShort,jdbcType=VARCHAR},
      </if>
      <if test="productId != null">
        #{productId,jdbcType=VARCHAR},
      </if>
      <if test="productName != null">
        #{productName,jdbcType=VARCHAR},
      </if>
      <if test="productType != null">
        #{productType,jdbcType=VARCHAR},
      </if>
      <if test="productFourType != null">
        #{productFourType,jdbcType=VARCHAR},
      </if>
      <if test="productThreeType != null">
        #{productThreeType,jdbcType=VARCHAR},
      </if>
      <if test="productTwoType != null">
        #{productTwoType,jdbcType=VARCHAR},
      </if>
      <if test="productTopType != null">
        #{productTopType,jdbcType=VARCHAR},
      </if>
      <if test="insurantName != null">
        #{insurantName,jdbcType=VARCHAR},
      </if>
      <if test="status != null">
        #{status,jdbcType=TINYINT},
      </if>
      <if test="delFlag != null">
        #{delFlag,jdbcType=TINYINT},
      </if>
      <if test="createBy != null">
        #{createBy,jdbcType=VARCHAR},
      </if>
      <if test="createTime != null">
        #{createTime,jdbcType=TIMESTAMP},
      </if>
      <if test="updateBy != null">
        #{updateBy,jdbcType=VARCHAR},
      </if>
      <if test="updateTime != null">
        #{updateTime,jdbcType=TIMESTAMP},
      </if>
    </trim>
  </insert>
  <select id="countByExample" parameterType="com.ekangji.policy.infrastructure.dao.dataobject.PolicySimpleDOExample" resultType="java.lang.Long">
    select count(*) from b_policy_simple
    <if test="_parameter != null">
      <include refid="Example_Where_Clause" />
    </if>
  </select>
  <update id="updateByExampleSelective" parameterType="map">
    update b_policy_simple
    <set>
      <if test="record.id != null">
        id = #{record.id,jdbcType=BIGINT},
      </if>
      <if test="record.policyId != null">
        policy_id = #{record.policyId,jdbcType=BIGINT},
      </if>
      <if test="record.platform != null">
        platform = #{record.platform,jdbcType=TINYINT},
      </if>
      <if test="record.userId != null">
        user_id = #{record.userId,jdbcType=VARCHAR},
      </if>
      <if test="record.userPhone != null">
        user_phone = #{record.userPhone,jdbcType=VARCHAR},
      </if>
      <if test="record.companyId != null">
        company_id = #{record.companyId,jdbcType=VARCHAR},
      </if>
      <if test="record.companyName != null">
        company_name = #{record.companyName,jdbcType=VARCHAR},
      </if>
      <if test="record.companyNameShort != null">
        company_name_short = #{record.companyNameShort,jdbcType=VARCHAR},
      </if>
      <if test="record.productId != null">
        product_id = #{record.productId,jdbcType=VARCHAR},
      </if>
      <if test="record.productName != null">
        product_name = #{record.productName,jdbcType=VARCHAR},
      </if>
      <if test="record.productType != null">
        product_type = #{record.productType,jdbcType=VARCHAR},
      </if>
      <if test="record.productFourType != null">
        product_four_type = #{record.productFourType,jdbcType=VARCHAR},
      </if>
      <if test="record.productThreeType != null">
        product_three_type = #{record.productThreeType,jdbcType=VARCHAR},
      </if>
      <if test="record.productTwoType != null">
        product_two_type = #{record.productTwoType,jdbcType=VARCHAR},
      </if>
      <if test="record.productTopType != null">
        product_top_type = #{record.productTopType,jdbcType=VARCHAR},
      </if>
      <if test="record.insurantName != null">
        insurant_name = #{record.insurantName,jdbcType=VARCHAR},
      </if>
      <if test="record.status != null">
        `status` = #{record.status,jdbcType=TINYINT},
      </if>
      <if test="record.delFlag != null">
        del_flag = #{record.delFlag,jdbcType=TINYINT},
      </if>
      <if test="record.createBy != null">
        create_by = #{record.createBy,jdbcType=VARCHAR},
      </if>
      <if test="record.createTime != null">
        create_time = #{record.createTime,jdbcType=TIMESTAMP},
      </if>
      <if test="record.updateBy != null">
        update_by = #{record.updateBy,jdbcType=VARCHAR},
      </if>
      <if test="record.updateTime != null">
        update_time = #{record.updateTime,jdbcType=TIMESTAMP},
      </if>
    </set>
    <if test="_parameter != null">
      <include refid="Update_By_Example_Where_Clause" />
    </if>
  </update>
  <update id="updateByExample" parameterType="map">
    update b_policy_simple
    set id = #{record.id,jdbcType=BIGINT},
      policy_id = #{record.policyId,jdbcType=BIGINT},
      platform = #{record.platform,jdbcType=TINYINT},
      user_id = #{record.userId,jdbcType=VARCHAR},
      user_phone = #{record.userPhone,jdbcType=VARCHAR},
      company_id = #{record.companyId,jdbcType=VARCHAR},
      company_name = #{record.companyName,jdbcType=VARCHAR},
      company_name_short = #{record.companyNameShort,jdbcType=VARCHAR},
      product_id = #{record.productId,jdbcType=VARCHAR},
      product_name = #{record.productName,jdbcType=VARCHAR},
      product_type = #{record.productType,jdbcType=VARCHAR},
      product_four_type = #{record.productFourType,jdbcType=VARCHAR},
      product_three_type = #{record.productThreeType,jdbcType=VARCHAR},
      product_two_type = #{record.productTwoType,jdbcType=VARCHAR},
      product_top_type = #{record.productTopType,jdbcType=VARCHAR},
      insurant_name = #{record.insurantName,jdbcType=VARCHAR},
      `status` = #{record.status,jdbcType=TINYINT},
      del_flag = #{record.delFlag,jdbcType=TINYINT},
      create_by = #{record.createBy,jdbcType=VARCHAR},
      create_time = #{record.createTime,jdbcType=TIMESTAMP},
      update_by = #{record.updateBy,jdbcType=VARCHAR},
      update_time = #{record.updateTime,jdbcType=TIMESTAMP}
    <if test="_parameter != null">
      <include refid="Update_By_Example_Where_Clause" />
    </if>
  </update>
  <update id="updateByPrimaryKeySelective" parameterType="com.ekangji.policy.infrastructure.dao.dataobject.PolicySimpleDO">
    update b_policy_simple
    <set>
      <if test="policyId != null">
        policy_id = #{policyId,jdbcType=BIGINT},
      </if>
      <if test="platform != null">
        platform = #{platform,jdbcType=TINYINT},
      </if>
      <if test="userId != null">
        user_id = #{userId,jdbcType=VARCHAR},
      </if>
      <if test="userPhone != null">
        user_phone = #{userPhone,jdbcType=VARCHAR},
      </if>
      <if test="companyId != null">
        company_id = #{companyId,jdbcType=VARCHAR},
      </if>
      <if test="companyName != null">
        company_name = #{companyName,jdbcType=VARCHAR},
      </if>
      <if test="companyNameShort != null">
        company_name_short = #{companyNameShort,jdbcType=VARCHAR},
      </if>
      <if test="productId != null">
        product_id = #{productId,jdbcType=VARCHAR},
      </if>
      <if test="productName != null">
        product_name = #{productName,jdbcType=VARCHAR},
      </if>
      <if test="productType != null">
        product_type = #{productType,jdbcType=VARCHAR},
      </if>
      <if test="productFourType != null">
        product_four_type = #{productFourType,jdbcType=VARCHAR},
      </if>
      <if test="productThreeType != null">
        product_three_type = #{productThreeType,jdbcType=VARCHAR},
      </if>
      <if test="productTwoType != null">
        product_two_type = #{productTwoType,jdbcType=VARCHAR},
      </if>
      <if test="productTopType != null">
        product_top_type = #{productTopType,jdbcType=VARCHAR},
      </if>
      <if test="insurantName != null">
        insurant_name = #{insurantName,jdbcType=VARCHAR},
      </if>
      <if test="status != null">
        `status` = #{status,jdbcType=TINYINT},
      </if>
      <if test="delFlag != null">
        del_flag = #{delFlag,jdbcType=TINYINT},
      </if>
      <if test="createBy != null">
        create_by = #{createBy,jdbcType=VARCHAR},
      </if>
      <if test="createTime != null">
        create_time = #{createTime,jdbcType=TIMESTAMP},
      </if>
      <if test="updateBy != null">
        update_by = #{updateBy,jdbcType=VARCHAR},
      </if>
      <if test="updateTime != null">
        update_time = #{updateTime,jdbcType=TIMESTAMP},
      </if>
    </set>
    where id = #{id,jdbcType=BIGINT}
  </update>
  <update id="updateByPrimaryKey" parameterType="com.ekangji.policy.infrastructure.dao.dataobject.PolicySimpleDO">
    update b_policy_simple
    set policy_id = #{policyId,jdbcType=BIGINT},
      platform = #{platform,jdbcType=TINYINT},
      user_id = #{userId,jdbcType=VARCHAR},
      user_phone = #{userPhone,jdbcType=VARCHAR},
      company_id = #{companyId,jdbcType=VARCHAR},
      company_name = #{companyName,jdbcType=VARCHAR},
      company_name_short = #{companyNameShort,jdbcType=VARCHAR},
      product_id = #{productId,jdbcType=VARCHAR},
      product_name = #{productName,jdbcType=VARCHAR},
      product_type = #{productType,jdbcType=VARCHAR},
      product_four_type = #{productFourType,jdbcType=VARCHAR},
      product_three_type = #{productThreeType,jdbcType=VARCHAR},
      product_two_type = #{productTwoType,jdbcType=VARCHAR},
      product_top_type = #{productTopType,jdbcType=VARCHAR},
      insurant_name = #{insurantName,jdbcType=VARCHAR},
      `status` = #{status,jdbcType=TINYINT},
      del_flag = #{delFlag,jdbcType=TINYINT},
      create_by = #{createBy,jdbcType=VARCHAR},
      create_time = #{createTime,jdbcType=TIMESTAMP},
      update_by = #{updateBy,jdbcType=VARCHAR},
      update_time = #{updateTime,jdbcType=TIMESTAMP}
    where id = #{id,jdbcType=BIGINT}
  </update>
  <select id="selectByExampleWithRowbounds" parameterType="com.ekangji.policy.infrastructure.dao.dataobject.PolicySimpleDOExample" resultMap="BaseResultMap">
    select
    <if test="distinct">
      distinct
    </if>
    'true' as QUERYID,
    <include refid="Base_Column_List" />
    from b_policy_simple
    <if test="_parameter != null">
      <include refid="Example_Where_Clause" />
    </if>
    <if test="orderByClause != null">
      order by ${orderByClause}
    </if>
  </select>
  <insert id="batchInsert" keyColumn="id" keyProperty="id" parameterType="map" useGeneratedKeys="true">
    insert into b_policy_simple (policy_id, platform, user_id, user_phone, company_id, company_name, company_name_short, product_id, product_name, product_type, product_four_type, product_three_type, product_two_type, product_top_type, insurant_name, `status`, del_flag, create_by, create_time, update_by, update_time)
    values
    <foreach collection="list" item="item" separator=",">
       (#{item.policyId,jdbcType=BIGINT}, #{item.platform,jdbcType=TINYINT}, #{item.userId,jdbcType=VARCHAR}, #{item.userPhone,jdbcType=VARCHAR}, #{item.companyId,jdbcType=VARCHAR}, #{item.companyName,jdbcType=VARCHAR}, #{item.companyNameShort,jdbcType=VARCHAR}, #{item.productId,jdbcType=VARCHAR}, #{item.productName,jdbcType=VARCHAR}, #{item.productType,jdbcType=VARCHAR}, #{item.productFourType,jdbcType=VARCHAR}, #{item.productThreeType,jdbcType=VARCHAR}, #{item.productTwoType,jdbcType=VARCHAR}, #{item.productTopType,jdbcType=VARCHAR}, #{item.insurantName,jdbcType=VARCHAR}, #{item.status,jdbcType=TINYINT}, #{item.delFlag,jdbcType=TINYINT}, #{item.createBy,jdbcType=VARCHAR}, #{item.createTime,jdbcType=TIMESTAMP}, #{item.updateBy,jdbcType=VARCHAR}, #{item.updateTime,jdbcType=TIMESTAMP})
    </foreach>
  </insert>
  <delete id="batchDelete" parameterType="java.lang.Long">
    delete from b_policy_simple where id in (
    <foreach collection="ids" index="index" item="item" separator=",">
      #{item}
    </foreach>
    )
  </delete>
  <update id="batchUpdate" parameterType="java.util.List">
    update b_policy_simple 
    <trim prefix="set" suffixOverrides=",">
      <trim prefix="policy_id =case id" suffix="end,">
        <foreach collection="recordList" index="index" item="item">
          <if test="item.policyId !=null ">
            when #{item.id,jdbcType=BIGINT} then #{item.policyId,jdbcType=BIGINT}
          </if>
          <if test="item.policyId ==null ">
            when #{item.id,jdbcType=BIGINT} then b_policy_simple.policy_id
          </if>
        </foreach>
      </trim>
      <trim prefix="platform =case id" suffix="end,">
        <foreach collection="recordList" index="index" item="item">
          <if test="item.platform !=null ">
            when #{item.id,jdbcType=BIGINT} then #{item.platform,jdbcType=TINYINT}
          </if>
          <if test="item.platform ==null ">
            when #{item.id,jdbcType=BIGINT} then b_policy_simple.platform
          </if>
        </foreach>
      </trim>
      <trim prefix="user_id =case id" suffix="end,">
        <foreach collection="recordList" index="index" item="item">
          <if test="item.userId !=null ">
            when #{item.id,jdbcType=BIGINT} then #{item.userId,jdbcType=VARCHAR}
          </if>
          <if test="item.userId ==null ">
            when #{item.id,jdbcType=BIGINT} then b_policy_simple.user_id
          </if>
        </foreach>
      </trim>
      <trim prefix="user_phone =case id" suffix="end,">
        <foreach collection="recordList" index="index" item="item">
          <if test="item.userPhone !=null ">
            when #{item.id,jdbcType=BIGINT} then #{item.userPhone,jdbcType=VARCHAR}
          </if>
          <if test="item.userPhone ==null ">
            when #{item.id,jdbcType=BIGINT} then b_policy_simple.user_phone
          </if>
        </foreach>
      </trim>
      <trim prefix="company_id =case id" suffix="end,">
        <foreach collection="recordList" index="index" item="item">
          <if test="item.companyId !=null ">
            when #{item.id,jdbcType=BIGINT} then #{item.companyId,jdbcType=VARCHAR}
          </if>
          <if test="item.companyId ==null ">
            when #{item.id,jdbcType=BIGINT} then b_policy_simple.company_id
          </if>
        </foreach>
      </trim>
      <trim prefix="company_name =case id" suffix="end,">
        <foreach collection="recordList" index="index" item="item">
          <if test="item.companyName !=null ">
            when #{item.id,jdbcType=BIGINT} then #{item.companyName,jdbcType=VARCHAR}
          </if>
          <if test="item.companyName ==null ">
            when #{item.id,jdbcType=BIGINT} then b_policy_simple.company_name
          </if>
        </foreach>
      </trim>
      <trim prefix="company_name_short =case id" suffix="end,">
        <foreach collection="recordList" index="index" item="item">
          <if test="item.companyNameShort !=null ">
            when #{item.id,jdbcType=BIGINT} then #{item.companyNameShort,jdbcType=VARCHAR}
          </if>
          <if test="item.companyNameShort ==null ">
            when #{item.id,jdbcType=BIGINT} then b_policy_simple.company_name_short
          </if>
        </foreach>
      </trim>
      <trim prefix="product_id =case id" suffix="end,">
        <foreach collection="recordList" index="index" item="item">
          <if test="item.productId !=null ">
            when #{item.id,jdbcType=BIGINT} then #{item.productId,jdbcType=VARCHAR}
          </if>
          <if test="item.productId ==null ">
            when #{item.id,jdbcType=BIGINT} then b_policy_simple.product_id
          </if>
        </foreach>
      </trim>
      <trim prefix="product_name =case id" suffix="end,">
        <foreach collection="recordList" index="index" item="item">
          <if test="item.productName !=null ">
            when #{item.id,jdbcType=BIGINT} then #{item.productName,jdbcType=VARCHAR}
          </if>
          <if test="item.productName ==null ">
            when #{item.id,jdbcType=BIGINT} then b_policy_simple.product_name
          </if>
        </foreach>
      </trim>
      <trim prefix="product_type =case id" suffix="end,">
        <foreach collection="recordList" index="index" item="item">
          <if test="item.productType !=null ">
            when #{item.id,jdbcType=BIGINT} then #{item.productType,jdbcType=VARCHAR}
          </if>
          <if test="item.productType ==null ">
            when #{item.id,jdbcType=BIGINT} then b_policy_simple.product_type
          </if>
        </foreach>
      </trim>
      <trim prefix="product_four_type =case id" suffix="end,">
        <foreach collection="recordList" index="index" item="item">
          <if test="item.productFourType !=null ">
            when #{item.id,jdbcType=BIGINT} then #{item.productFourType,jdbcType=VARCHAR}
          </if>
          <if test="item.productFourType ==null ">
            when #{item.id,jdbcType=BIGINT} then b_policy_simple.product_four_type
          </if>
        </foreach>
      </trim>
      <trim prefix="product_three_type =case id" suffix="end,">
        <foreach collection="recordList" index="index" item="item">
          <if test="item.productThreeType !=null ">
            when #{item.id,jdbcType=BIGINT} then #{item.productThreeType,jdbcType=VARCHAR}
          </if>
          <if test="item.productThreeType ==null ">
            when #{item.id,jdbcType=BIGINT} then b_policy_simple.product_three_type
          </if>
        </foreach>
      </trim>
      <trim prefix="product_two_type =case id" suffix="end,">
        <foreach collection="recordList" index="index" item="item">
          <if test="item.productTwoType !=null ">
            when #{item.id,jdbcType=BIGINT} then #{item.productTwoType,jdbcType=VARCHAR}
          </if>
          <if test="item.productTwoType ==null ">
            when #{item.id,jdbcType=BIGINT} then b_policy_simple.product_two_type
          </if>
        </foreach>
      </trim>
      <trim prefix="product_top_type =case id" suffix="end,">
        <foreach collection="recordList" index="index" item="item">
          <if test="item.productTopType !=null ">
            when #{item.id,jdbcType=BIGINT} then #{item.productTopType,jdbcType=VARCHAR}
          </if>
          <if test="item.productTopType ==null ">
            when #{item.id,jdbcType=BIGINT} then b_policy_simple.product_top_type
          </if>
        </foreach>
      </trim>
      <trim prefix="insurant_name =case id" suffix="end,">
        <foreach collection="recordList" index="index" item="item">
          <if test="item.insurantName !=null ">
            when #{item.id,jdbcType=BIGINT} then #{item.insurantName,jdbcType=VARCHAR}
          </if>
          <if test="item.insurantName ==null ">
            when #{item.id,jdbcType=BIGINT} then b_policy_simple.insurant_name
          </if>
        </foreach>
      </trim>
      <trim prefix="status =case id" suffix="end,">
        <foreach collection="recordList" index="index" item="item">
          <if test="item.status !=null ">
            when #{item.id,jdbcType=BIGINT} then #{item.status,jdbcType=TINYINT}
          </if>
          <if test="item.status ==null ">
            when #{item.id,jdbcType=BIGINT} then b_policy_simple.status
          </if>
        </foreach>
      </trim>
      <trim prefix="del_flag =case id" suffix="end,">
        <foreach collection="recordList" index="index" item="item">
          <if test="item.delFlag !=null ">
            when #{item.id,jdbcType=BIGINT} then #{item.delFlag,jdbcType=TINYINT}
          </if>
          <if test="item.delFlag ==null ">
            when #{item.id,jdbcType=BIGINT} then b_policy_simple.del_flag
          </if>
        </foreach>
      </trim>
      <trim prefix="create_by =case id" suffix="end,">
        <foreach collection="recordList" index="index" item="item">
          <if test="item.createBy !=null ">
            when #{item.id,jdbcType=BIGINT} then #{item.createBy,jdbcType=VARCHAR}
          </if>
          <if test="item.createBy ==null ">
            when #{item.id,jdbcType=BIGINT} then b_policy_simple.create_by
          </if>
        </foreach>
      </trim>
      <trim prefix="create_time =case id" suffix="end,">
        <foreach collection="recordList" index="index" item="item">
          <if test="item.createTime !=null ">
            when #{item.id,jdbcType=BIGINT} then #{item.createTime,jdbcType=TIMESTAMP}
          </if>
          <if test="item.createTime ==null ">
            when #{item.id,jdbcType=BIGINT} then b_policy_simple.create_time
          </if>
        </foreach>
      </trim>
      <trim prefix="update_by =case id" suffix="end,">
        <foreach collection="recordList" index="index" item="item">
          <if test="item.updateBy !=null ">
            when #{item.id,jdbcType=BIGINT} then #{item.updateBy,jdbcType=VARCHAR}
          </if>
          <if test="item.updateBy ==null ">
            when #{item.id,jdbcType=BIGINT} then b_policy_simple.update_by
          </if>
        </foreach>
      </trim>
      <trim prefix="update_time =case id" suffix="end,">
        <foreach collection="recordList" index="index" item="item">
          <if test="item.updateTime !=null ">
            when #{item.id,jdbcType=BIGINT} then #{item.updateTime,jdbcType=TIMESTAMP}
          </if>
          <if test="item.updateTime ==null ">
            when #{item.id,jdbcType=BIGINT} then b_policy_simple.update_time
          </if>
        </foreach>
      </trim>
    </trim>
    where id in(
    <foreach collection="recordList" index="index" item="item" separator=",">
      #{item.id,jdbcType=BIGINT}
    </foreach>
    )
  </update>
  <select id="selectOneByExample" parameterType="com.ekangji.policy.infrastructure.dao.dataobject.PolicySimpleDOExample" resultMap="BaseResultMap">
    select
    'true' as QUERYID,
    <include refid="Base_Column_List" />
    from b_policy_simple
    <if test="_parameter != null">
      <include refid="Example_Where_Clause" />
    </if>
    <if test="orderByClause != null">
      order by ${orderByClause}
    </if>
    limit 1
  </select>
</mapper>