<?xml version="1.0" encoding="UTF-8"?>
<!DOCTYPE mapper PUBLIC "-//mybatis.org//DTD Mapper 3.0//EN" "http://mybatis.org/dtd/mybatis-3-mapper.dtd">
<mapper namespace="com.ekangji.policy.infrastructure.dao.PolicyUserRelationMapper">
  <resultMap id="BaseResultMap" type="com.ekangji.policy.infrastructure.dao.dataobject.PolicyUserRelationDO">
    <id column="id" jdbcType="BIGINT" property="id" />
    <result column="relation_id" jdbcType="BIGINT" property="relationId" />
    <result column="policy_id" jdbcType="BIGINT" property="policyId" />
    <result column="user_id" jdbcType="VARCHAR" property="userId" />
    <result column="user_phone" jdbcType="VARCHAR" property="userPhone" />
    <result column="insurant_id" jdbcType="BIGINT" property="insurantId" />
    <result column="backup_user_id" jdbcType="VARCHAR" property="backupUserId" />
    <result column="backup_user_phone" jdbcType="VARCHAR" property="backupUserPhone" />
    <result column="status" jdbcType="TINYINT" property="status" />
    <result column="del_flag" jdbcType="TINYINT" property="delFlag" />
    <result column="create_by" jdbcType="VARCHAR" property="createBy" />
    <result column="create_time" jdbcType="TIMESTAMP" property="createTime" />
    <result column="update_by" jdbcType="VARCHAR" property="updateBy" />
    <result column="update_time" jdbcType="TIMESTAMP" property="updateTime" />
  </resultMap>
  <sql id="Example_Where_Clause">
    <where>
      <foreach collection="oredCriteria" item="criteria" separator="or">
        <if test="criteria.valid">
          <trim prefix="(" prefixOverrides="and" suffix=")">
            <foreach collection="criteria.criteria" item="criterion">
              <choose>
                <when test="criterion.noValue">
                  and ${criterion.condition}
                </when>
                <when test="criterion.singleValue">
                  and ${criterion.condition} #{criterion.value}
                </when>
                <when test="criterion.betweenValue">
                  and ${criterion.condition} #{criterion.value} and #{criterion.secondValue}
                </when>
                <when test="criterion.listValue">
                  and ${criterion.condition}
                  <foreach close=")" collection="criterion.value" item="listItem" open="(" separator=",">
                    #{listItem}
                  </foreach>
                </when>
              </choose>
            </foreach>
          </trim>
        </if>
      </foreach>
    </where>
  </sql>
  <sql id="Update_By_Example_Where_Clause">
    <where>
      <foreach collection="example.oredCriteria" item="criteria" separator="or">
        <if test="criteria.valid">
          <trim prefix="(" prefixOverrides="and" suffix=")">
            <foreach collection="criteria.criteria" item="criterion">
              <choose>
                <when test="criterion.noValue">
                  and ${criterion.condition}
                </when>
                <when test="criterion.singleValue">
                  and ${criterion.condition} #{criterion.value}
                </when>
                <when test="criterion.betweenValue">
                  and ${criterion.condition} #{criterion.value} and #{criterion.secondValue}
                </when>
                <when test="criterion.listValue">
                  and ${criterion.condition}
                  <foreach close=")" collection="criterion.value" item="listItem" open="(" separator=",">
                    #{listItem}
                  </foreach>
                </when>
              </choose>
            </foreach>
          </trim>
        </if>
      </foreach>
    </where>
  </sql>
  <sql id="Base_Column_List">
    id, relation_id, policy_id, user_id, user_phone, insurant_id, backup_user_id, backup_user_phone, 
    `status`, del_flag, create_by, create_time, update_by, update_time
  </sql>
  <select id="selectByExample" parameterType="com.ekangji.policy.infrastructure.dao.dataobject.PolicyUserRelationDOExample" resultMap="BaseResultMap">
    select
    <if test="distinct">
      distinct
    </if>
    'true' as QUERYID,
    <include refid="Base_Column_List" />
    from b_policy_user_relation
    <if test="_parameter != null">
      <include refid="Example_Where_Clause" />
    </if>
    <if test="orderByClause != null">
      order by ${orderByClause}
    </if>
  </select>
  <select id="selectByPrimaryKey" parameterType="java.lang.Long" resultMap="BaseResultMap">
    select 
    <include refid="Base_Column_List" />
    from b_policy_user_relation
    where id = #{id,jdbcType=BIGINT}
  </select>
  <delete id="deleteByPrimaryKey" parameterType="java.lang.Long">
    delete from b_policy_user_relation
    where id = #{id,jdbcType=BIGINT}
  </delete>
  <delete id="deleteByExample" parameterType="com.ekangji.policy.infrastructure.dao.dataobject.PolicyUserRelationDOExample">
    delete from b_policy_user_relation
    <if test="_parameter != null">
      <include refid="Example_Where_Clause" />
    </if>
  </delete>
  <insert id="insert" parameterType="com.ekangji.policy.infrastructure.dao.dataobject.PolicyUserRelationDO">
    <selectKey keyProperty="id" order="AFTER" resultType="java.lang.Long">
      SELECT LAST_INSERT_ID()
    </selectKey>
    insert into b_policy_user_relation (relation_id, policy_id, user_id, 
      user_phone, insurant_id, backup_user_id, 
      backup_user_phone, `status`, del_flag, 
      create_by, create_time, update_by, 
      update_time)
    values (#{relationId,jdbcType=BIGINT}, #{policyId,jdbcType=BIGINT}, #{userId,jdbcType=VARCHAR}, 
      #{userPhone,jdbcType=VARCHAR}, #{insurantId,jdbcType=BIGINT}, #{backupUserId,jdbcType=VARCHAR}, 
      #{backupUserPhone,jdbcType=VARCHAR}, #{status,jdbcType=TINYINT}, #{delFlag,jdbcType=TINYINT}, 
      #{createBy,jdbcType=VARCHAR}, #{createTime,jdbcType=TIMESTAMP}, #{updateBy,jdbcType=VARCHAR}, 
      #{updateTime,jdbcType=TIMESTAMP})
  </insert>
  <insert id="insertSelective" parameterType="com.ekangji.policy.infrastructure.dao.dataobject.PolicyUserRelationDO">
    <selectKey keyProperty="id" order="AFTER" resultType="java.lang.Long">
      SELECT LAST_INSERT_ID()
    </selectKey>
    insert into b_policy_user_relation
    <trim prefix="(" suffix=")" suffixOverrides=",">
      <if test="relationId != null">
        relation_id,
      </if>
      <if test="policyId != null">
        policy_id,
      </if>
      <if test="userId != null">
        user_id,
      </if>
      <if test="userPhone != null">
        user_phone,
      </if>
      <if test="insurantId != null">
        insurant_id,
      </if>
      <if test="backupUserId != null">
        backup_user_id,
      </if>
      <if test="backupUserPhone != null">
        backup_user_phone,
      </if>
      <if test="status != null">
        `status`,
      </if>
      <if test="delFlag != null">
        del_flag,
      </if>
      <if test="createBy != null">
        create_by,
      </if>
      <if test="createTime != null">
        create_time,
      </if>
      <if test="updateBy != null">
        update_by,
      </if>
      <if test="updateTime != null">
        update_time,
      </if>
    </trim>
    <trim prefix="values (" suffix=")" suffixOverrides=",">
      <if test="relationId != null">
        #{relationId,jdbcType=BIGINT},
      </if>
      <if test="policyId != null">
        #{policyId,jdbcType=BIGINT},
      </if>
      <if test="userId != null">
        #{userId,jdbcType=VARCHAR},
      </if>
      <if test="userPhone != null">
        #{userPhone,jdbcType=VARCHAR},
      </if>
      <if test="insurantId != null">
        #{insurantId,jdbcType=BIGINT},
      </if>
      <if test="backupUserId != null">
        #{backupUserId,jdbcType=VARCHAR},
      </if>
      <if test="backupUserPhone != null">
        #{backupUserPhone,jdbcType=VARCHAR},
      </if>
      <if test="status != null">
        #{status,jdbcType=TINYINT},
      </if>
      <if test="delFlag != null">
        #{delFlag,jdbcType=TINYINT},
      </if>
      <if test="createBy != null">
        #{createBy,jdbcType=VARCHAR},
      </if>
      <if test="createTime != null">
        #{createTime,jdbcType=TIMESTAMP},
      </if>
      <if test="updateBy != null">
        #{updateBy,jdbcType=VARCHAR},
      </if>
      <if test="updateTime != null">
        #{updateTime,jdbcType=TIMESTAMP},
      </if>
    </trim>
  </insert>
  <select id="countByExample" parameterType="com.ekangji.policy.infrastructure.dao.dataobject.PolicyUserRelationDOExample" resultType="java.lang.Long">
    select count(*) from b_policy_user_relation
    <if test="_parameter != null">
      <include refid="Example_Where_Clause" />
    </if>
  </select>
  <update id="updateByExampleSelective" parameterType="map">
    update b_policy_user_relation
    <set>
      <if test="record.id != null">
        id = #{record.id,jdbcType=BIGINT},
      </if>
      <if test="record.relationId != null">
        relation_id = #{record.relationId,jdbcType=BIGINT},
      </if>
      <if test="record.policyId != null">
        policy_id = #{record.policyId,jdbcType=BIGINT},
      </if>
      <if test="record.userId != null">
        user_id = #{record.userId,jdbcType=VARCHAR},
      </if>
      <if test="record.userPhone != null">
        user_phone = #{record.userPhone,jdbcType=VARCHAR},
      </if>
      <if test="record.insurantId != null">
        insurant_id = #{record.insurantId,jdbcType=BIGINT},
      </if>
      <if test="record.backupUserId != null">
        backup_user_id = #{record.backupUserId,jdbcType=VARCHAR},
      </if>
      <if test="record.backupUserPhone != null">
        backup_user_phone = #{record.backupUserPhone,jdbcType=VARCHAR},
      </if>
      <if test="record.status != null">
        `status` = #{record.status,jdbcType=TINYINT},
      </if>
      <if test="record.delFlag != null">
        del_flag = #{record.delFlag,jdbcType=TINYINT},
      </if>
      <if test="record.createBy != null">
        create_by = #{record.createBy,jdbcType=VARCHAR},
      </if>
      <if test="record.createTime != null">
        create_time = #{record.createTime,jdbcType=TIMESTAMP},
      </if>
      <if test="record.updateBy != null">
        update_by = #{record.updateBy,jdbcType=VARCHAR},
      </if>
      <if test="record.updateTime != null">
        update_time = #{record.updateTime,jdbcType=TIMESTAMP},
      </if>
    </set>
    <if test="_parameter != null">
      <include refid="Update_By_Example_Where_Clause" />
    </if>
  </update>
  <update id="updateByExample" parameterType="map">
    update b_policy_user_relation
    set id = #{record.id,jdbcType=BIGINT},
      relation_id = #{record.relationId,jdbcType=BIGINT},
      policy_id = #{record.policyId,jdbcType=BIGINT},
      user_id = #{record.userId,jdbcType=VARCHAR},
      user_phone = #{record.userPhone,jdbcType=VARCHAR},
      insurant_id = #{record.insurantId,jdbcType=BIGINT},
      backup_user_id = #{record.backupUserId,jdbcType=VARCHAR},
      backup_user_phone = #{record.backupUserPhone,jdbcType=VARCHAR},
      `status` = #{record.status,jdbcType=TINYINT},
      del_flag = #{record.delFlag,jdbcType=TINYINT},
      create_by = #{record.createBy,jdbcType=VARCHAR},
      create_time = #{record.createTime,jdbcType=TIMESTAMP},
      update_by = #{record.updateBy,jdbcType=VARCHAR},
      update_time = #{record.updateTime,jdbcType=TIMESTAMP}
    <if test="_parameter != null">
      <include refid="Update_By_Example_Where_Clause" />
    </if>
  </update>
  <update id="updateByPrimaryKeySelective" parameterType="com.ekangji.policy.infrastructure.dao.dataobject.PolicyUserRelationDO">
    update b_policy_user_relation
    <set>
      <if test="relationId != null">
        relation_id = #{relationId,jdbcType=BIGINT},
      </if>
      <if test="policyId != null">
        policy_id = #{policyId,jdbcType=BIGINT},
      </if>
      <if test="userId != null">
        user_id = #{userId,jdbcType=VARCHAR},
      </if>
      <if test="userPhone != null">
        user_phone = #{userPhone,jdbcType=VARCHAR},
      </if>
      <if test="insurantId != null">
        insurant_id = #{insurantId,jdbcType=BIGINT},
      </if>
      <if test="backupUserId != null">
        backup_user_id = #{backupUserId,jdbcType=VARCHAR},
      </if>
      <if test="backupUserPhone != null">
        backup_user_phone = #{backupUserPhone,jdbcType=VARCHAR},
      </if>
      <if test="status != null">
        `status` = #{status,jdbcType=TINYINT},
      </if>
      <if test="delFlag != null">
        del_flag = #{delFlag,jdbcType=TINYINT},
      </if>
      <if test="createBy != null">
        create_by = #{createBy,jdbcType=VARCHAR},
      </if>
      <if test="createTime != null">
        create_time = #{createTime,jdbcType=TIMESTAMP},
      </if>
      <if test="updateBy != null">
        update_by = #{updateBy,jdbcType=VARCHAR},
      </if>
      <if test="updateTime != null">
        update_time = #{updateTime,jdbcType=TIMESTAMP},
      </if>
    </set>
    where id = #{id,jdbcType=BIGINT}
  </update>
  <update id="updateByPrimaryKey" parameterType="com.ekangji.policy.infrastructure.dao.dataobject.PolicyUserRelationDO">
    update b_policy_user_relation
    set relation_id = #{relationId,jdbcType=BIGINT},
      policy_id = #{policyId,jdbcType=BIGINT},
      user_id = #{userId,jdbcType=VARCHAR},
      user_phone = #{userPhone,jdbcType=VARCHAR},
      insurant_id = #{insurantId,jdbcType=BIGINT},
      backup_user_id = #{backupUserId,jdbcType=VARCHAR},
      backup_user_phone = #{backupUserPhone,jdbcType=VARCHAR},
      `status` = #{status,jdbcType=TINYINT},
      del_flag = #{delFlag,jdbcType=TINYINT},
      create_by = #{createBy,jdbcType=VARCHAR},
      create_time = #{createTime,jdbcType=TIMESTAMP},
      update_by = #{updateBy,jdbcType=VARCHAR},
      update_time = #{updateTime,jdbcType=TIMESTAMP}
    where id = #{id,jdbcType=BIGINT}
  </update>
  <select id="selectByExampleWithRowbounds" parameterType="com.ekangji.policy.infrastructure.dao.dataobject.PolicyUserRelationDOExample" resultMap="BaseResultMap">
    select
    <if test="distinct">
      distinct
    </if>
    'true' as QUERYID,
    <include refid="Base_Column_List" />
    from b_policy_user_relation
    <if test="_parameter != null">
      <include refid="Example_Where_Clause" />
    </if>
    <if test="orderByClause != null">
      order by ${orderByClause}
    </if>
  </select>
  <insert id="batchInsert" keyColumn="id" keyProperty="id" parameterType="map" useGeneratedKeys="true">
    insert into b_policy_user_relation (relation_id, policy_id, user_id, user_phone, insurant_id, backup_user_id, backup_user_phone, `status`, del_flag, create_by, create_time, update_by, update_time)
    values
    <foreach collection="list" item="item" separator=",">
       (#{item.relationId,jdbcType=BIGINT}, #{item.policyId,jdbcType=BIGINT}, #{item.userId,jdbcType=VARCHAR}, #{item.userPhone,jdbcType=VARCHAR}, #{item.insurantId,jdbcType=BIGINT}, #{item.backupUserId,jdbcType=VARCHAR}, #{item.backupUserPhone,jdbcType=VARCHAR}, #{item.status,jdbcType=TINYINT}, #{item.delFlag,jdbcType=TINYINT}, #{item.createBy,jdbcType=VARCHAR}, #{item.createTime,jdbcType=TIMESTAMP}, #{item.updateBy,jdbcType=VARCHAR}, #{item.updateTime,jdbcType=TIMESTAMP})
    </foreach>
  </insert>
  <delete id="batchDelete" parameterType="java.lang.Long">
    delete from b_policy_user_relation where id in (
    <foreach collection="ids" index="index" item="item" separator=",">
      #{item}
    </foreach>
    )
  </delete>
  <update id="batchUpdate" parameterType="java.util.List">
    update b_policy_user_relation 
    <trim prefix="set" suffixOverrides=",">
      <trim prefix="relation_id =case id" suffix="end,">
        <foreach collection="recordList" index="index" item="item">
          <if test="item.relationId !=null ">
            when #{item.id,jdbcType=BIGINT} then #{item.relationId,jdbcType=BIGINT}
          </if>
          <if test="item.relationId ==null ">
            when #{item.id,jdbcType=BIGINT} then b_policy_user_relation.relation_id
          </if>
        </foreach>
      </trim>
      <trim prefix="policy_id =case id" suffix="end,">
        <foreach collection="recordList" index="index" item="item">
          <if test="item.policyId !=null ">
            when #{item.id,jdbcType=BIGINT} then #{item.policyId,jdbcType=BIGINT}
          </if>
          <if test="item.policyId ==null ">
            when #{item.id,jdbcType=BIGINT} then b_policy_user_relation.policy_id
          </if>
        </foreach>
      </trim>
      <trim prefix="user_id =case id" suffix="end,">
        <foreach collection="recordList" index="index" item="item">
          <if test="item.userId !=null ">
            when #{item.id,jdbcType=BIGINT} then #{item.userId,jdbcType=VARCHAR}
          </if>
          <if test="item.userId ==null ">
            when #{item.id,jdbcType=BIGINT} then b_policy_user_relation.user_id
          </if>
        </foreach>
      </trim>
      <trim prefix="user_phone =case id" suffix="end,">
        <foreach collection="recordList" index="index" item="item">
          <if test="item.userPhone !=null ">
            when #{item.id,jdbcType=BIGINT} then #{item.userPhone,jdbcType=VARCHAR}
          </if>
          <if test="item.userPhone ==null ">
            when #{item.id,jdbcType=BIGINT} then b_policy_user_relation.user_phone
          </if>
        </foreach>
      </trim>
      <trim prefix="insurant_id =case id" suffix="end,">
        <foreach collection="recordList" index="index" item="item">
          <if test="item.insurantId !=null ">
            when #{item.id,jdbcType=BIGINT} then #{item.insurantId,jdbcType=BIGINT}
          </if>
          <if test="item.insurantId ==null ">
            when #{item.id,jdbcType=BIGINT} then b_policy_user_relation.insurant_id
          </if>
        </foreach>
      </trim>
      <trim prefix="backup_user_id =case id" suffix="end,">
        <foreach collection="recordList" index="index" item="item">
          <if test="item.backupUserId !=null ">
            when #{item.id,jdbcType=BIGINT} then #{item.backupUserId,jdbcType=VARCHAR}
          </if>
          <if test="item.backupUserId ==null ">
            when #{item.id,jdbcType=BIGINT} then b_policy_user_relation.backup_user_id
          </if>
        </foreach>
      </trim>
      <trim prefix="backup_user_phone =case id" suffix="end,">
        <foreach collection="recordList" index="index" item="item">
          <if test="item.backupUserPhone !=null ">
            when #{item.id,jdbcType=BIGINT} then #{item.backupUserPhone,jdbcType=VARCHAR}
          </if>
          <if test="item.backupUserPhone ==null ">
            when #{item.id,jdbcType=BIGINT} then b_policy_user_relation.backup_user_phone
          </if>
        </foreach>
      </trim>
      <trim prefix="status =case id" suffix="end,">
        <foreach collection="recordList" index="index" item="item">
          <if test="item.status !=null ">
            when #{item.id,jdbcType=BIGINT} then #{item.status,jdbcType=TINYINT}
          </if>
          <if test="item.status ==null ">
            when #{item.id,jdbcType=BIGINT} then b_policy_user_relation.status
          </if>
        </foreach>
      </trim>
      <trim prefix="del_flag =case id" suffix="end,">
        <foreach collection="recordList" index="index" item="item">
          <if test="item.delFlag !=null ">
            when #{item.id,jdbcType=BIGINT} then #{item.delFlag,jdbcType=TINYINT}
          </if>
          <if test="item.delFlag ==null ">
            when #{item.id,jdbcType=BIGINT} then b_policy_user_relation.del_flag
          </if>
        </foreach>
      </trim>
      <trim prefix="create_by =case id" suffix="end,">
        <foreach collection="recordList" index="index" item="item">
          <if test="item.createBy !=null ">
            when #{item.id,jdbcType=BIGINT} then #{item.createBy,jdbcType=VARCHAR}
          </if>
          <if test="item.createBy ==null ">
            when #{item.id,jdbcType=BIGINT} then b_policy_user_relation.create_by
          </if>
        </foreach>
      </trim>
      <trim prefix="create_time =case id" suffix="end,">
        <foreach collection="recordList" index="index" item="item">
          <if test="item.createTime !=null ">
            when #{item.id,jdbcType=BIGINT} then #{item.createTime,jdbcType=TIMESTAMP}
          </if>
          <if test="item.createTime ==null ">
            when #{item.id,jdbcType=BIGINT} then b_policy_user_relation.create_time
          </if>
        </foreach>
      </trim>
      <trim prefix="update_by =case id" suffix="end,">
        <foreach collection="recordList" index="index" item="item">
          <if test="item.updateBy !=null ">
            when #{item.id,jdbcType=BIGINT} then #{item.updateBy,jdbcType=VARCHAR}
          </if>
          <if test="item.updateBy ==null ">
            when #{item.id,jdbcType=BIGINT} then b_policy_user_relation.update_by
          </if>
        </foreach>
      </trim>
      <trim prefix="update_time =case id" suffix="end,">
        <foreach collection="recordList" index="index" item="item">
          <if test="item.updateTime !=null ">
            when #{item.id,jdbcType=BIGINT} then #{item.updateTime,jdbcType=TIMESTAMP}
          </if>
          <if test="item.updateTime ==null ">
            when #{item.id,jdbcType=BIGINT} then b_policy_user_relation.update_time
          </if>
        </foreach>
      </trim>
    </trim>
    where id in(
    <foreach collection="recordList" index="index" item="item" separator=",">
      #{item.id,jdbcType=BIGINT}
    </foreach>
    )
  </update>
  <select id="selectOneByExample" parameterType="com.ekangji.policy.infrastructure.dao.dataobject.PolicyUserRelationDOExample" resultMap="BaseResultMap">
    select
    'true' as QUERYID,
    <include refid="Base_Column_List" />
    from b_policy_user_relation
    <if test="_parameter != null">
      <include refid="Example_Where_Clause" />
    </if>
    <if test="orderByClause != null">
      order by ${orderByClause}
    </if>
    limit 1
  </select>
</mapper>