<?xml version="1.0" encoding="UTF-8"?>
<!DOCTYPE mapper PUBLIC "-//mybatis.org//DTD Mapper 3.0//EN" "http://mybatis.org/dtd/mybatis-3-mapper.dtd">
<mapper namespace="com.ekangji.policy.infrastructure.dao.policycenter.PolicyAdditionalBOMapper">
  <resultMap id="BaseResultMap" type="com.ekangji.policy.infrastructure.dao.dataobject.PolicyAdditionalBO">
    <id column="id" jdbcType="BIGINT" property="id" />
    <result column="additional_id" jdbcType="BIGINT" property="additionalId" />
    <result column="policy_id" jdbcType="BIGINT" property="policyId" />
    <result column="insurant_id" jdbcType="BIGINT" property="insurantId" />
    <result column="product_id" jdbcType="VARCHAR" property="productId" />
    <result column="product_name" jdbcType="VARCHAR" property="productName" />
    <result column="product_type" jdbcType="VARCHAR" property="productType" />
    <result column="product_top_type" jdbcType="VARCHAR" property="productTopType" />
    <result column="guarantee_period" jdbcType="SMALLINT" property="guaranteePeriod" />
    <result column="guarantee_period_unit" jdbcType="TINYINT" property="guaranteePeriodUnit" />
    <result column="guarantee_end_date" jdbcType="DATE" property="guaranteeEndDate" />
    <result column="pay_period" jdbcType="INTEGER" property="payPeriod" />
    <result column="pay_period_unit" jdbcType="TINYINT" property="payPeriodUnit" />
    <result column="single_premium" jdbcType="DECIMAL" property="singlePremium" />
    <result column="total_premium" jdbcType="DECIMAL" property="totalPremium" />
    <result column="insured_amount" jdbcType="DECIMAL" property="insuredAmount" />
    <result column="status" jdbcType="TINYINT" property="status" />
    <result column="del_flag" jdbcType="TINYINT" property="delFlag" />
    <result column="create_by" jdbcType="VARCHAR" property="createBy" />
    <result column="create_time" jdbcType="TIMESTAMP" property="createTime" />
    <result column="update_by" jdbcType="VARCHAR" property="updateBy" />
    <result column="update_time" jdbcType="TIMESTAMP" property="updateTime" />
  </resultMap>

  <sql id="Base_Column_List">
    id, additional_id, policy_id, product_id, product_name, product_type, product_top_type, 
    guarantee_period, guarantee_period_unit, guarantee_end_date, pay_period, pay_period_unit, 
    single_premium, total_premium, insured_amount, `status`, del_flag, create_by, create_time, 
    update_by, update_time
  </sql>


  <select id="queryPolicyByAgeBracketAndProdType" parameterType="com.ekangji.policy.infrastructure.dao.dataobject.PolicyAdditionalBO" resultMap="BaseResultMap">
    select
    policy.*
    from b_policy_additional policy
    INNER JOIN (select distinct insurant.insurant_id,insurant.policy_id,family.birthday
    from b_user_family_info family
    inner join b_policy_insurant insurant
    on family.member_id = insurant.insurant_id) b
    on policy.policy_id = b.policy_id
    where 1=1
    <if test="status != null">
      and policy.status = #{status,jdbcType=TINYINT}
    </if>
    <if test="productType != null">
      and policy.product_type = #{productType,jdbcType=VARCHAR}
    </if>
    <if test="productTopType != null">
      and policy.product_top_type = #{productTopType,jdbcType=VARCHAR}
    </if>
    <if test="insurantBirthdayBegin != null and insurantBirthdayEnd != null">
      and b.birthday <![CDATA[>]]> #{insurantBirthdayBegin,jdbcType=DATE}
      and b.birthday <![CDATA[<=]]> #{insurantBirthdayEnd,jdbcType=DATE}
    </if>
    <if test="insurantBirthdayBegin != null and insurantBirthdayEnd == null">
      and b.birthday <![CDATA[>=]]> #{insurantBirthdayBegin,jdbcType=DATE}
    </if>
  </select>

  <insert id="batchSave" parameterType="List">
    insert into b_policy_additional (additional_id, policy_id, product_id, product_name,
                                     product_type, product_top_type,product_two_type,product_three_type,
                                     product_four_type,guarantee_period,
                                     guarantee_period_unit, guarantee_end_date, pay_period,
                                     pay_period_unit, single_premium, total_premium, insured_amount)
    values
    <foreach collection="list" item="item" separator=",">
      (#{item.additionalId}, #{item.policyId},
       #{item.productId}, #{item.productName},
       #{item.productType}, #{item.productTopType}, #{item.productTwoType},
       #{item.productThreeType}, #{item.productFourType}, #{item.guaranteePeriod},
       #{item.guaranteePeriodUnit}, #{item.guaranteeEndDate}, #{item.payPeriod},
       #{item.payPeriodUnit}, #{item.singlePremium}, #{item.totalPremium},
       #{item.insuredAmount})
    </foreach>
  </insert>
  <select id="batchGetPolicyList" resultMap="BaseResultMap">
    select <include refid="Base_Column_List"/> from b_policy_additional where  del_flag = 1 and status=1 and  policy_id in (
    <foreach collection="policyIds" index="index" item="item" separator=",">
      #{item}
    </foreach>
    )
  </select>
  <select id="listPolicyByInsurantId" parameterType="com.ekangji.policy.infrastructure.dao.dataobject.PolicyInsurantDO" resultMap="BaseResultMap">
    SELECT a.id, a.policy_id, a.product_id,
    a.product_name,a.product_type, a.product_top_type, a.guarantee_end_date, a.total_premium, b.insurant_id,a.status,a.insured_amount
    FROM b_policy_additional a
    INNER JOIN (select distinct insurant.insurant_id,insurant.policy_id
    from b_user_family_info family
    inner join b_policy_insurant insurant
    on family.member_id = insurant.insurant_id) b
    on a.policy_id = b.policy_id
    WHERE 1=1
    <if test="delFlag != null">
      AND a.del_flag = #{delFlag}
    </if>
    <if test="insurantId != null">
      AND b.insurant_id = #{insurantId}
    </if>
    order by a.id
  </select>

  <update id="logicDeleteByPolicyId" parameterType="com.ekangji.policy.infrastructure.dao.dataobject.PolicyAdditionalDO">
    update b_policy_additional set del_flag = 0
    where policy_id = #{policyId}
  </update>

</mapper>