<?xml version="1.0" encoding="UTF-8"?>
<!DOCTYPE mapper PUBLIC "-//mybatis.org//DTD Mapper 3.0//EN" "http://mybatis.org/dtd/mybatis-3-mapper.dtd">
<mapper namespace="com.ekangji.policy.infrastructure.dao.policycenter.PolicyBackupMessageMapper">
  <resultMap id="BaseResultMap" type="com.ekangji.policy.infrastructure.dao.dataobject.PolicyBackupMessageDO">
    <id column="id" jdbcType="BIGINT" property="id" />
    <result column="message_id" jdbcType="BIGINT" property="messageId" />
    <result column="policy_id" jdbcType="BIGINT" property="policyId" />
    <result column="launch_user_id" jdbcType="VARCHAR" property="launchUserId" />
    <result column="receive_user_id" jdbcType="VARCHAR" property="receiveUserId" />
    <result column="launch_time" jdbcType="TIMESTAMP" property="launchTime" />
    <result column="handle_time" jdbcType="TIMESTAMP" property="handleTime" />
    <result column="status" jdbcType="TINYINT" property="status" />
    <result column="del_flag" jdbcType="TINYINT" property="delFlag" />
    <result column="create_by" jdbcType="VARCHAR" property="createBy" />
    <result column="create_time" jdbcType="TIMESTAMP" property="createTime" />
    <result column="update_by" jdbcType="VARCHAR" property="updateBy" />
    <result column="update_time" jdbcType="TIMESTAMP" property="updateTime" />
    <result column="receive_user_phone" jdbcType="VARCHAR" property="receiveUserPhone" />
  </resultMap>
  <sql id="Example_Where_Clause">
    <where>
      <foreach collection="oredCriteria" item="criteria" separator="or">
        <if test="criteria.valid">
          <trim prefix="(" prefixOverrides="and" suffix=")">
            <foreach collection="criteria.criteria" item="criterion">
              <choose>
                <when test="criterion.noValue">
                  and ${criterion.condition}
                </when>
                <when test="criterion.singleValue">
                  and ${criterion.condition} #{criterion.value}
                </when>
                <when test="criterion.betweenValue">
                  and ${criterion.condition} #{criterion.value} and #{criterion.secondValue}
                </when>
                <when test="criterion.listValue">
                  and ${criterion.condition}
                  <foreach close=")" collection="criterion.value" item="listItem" open="(" separator=",">
                    #{listItem}
                  </foreach>
                </when>
              </choose>
            </foreach>
          </trim>
        </if>
      </foreach>
    </where>
  </sql>
  <sql id="Update_By_Example_Where_Clause">
    <where>
      <foreach collection="example.oredCriteria" item="criteria" separator="or">
        <if test="criteria.valid">
          <trim prefix="(" prefixOverrides="and" suffix=")">
            <foreach collection="criteria.criteria" item="criterion">
              <choose>
                <when test="criterion.noValue">
                  and ${criterion.condition}
                </when>
                <when test="criterion.singleValue">
                  and ${criterion.condition} #{criterion.value}
                </when>
                <when test="criterion.betweenValue">
                  and ${criterion.condition} #{criterion.value} and #{criterion.secondValue}
                </when>
                <when test="criterion.listValue">
                  and ${criterion.condition}
                  <foreach close=")" collection="criterion.value" item="listItem" open="(" separator=",">
                    #{listItem}
                  </foreach>
                </when>
              </choose>
            </foreach>
          </trim>
        </if>
      </foreach>
    </where>
  </sql>
  <sql id="Base_Column_List">
    id, message_id, policy_id, launch_user_id, receive_user_id, launch_time, handle_time, 
    `status`, del_flag, create_by, create_time, update_by, update_time, receive_user_phone
  </sql>
  <select id="selectByExample" parameterType="com.ekangji.policy.infrastructure.dao.dataobject.PolicyBackupMessageDOExample" resultMap="BaseResultMap">
    select
    <if test="distinct">
      distinct
    </if>
    'true' as QUERYID,
    <include refid="Base_Column_List" />
    from b_policy_backup_message
    <if test="_parameter != null">
      <include refid="Example_Where_Clause" />
    </if>
    <if test="orderByClause != null">
      order by ${orderByClause}
    </if>
  </select>
  <select id="selectByPrimaryKey" parameterType="java.lang.Long" resultMap="BaseResultMap">
    select 
    <include refid="Base_Column_List" />
    from b_policy_backup_message
    where id = #{id,jdbcType=BIGINT}
  </select>
  <delete id="deleteByPrimaryKey" parameterType="java.lang.Long">
    delete from b_policy_backup_message
    where id = #{id,jdbcType=BIGINT}
  </delete>
  <delete id="deleteByExample" parameterType="com.ekangji.policy.infrastructure.dao.dataobject.PolicyBackupMessageDOExample">
    delete from b_policy_backup_message
    <if test="_parameter != null">
      <include refid="Example_Where_Clause" />
    </if>
  </delete>
  <insert id="insert" parameterType="com.ekangji.policy.infrastructure.dao.dataobject.PolicyBackupMessageDO">
    <selectKey keyProperty="id" order="AFTER" resultType="java.lang.Long">
      SELECT LAST_INSERT_ID()
    </selectKey>
    insert into b_policy_backup_message (message_id, policy_id, launch_user_id, 
      receive_user_id, launch_time, handle_time, 
      `status`, del_flag, create_by, 
      create_time, update_by, update_time, 
      receive_user_phone)
    values (#{messageId,jdbcType=BIGINT}, #{policyId,jdbcType=BIGINT}, #{launchUserId,jdbcType=VARCHAR}, 
      #{receiveUserId,jdbcType=VARCHAR}, #{launchTime,jdbcType=TIMESTAMP}, #{handleTime,jdbcType=TIMESTAMP}, 
      #{status,jdbcType=TINYINT}, #{delFlag,jdbcType=TINYINT}, #{createBy,jdbcType=VARCHAR}, 
      #{createTime,jdbcType=TIMESTAMP}, #{updateBy,jdbcType=VARCHAR}, #{updateTime,jdbcType=TIMESTAMP}, 
      #{receiveUserPhone,jdbcType=VARCHAR})
  </insert>
  <insert id="insertSelective" parameterType="com.ekangji.policy.infrastructure.dao.dataobject.PolicyBackupMessageDO">
    <selectKey keyProperty="id" order="AFTER" resultType="java.lang.Long">
      SELECT LAST_INSERT_ID()
    </selectKey>
    insert into b_policy_backup_message
    <trim prefix="(" suffix=")" suffixOverrides=",">
      <if test="messageId != null">
        message_id,
      </if>
      <if test="policyId != null">
        policy_id,
      </if>
      <if test="launchUserId != null">
        launch_user_id,
      </if>
      <if test="receiveUserId != null">
        receive_user_id,
      </if>
      <if test="launchTime != null">
        launch_time,
      </if>
      <if test="handleTime != null">
        handle_time,
      </if>
      <if test="status != null">
        `status`,
      </if>
      <if test="delFlag != null">
        del_flag,
      </if>
      <if test="createBy != null">
        create_by,
      </if>
      <if test="createTime != null">
        create_time,
      </if>
      <if test="updateBy != null">
        update_by,
      </if>
      <if test="updateTime != null">
        update_time,
      </if>
      <if test="receiveUserPhone != null">
        receive_user_phone,
      </if>
    </trim>
    <trim prefix="values (" suffix=")" suffixOverrides=",">
      <if test="messageId != null">
        #{messageId,jdbcType=BIGINT},
      </if>
      <if test="policyId != null">
        #{policyId,jdbcType=BIGINT},
      </if>
      <if test="launchUserId != null">
        #{launchUserId,jdbcType=VARCHAR},
      </if>
      <if test="receiveUserId != null">
        #{receiveUserId,jdbcType=VARCHAR},
      </if>
      <if test="launchTime != null">
        #{launchTime,jdbcType=TIMESTAMP},
      </if>
      <if test="handleTime != null">
        #{handleTime,jdbcType=TIMESTAMP},
      </if>
      <if test="status != null">
        #{status,jdbcType=TINYINT},
      </if>
      <if test="delFlag != null">
        #{delFlag,jdbcType=TINYINT},
      </if>
      <if test="createBy != null">
        #{createBy,jdbcType=VARCHAR},
      </if>
      <if test="createTime != null">
        #{createTime,jdbcType=TIMESTAMP},
      </if>
      <if test="updateBy != null">
        #{updateBy,jdbcType=VARCHAR},
      </if>
      <if test="updateTime != null">
        #{updateTime,jdbcType=TIMESTAMP},
      </if>
      <if test="receiveUserPhone != null">
        #{receiveUserPhone,jdbcType=VARCHAR},
      </if>
    </trim>
  </insert>
  <select id="countByExample" parameterType="com.ekangji.policy.infrastructure.dao.dataobject.PolicyBackupMessageDOExample" resultType="java.lang.Long">
    select count(*) from b_policy_backup_message
    <if test="_parameter != null">
      <include refid="Example_Where_Clause" />
    </if>
  </select>
  <update id="updateByExampleSelective" parameterType="map">
    update b_policy_backup_message
    <set>
      <if test="record.id != null">
        id = #{record.id,jdbcType=BIGINT},
      </if>
      <if test="record.messageId != null">
        message_id = #{record.messageId,jdbcType=BIGINT},
      </if>
      <if test="record.policyId != null">
        policy_id = #{record.policyId,jdbcType=BIGINT},
      </if>
      <if test="record.launchUserId != null">
        launch_user_id = #{record.launchUserId,jdbcType=VARCHAR},
      </if>
      <if test="record.receiveUserId != null">
        receive_user_id = #{record.receiveUserId,jdbcType=VARCHAR},
      </if>
      <if test="record.launchTime != null">
        launch_time = #{record.launchTime,jdbcType=TIMESTAMP},
      </if>
      <if test="record.handleTime != null">
        handle_time = #{record.handleTime,jdbcType=TIMESTAMP},
      </if>
      <if test="record.status != null">
        `status` = #{record.status,jdbcType=TINYINT},
      </if>
      <if test="record.delFlag != null">
        del_flag = #{record.delFlag,jdbcType=TINYINT},
      </if>
      <if test="record.createBy != null">
        create_by = #{record.createBy,jdbcType=VARCHAR},
      </if>
      <if test="record.createTime != null">
        create_time = #{record.createTime,jdbcType=TIMESTAMP},
      </if>
      <if test="record.updateBy != null">
        update_by = #{record.updateBy,jdbcType=VARCHAR},
      </if>
      <if test="record.updateTime != null">
        update_time = #{record.updateTime,jdbcType=TIMESTAMP},
      </if>
      <if test="record.receiveUserPhone != null">
        receive_user_phone = #{record.receiveUserPhone,jdbcType=VARCHAR},
      </if>
    </set>
    <if test="_parameter != null">
      <include refid="Update_By_Example_Where_Clause" />
    </if>
  </update>
  <update id="updateByExample" parameterType="map">
    update b_policy_backup_message
    set id = #{record.id,jdbcType=BIGINT},
      message_id = #{record.messageId,jdbcType=BIGINT},
      policy_id = #{record.policyId,jdbcType=BIGINT},
      launch_user_id = #{record.launchUserId,jdbcType=VARCHAR},
      receive_user_id = #{record.receiveUserId,jdbcType=VARCHAR},
      launch_time = #{record.launchTime,jdbcType=TIMESTAMP},
      handle_time = #{record.handleTime,jdbcType=TIMESTAMP},
      `status` = #{record.status,jdbcType=TINYINT},
      del_flag = #{record.delFlag,jdbcType=TINYINT},
      create_by = #{record.createBy,jdbcType=VARCHAR},
      create_time = #{record.createTime,jdbcType=TIMESTAMP},
      update_by = #{record.updateBy,jdbcType=VARCHAR},
      update_time = #{record.updateTime,jdbcType=TIMESTAMP},
      receive_user_phone = #{record.receiveUserPhone,jdbcType=VARCHAR}
    <if test="_parameter != null">
      <include refid="Update_By_Example_Where_Clause" />
    </if>
  </update>
  <update id="updateByPrimaryKeySelective" parameterType="com.ekangji.policy.infrastructure.dao.dataobject.PolicyBackupMessageDO">
    update b_policy_backup_message
    <set>
      <if test="messageId != null">
        message_id = #{messageId,jdbcType=BIGINT},
      </if>
      <if test="policyId != null">
        policy_id = #{policyId,jdbcType=BIGINT},
      </if>
      <if test="launchUserId != null">
        launch_user_id = #{launchUserId,jdbcType=VARCHAR},
      </if>
      <if test="receiveUserId != null">
        receive_user_id = #{receiveUserId,jdbcType=VARCHAR},
      </if>
      <if test="launchTime != null">
        launch_time = #{launchTime,jdbcType=TIMESTAMP},
      </if>
      <if test="handleTime != null">
        handle_time = #{handleTime,jdbcType=TIMESTAMP},
      </if>
      <if test="status != null">
        `status` = #{status,jdbcType=TINYINT},
      </if>
      <if test="delFlag != null">
        del_flag = #{delFlag,jdbcType=TINYINT},
      </if>
      <if test="createBy != null">
        create_by = #{createBy,jdbcType=VARCHAR},
      </if>
      <if test="createTime != null">
        create_time = #{createTime,jdbcType=TIMESTAMP},
      </if>
      <if test="updateBy != null">
        update_by = #{updateBy,jdbcType=VARCHAR},
      </if>
      <if test="updateTime != null">
        update_time = #{updateTime,jdbcType=TIMESTAMP},
      </if>
      <if test="receiveUserPhone != null">
        receive_user_phone = #{receiveUserPhone,jdbcType=VARCHAR},
      </if>
    </set>
    where id = #{id,jdbcType=BIGINT}
  </update>
  <update id="updateByPrimaryKey" parameterType="com.ekangji.policy.infrastructure.dao.dataobject.PolicyBackupMessageDO">
    update b_policy_backup_message
    set message_id = #{messageId,jdbcType=BIGINT},
      policy_id = #{policyId,jdbcType=BIGINT},
      launch_user_id = #{launchUserId,jdbcType=VARCHAR},
      receive_user_id = #{receiveUserId,jdbcType=VARCHAR},
      launch_time = #{launchTime,jdbcType=TIMESTAMP},
      handle_time = #{handleTime,jdbcType=TIMESTAMP},
      `status` = #{status,jdbcType=TINYINT},
      del_flag = #{delFlag,jdbcType=TINYINT},
      create_by = #{createBy,jdbcType=VARCHAR},
      create_time = #{createTime,jdbcType=TIMESTAMP},
      update_by = #{updateBy,jdbcType=VARCHAR},
      update_time = #{updateTime,jdbcType=TIMESTAMP},
      receive_user_phone = #{receiveUserPhone,jdbcType=VARCHAR}
    where id = #{id,jdbcType=BIGINT}
  </update>
  <select id="selectByExampleWithRowbounds" parameterType="com.ekangji.policy.infrastructure.dao.dataobject.PolicyBackupMessageDOExample" resultMap="BaseResultMap">
    select
    <if test="distinct">
      distinct
    </if>
    'true' as QUERYID,
    <include refid="Base_Column_List" />
    from b_policy_backup_message
    <if test="_parameter != null">
      <include refid="Example_Where_Clause" />
    </if>
    <if test="orderByClause != null">
      order by ${orderByClause}
    </if>
  </select>
  <insert id="batchInsert" keyColumn="id" keyProperty="id" parameterType="map" useGeneratedKeys="true">
    insert into b_policy_backup_message (message_id, policy_id, launch_user_id, receive_user_id, launch_time, handle_time, `status`, del_flag, create_by, create_time, update_by, update_time, receive_user_phone)
    values
    <foreach collection="list" item="item" separator=",">
       (#{item.messageId,jdbcType=BIGINT}, #{item.policyId,jdbcType=BIGINT}, #{item.launchUserId,jdbcType=VARCHAR}, #{item.receiveUserId,jdbcType=VARCHAR}, #{item.launchTime,jdbcType=TIMESTAMP}, #{item.handleTime,jdbcType=TIMESTAMP}, #{item.status,jdbcType=TINYINT}, #{item.delFlag,jdbcType=TINYINT}, #{item.createBy,jdbcType=VARCHAR}, #{item.createTime,jdbcType=TIMESTAMP}, #{item.updateBy,jdbcType=VARCHAR}, #{item.updateTime,jdbcType=TIMESTAMP}, #{item.receiveUserPhone,jdbcType=VARCHAR})
    </foreach>
  </insert>
  <delete id="batchDelete" parameterType="java.lang.Long">
    delete from b_policy_backup_message where id in (
    <foreach collection="ids" index="index" item="item" separator=",">
      #{item}
    </foreach>
    )
  </delete>
  <update id="batchUpdate" parameterType="java.util.List">
    update b_policy_backup_message 
    <trim prefix="set" suffixOverrides=",">
      <trim prefix="message_id =case id" suffix="end,">
        <foreach collection="recordList" index="index" item="item">
          <if test="item.messageId !=null ">
            when #{item.id,jdbcType=BIGINT} then #{item.messageId,jdbcType=BIGINT}
          </if>
          <if test="item.messageId ==null ">
            when #{item.id,jdbcType=BIGINT} then b_policy_backup_message.message_id
          </if>
        </foreach>
      </trim>
      <trim prefix="policy_id =case id" suffix="end,">
        <foreach collection="recordList" index="index" item="item">
          <if test="item.policyId !=null ">
            when #{item.id,jdbcType=BIGINT} then #{item.policyId,jdbcType=BIGINT}
          </if>
          <if test="item.policyId ==null ">
            when #{item.id,jdbcType=BIGINT} then b_policy_backup_message.policy_id
          </if>
        </foreach>
      </trim>
      <trim prefix="launch_user_id =case id" suffix="end,">
        <foreach collection="recordList" index="index" item="item">
          <if test="item.launchUserId !=null ">
            when #{item.id,jdbcType=BIGINT} then #{item.launchUserId,jdbcType=VARCHAR}
          </if>
          <if test="item.launchUserId ==null ">
            when #{item.id,jdbcType=BIGINT} then b_policy_backup_message.launch_user_id
          </if>
        </foreach>
      </trim>
      <trim prefix="receive_user_id =case id" suffix="end,">
        <foreach collection="recordList" index="index" item="item">
          <if test="item.receiveUserId !=null ">
            when #{item.id,jdbcType=BIGINT} then #{item.receiveUserId,jdbcType=VARCHAR}
          </if>
          <if test="item.receiveUserId ==null ">
            when #{item.id,jdbcType=BIGINT} then b_policy_backup_message.receive_user_id
          </if>
        </foreach>
      </trim>
      <trim prefix="launch_time =case id" suffix="end,">
        <foreach collection="recordList" index="index" item="item">
          <if test="item.launchTime !=null ">
            when #{item.id,jdbcType=BIGINT} then #{item.launchTime,jdbcType=TIMESTAMP}
          </if>
          <if test="item.launchTime ==null ">
            when #{item.id,jdbcType=BIGINT} then b_policy_backup_message.launch_time
          </if>
        </foreach>
      </trim>
      <trim prefix="handle_time =case id" suffix="end,">
        <foreach collection="recordList" index="index" item="item">
          <if test="item.handleTime !=null ">
            when #{item.id,jdbcType=BIGINT} then #{item.handleTime,jdbcType=TIMESTAMP}
          </if>
          <if test="item.handleTime ==null ">
            when #{item.id,jdbcType=BIGINT} then b_policy_backup_message.handle_time
          </if>
        </foreach>
      </trim>
      <trim prefix="status =case id" suffix="end,">
        <foreach collection="recordList" index="index" item="item">
          <if test="item.status !=null ">
            when #{item.id,jdbcType=BIGINT} then #{item.status,jdbcType=TINYINT}
          </if>
          <if test="item.status ==null ">
            when #{item.id,jdbcType=BIGINT} then b_policy_backup_message.status
          </if>
        </foreach>
      </trim>
      <trim prefix="del_flag =case id" suffix="end,">
        <foreach collection="recordList" index="index" item="item">
          <if test="item.delFlag !=null ">
            when #{item.id,jdbcType=BIGINT} then #{item.delFlag,jdbcType=TINYINT}
          </if>
          <if test="item.delFlag ==null ">
            when #{item.id,jdbcType=BIGINT} then b_policy_backup_message.del_flag
          </if>
        </foreach>
      </trim>
      <trim prefix="create_by =case id" suffix="end,">
        <foreach collection="recordList" index="index" item="item">
          <if test="item.createBy !=null ">
            when #{item.id,jdbcType=BIGINT} then #{item.createBy,jdbcType=VARCHAR}
          </if>
          <if test="item.createBy ==null ">
            when #{item.id,jdbcType=BIGINT} then b_policy_backup_message.create_by
          </if>
        </foreach>
      </trim>
      <trim prefix="create_time =case id" suffix="end,">
        <foreach collection="recordList" index="index" item="item">
          <if test="item.createTime !=null ">
            when #{item.id,jdbcType=BIGINT} then #{item.createTime,jdbcType=TIMESTAMP}
          </if>
          <if test="item.createTime ==null ">
            when #{item.id,jdbcType=BIGINT} then b_policy_backup_message.create_time
          </if>
        </foreach>
      </trim>
      <trim prefix="update_by =case id" suffix="end,">
        <foreach collection="recordList" index="index" item="item">
          <if test="item.updateBy !=null ">
            when #{item.id,jdbcType=BIGINT} then #{item.updateBy,jdbcType=VARCHAR}
          </if>
          <if test="item.updateBy ==null ">
            when #{item.id,jdbcType=BIGINT} then b_policy_backup_message.update_by
          </if>
        </foreach>
      </trim>
      <trim prefix="update_time =case id" suffix="end,">
        <foreach collection="recordList" index="index" item="item">
          <if test="item.updateTime !=null ">
            when #{item.id,jdbcType=BIGINT} then #{item.updateTime,jdbcType=TIMESTAMP}
          </if>
          <if test="item.updateTime ==null ">
            when #{item.id,jdbcType=BIGINT} then b_policy_backup_message.update_time
          </if>
        </foreach>
      </trim>
      <trim prefix="receive_user_phone =case id" suffix="end,">
        <foreach collection="recordList" index="index" item="item">
          <if test="item.receiveUserPhone !=null ">
            when #{item.id,jdbcType=BIGINT} then #{item.receiveUserPhone,jdbcType=VARCHAR}
          </if>
          <if test="item.receiveUserPhone ==null ">
            when #{item.id,jdbcType=BIGINT} then b_policy_backup_message.receive_user_phone
          </if>
        </foreach>
      </trim>
    </trim>
    where id in(
    <foreach collection="recordList" index="index" item="item" separator=",">
      #{item.id,jdbcType=BIGINT}
    </foreach>
    )
  </update>
  <select id="selectOneByExample" parameterType="com.ekangji.policy.infrastructure.dao.dataobject.PolicyBackupMessageDOExample" resultMap="BaseResultMap">
    select
    'true' as QUERYID,
    <include refid="Base_Column_List" />
    from b_policy_backup_message
    <if test="_parameter != null">
      <include refid="Example_Where_Clause" />
    </if>
    <if test="orderByClause != null">
      order by ${orderByClause}
    </if>
    limit 1
  </select>
</mapper>