<?xml version="1.0" encoding="UTF-8"?>
<!DOCTYPE mapper PUBLIC "-//mybatis.org//DTD Mapper 3.0//EN" "http://mybatis.org/dtd/mybatis-3-mapper.dtd">
<mapper namespace="com.ekangji.policy.infrastructure.dao.policycenter.PolicyMemberProductTypeStatisticsBOMapper">
  <resultMap id="BaseResultMap" type="com.ekangji.policy.infrastructure.dao.dataobject.PolicyMemberProductTypeStatisticsBO">
    <id column="id" jdbcType="BIGINT" property="id" />
    <result column="user_id" jdbcType="VARCHAR" property="userId" />
    <result column="member_id" jdbcType="BIGINT" property="memberId" />
    <result column="product_top_type" jdbcType="VARCHAR" property="productTopType" />
    <result column="product_type" jdbcType="VARCHAR" property="productType" />
    <result column="insured_amount_total" jdbcType="DECIMAL" property="insuredAmountTotal" />
    <result column="insured_amount" jdbcType="DECIMAL" property="insuredAmount" />
    <result column="additional_insured_amount" jdbcType="DECIMAL" property="additionalInsuredAmount" />
    <result column="create_by" jdbcType="VARCHAR" property="createBy" />
    <result column="create_time" jdbcType="TIMESTAMP" property="createTime" />
    <result column="update_by" jdbcType="VARCHAR" property="updateBy" />
    <result column="update_time" jdbcType="TIMESTAMP" property="updateTime" />
  </resultMap>

  <sql id="Base_Column_List">
    id, user_id, member_id, product_top_type, product_type, insured_amount_total, insured_amount, 
    additional_insured_amount, create_by, create_time, update_by, update_time
  </sql>

  <select id="findMemberProductTopTypeInfo" parameterType="com.ekangji.policy.infrastructure.dao.dataobject.PolicyMemberProductTypeStatisticsBO" resultMap="BaseResultMap">
    SELECT member_id,sum(insured_amount_total) insured_amount_total,product_top_type FROM b_policy_member_product_type_statistics
    WHERE user_id =#{userId} AND member_id =#{memberId} AND del_flag = #{delFlag}
    GROUP BY product_top_type
  </select>

  <select id="findMemberProductTypeInfo" parameterType="com.ekangji.policy.infrastructure.dao.dataobject.PolicyMemberProductTypeStatisticsBO" resultMap="BaseResultMap">
    SELECT member_id,sum(insured_amount_total) insured_amount_total,product_type FROM b_policy_member_product_type_statistics
    WHERE user_id =#{userId} AND member_id =#{memberId} AND product_top_type =#{productTopType} AND del_flag = #{delFlag}
    GROUP BY product_type
  </select>

  <update id="updateTotalAmountPrimary" parameterType="com.ekangji.policy.infrastructure.dao.dataobject.PolicyMemberProductTypeStatisticsBO">
  update b_policy_member_product_type_statistics
  <set>
    <if test="id != null">
      id = #{id,jdbcType=BIGINT},
    </if>
    <if test="userId != null">
      user_id = #{userId,jdbcType=VARCHAR},
    </if>
    <if test="memberId != null">
      member_id = #{memberId,jdbcType=BIGINT},
    </if>
    <if test="productTopType != null">
      product_top_type = #{productTopType,jdbcType=VARCHAR},
    </if>
    <if test="productType != null">
      product_type = #{productType,jdbcType=VARCHAR},
    </if>
    <if test="insuredAmountTotal != null">
      insured_amount_total = #{insuredAmountTotal,jdbcType=DECIMAL},
    </if>
    <if test="insuredAmount != null">
      insured_amount = #{insuredAmount,jdbcType=DECIMAL},
      insured_amount_total = #{insuredAmount,jdbcType=DECIMAL},
    </if>
    <if test="additionalInsuredAmount != null">
      additional_insured_amount = #{additionalInsuredAmount,jdbcType=DECIMAL},
    </if>
    <if test="status != null">
      `status` = #{status,jdbcType=TINYINT},
    </if>
    <if test="delFlag != null">
      del_flag = #{delFlag,jdbcType=TINYINT},
    </if>
    <if test="createBy != null">
      create_by = #{createBy,jdbcType=VARCHAR},
    </if>
    <if test="createTime != null">
      create_time = #{createTime,jdbcType=TIMESTAMP},
    </if>
    <if test="updateBy != null">
      update_by = #{updateBy,jdbcType=VARCHAR},
    </if>
    <if test="updateTime != null">
      update_time = #{updateTime,jdbcType=TIMESTAMP},
    </if>
  </set>
  where product_type = #{productType,jdbcType=VARCHAR} and member_id = #{memberId,jdbcType=BIGINT}
</update>

  <update id="updateTotalAmountAddition" parameterType="com.ekangji.policy.infrastructure.dao.dataobject.PolicyMemberProductTypeStatisticsBO">
    update b_policy_member_product_type_statistics
    <set>
      <if test="id != null">
        id = #{id,jdbcType=BIGINT},
      </if>
      <if test="userId != null">
        user_id = #{userId,jdbcType=VARCHAR},
      </if>
      <if test="memberId != null">
        member_id = #{memberId,jdbcType=BIGINT},
      </if>
      <if test="productTopType != null">
        product_top_type = #{productTopType,jdbcType=VARCHAR},
      </if>
      <if test="productType != null">
        product_type = #{productType,jdbcType=VARCHAR},
      </if>
      <if test="insuredAmountTotal != null">
        insured_amount_total = #{insuredAmountTotal,jdbcType=DECIMAL},
      </if>
      <if test="insuredAmount != null">
        insured_amount = #{insuredAmount,jdbcType=DECIMAL},
      </if>
      <if test="additionalInsuredAmount != null">
        additional_insured_amount = #{additionalInsuredAmount,jdbcType=DECIMAL},
        insured_amount_total = insured_amount + #{additionalInsuredAmount,jdbcType=DECIMAL},
      </if>
      <if test="status != null">
        `status` = #{status,jdbcType=TINYINT},
      </if>
      <if test="delFlag != null">
        del_flag = #{delFlag,jdbcType=TINYINT},
      </if>
      <if test="createBy != null">
        create_by = #{createBy,jdbcType=VARCHAR},
      </if>
      <if test="createTime != null">
        create_time = #{createTime,jdbcType=TIMESTAMP},
      </if>
      <if test="updateBy != null">
        update_by = #{updateBy,jdbcType=VARCHAR},
      </if>
      <if test="updateTime != null">
        update_time = #{updateTime,jdbcType=TIMESTAMP},
      </if>
    </set>
    where product_type = #{productType,jdbcType=VARCHAR} and member_id = #{memberId,jdbcType=BIGINT}
  </update>
</mapper>