<?xml version="1.0" encoding="UTF-8"?>
<!DOCTYPE mapper PUBLIC "-//mybatis.org//DTD Mapper 3.0//EN" "http://mybatis.org/dtd/mybatis-3-mapper.dtd">
<mapper namespace="com.ekangji.policy.infrastructure.dao.policycenter.PolicyBOMapper">
  <resultMap id="BaseResultMap" type="com.ekangji.policy.infrastructure.dao.dataobject.PolicyBO">
    <id column="id" jdbcType="BIGINT" property="id" />
    <result column="policy_id" jdbcType="BIGINT" property="policyId" />
    <result column="platform" jdbcType="TINYINT" property="platform" />
    <result column="source_type" jdbcType="TINYINT" property="sourceType" />
    <result column="policy_number" jdbcType="VARCHAR" property="policyNumber" />
    <result column="company_id" jdbcType="VARCHAR" property="companyId" />
    <result column="company_name" jdbcType="VARCHAR" property="companyName" />
    <result column="product_id" jdbcType="VARCHAR" property="productId" />
    <result column="product_name" jdbcType="VARCHAR" property="productName" />
    <result column="product_type" jdbcType="VARCHAR" property="productType" />
    <result column="product_top_type" jdbcType="VARCHAR" property="productTopType" />
    <result column="policy_holder_id" jdbcType="BIGINT" property="policyHolderId" />
    <result column="beneficiary_type" jdbcType="TINYINT" property="beneficiaryType" />
    <result column="effective_date" jdbcType="DATE" property="effectiveDate" />
    <result column="guarantee_period" jdbcType="SMALLINT" property="guaranteePeriod" />
    <result column="guarantee_period_unit" jdbcType="TINYINT" property="guaranteePeriodUnit" />
    <result column="guarantee_end_date" jdbcType="DATE" property="guaranteeEndDate" />
    <result column="pay_cycle" jdbcType="TINYINT" property="payCycle" />
    <result column="pay_period" jdbcType="INTEGER" property="payPeriod" />
    <result column="pay_period_unit" jdbcType="TINYINT" property="payPeriodUnit" />
    <result column="single_premium" jdbcType="DECIMAL" property="singlePremium" />
    <result column="total_premium" jdbcType="DECIMAL" property="totalPremium" />
    <result column="insured_amount" jdbcType="DECIMAL" property="insuredAmount" />
    <result column="pay_card_number" jdbcType="VARCHAR" property="payCardNumber" />
    <result column="bank_name" jdbcType="VARCHAR" property="bankName" />
    <result column="handler" jdbcType="VARCHAR" property="handler" />
    <result column="handler_phone" jdbcType="VARCHAR" property="handlerPhone" />
    <result column="remark" jdbcType="VARCHAR" property="remark" />
    <result column="user_id" jdbcType="VARCHAR" property="userId" />
    <result column="status" jdbcType="TINYINT" property="status" />
    <result column="del_flag" jdbcType="TINYINT" property="delFlag" />
    <result column="create_by" jdbcType="VARCHAR" property="createBy" />
    <result column="create_time" jdbcType="TIMESTAMP" property="createTime" />
    <result column="update_by" jdbcType="VARCHAR" property="updateBy" />
    <result column="update_time" jdbcType="TIMESTAMP" property="updateTime" />
    <result column="insurant_id" jdbcType="BIGINT" property="insurantId"/>
  </resultMap>
  <resultMap id="BOMap" type="com.ekangji.policy.infrastructure.dao.dataobject.PolicyPageBO">
    <result column="id" jdbcType="BIGINT" property="id"/>
    <result column="policy_id" jdbcType="BIGINT" property="policyId"/>
    <result column="platform" jdbcType="TINYINT" property="channelType"/>
    <result column="user_id" jdbcType="VARCHAR" property="userId"/>
    <result column="user_phone" jdbcType="VARCHAR" property="phoneNumber"/>
    <result column="company_name" jdbcType="VARCHAR" property="companyName"/>
    <result column="product_name" jdbcType="VARCHAR" property="productName"/>
    <result column="product_type" jdbcType="VARCHAR" property="productType"/>
    <result column="policy_holder_id" jdbcType="BIGINT" property="policyHolderId"/>
    <result column="insurant_id" jdbcType="BIGINT" property="insurantId"/>
    <result column="member_id" jdbcType="TINYINT" property="beneficiaryId"/>
    <result column="product_top_type" jdbcType="VARCHAR" property="productTopType"/>
    <result column="product_two_type" jdbcType="VARCHAR" property="productTwoType"/>
    <result column="product_three_type" jdbcType="VARCHAR" property="productThreeType"/>
    <result column="product_four_type" jdbcType="VARCHAR" property="productFourType"/>
    <result column="status" jdbcType="TINYINT" property="policyStatus"/>
    <result column="single_premium" jdbcType="DECIMAL" property="singlePremium"/>

    <result column="insured_amount" jdbcType="DECIMAL" property="insuredAmount"/>
    <result column="source_type" jdbcType="TINYINT" property="sourceType"/>
    <result column="create_time" jdbcType="TIMESTAMP" property="createTime"/>
    <result column="update_time" jdbcType="TIMESTAMP" property="updateTime"/>
    <result column="effective_date" jdbcType="DATE" property="effectiveDate" />
  </resultMap>
  <sql id="Base_Column_List">
    id, policy_id, platform, source_type, policy_number, company_id, company_name, product_id, 
    product_name, product_type, product_top_type, policy_holder_id, beneficiary_type,
    effective_date, guarantee_period, guarantee_period_unit, guarantee_end_date, pay_cycle, 
    pay_period, pay_period_unit, single_premium, total_premium, insured_amount,
    pay_card_number, bank_name, `handler`, handler_phone, remark, `status`, del_flag, 
    create_by, create_time, update_by, update_time
  </sql>

  <sql id="Union_Column_List">
    policy.id,
    policy.policy_id,
    policy.platform,
    policy.user_id,
    policy.status,
    policy.user_phone,
    policy.company_name,
    policy.product_name,
    policy.product_type,
     policy.product_top_type,
     policy.product_two_type,
     policy.product_three_type,
     policy.product_four_type,
    policy.policy_holder_id,
--     insurant.insurant_id,
--     GROUP_CONCAT(beneficiary.member_id) as beneficiaryIds,
    policy.status,
    policy.single_premium,
    policy.insured_amount,
    policy.source_type,
    policy.create_time,
    policy.update_time,
    policy.effective_date
  </sql>
  <select id="selectByCondition" parameterType="com.ekangji.policy.domain.policy.pojo.PolicyQueryDTO" resultMap="BOMap">
    select
    <include refid="Union_Column_List"/>
    from b_policy policy

    where policy.del_flag = 1
    <if test="phoneNumber != null">
      and policy.user_phone = #{phoneNumber}
    </if>
    <if test="userId != null">
      and policy.user_id = #{userId}
    </if>
    <if test="policyId != null">
      and policy.policy_id = #{policyId}
    </if>
    <if test="companyName != null">
      and policy.company_name like '%${companyName}%'
    </if>
    <if test="productName != null">
      and policy.product_name like '%${productName}%'
    </if>
    <if test="oneLevelType != null">
      and policy.product_top_type = #{oneLevelType}
    </if>
    <if test="twoLevelType != null">
      and policy.product_two_type = #{twoLevelType}
    </if>
    <if test="threeLevelType != null">
      and policy.product_three_type = #{threeLevelType}
    </if>
    <if test="fourLevelType != null">
      and policy.product_four_type = #{fourLevelType}
    </if>
    <if test="channelType != null">
      and policy.platform = #{channelType}
    </if>
    <if test="sourceType != null">
      and policy.source_type = #{sourceType}
    </if>
    <if test="policyCreateTimeStart != null">
      and policy.create_time <![CDATA[ >= ]]> #{policyCreateTimeStart}
    </if>
    <if test="policyCreateTimeEnd != null">
      and policy.create_time <![CDATA[ <= ]]> #{policyCreateTimeEnd}
    </if>
    <if test="policyUpdateTimeStart != null">
      and policy.update_time <![CDATA[ >= ]]> #{policyUpdateTimeStart}
    </if>
    <if test="policyUpdateTimeEnd != null">
      and policy.update_time <![CDATA[ <= ]]> #{policyUpdateTimeEnd}
    </if>
    order by policy.create_time desc
  </select>
  <select id="queryPolicyByAgeBracketAndProdType" parameterType="com.ekangji.policy.infrastructure.dao.dataobject.PolicyBO" resultMap="BaseResultMap">
    select
    policy.policy_id,policy.product_id,policy.product_type,
    policy.product_top_type,policy.guarantee_period,policy.guarantee_end_date,
    policy.single_premium,policy.total_premium,policy.insured_amount,policy.status,b.insurant_id,
    b.birthday
    from b_policy_additional policy
    INNER JOIN (select distinct insurant.insurant_id,insurant.policy_id,family.birthday
    from b_user_family_info family
    inner join b_policy_insurant insurant
    on family.member_id = insurant.insurant_id) b
    on policy.policy_id = b.policy_id
    where 1=1 and del_flag=1
    <if test="status != null">
      and policy.status = #{status,jdbcType=TINYINT}
    </if>
    <if test="productType != null">
      and policy.product_type = #{productType,jdbcType=VARCHAR}
    </if>
    <if test="productTopType != null">
      and policy.product_top_type = #{productTopType,jdbcType=VARCHAR}
    </if>
    <if test="insurantBirthdayBegin != null and insurantBirthdayEnd != null">
      and b.birthday <![CDATA[>]]> #{insurantBirthdayBegin,jdbcType=DATE}
      and b.birthday <![CDATA[<=]]> #{insurantBirthdayEnd,jdbcType=DATE}
    </if>
    <if test="insurantBirthdayBegin == null and insurantBirthdayEnd != null">
      and b.birthday <![CDATA[<=]]> #{insurantBirthdayEnd,jdbcType=DATE}
    </if>
    union
    select
    policy.policy_id,policy.product_id,policy.product_type,
    policy.product_top_type,policy.guarantee_period,policy.guarantee_end_date,
    policy.single_premium,policy.total_premium,policy.insured_amount,policy.status,b.insurant_id,
    b.birthday
    from b_policy policy
    INNER JOIN (select distinct insurant.insurant_id,insurant.policy_id,family.birthday
    from b_user_family_info family
    inner join b_policy_insurant insurant
    on family.member_id = insurant.insurant_id) b
    on policy.policy_id = b.policy_id
    where 1=1 and del_flag=1
    <if test="status != null">
      and policy.status = #{status,jdbcType=TINYINT}
    </if>
    <if test="productType != null">
      and policy.product_type = #{productType,jdbcType=VARCHAR}
    </if>
    <if test="productTopType != null">
      and policy.product_top_type = #{productTopType,jdbcType=VARCHAR}
    </if>
    <if test="insurantBirthdayBegin != null and insurantBirthdayEnd != null">
      and b.birthday <![CDATA[>]]> #{insurantBirthdayBegin,jdbcType=DATE}
      and b.birthday <![CDATA[<=]]> #{insurantBirthdayEnd,jdbcType=DATE}
    </if>
    <if test="insurantBirthdayBegin == null and insurantBirthdayEnd != null">
      and b.birthday <![CDATA[<=]]> #{insurantBirthdayEnd,jdbcType=DATE}
    </if>
  </select>

  <select id="queryPolicyByUserIdAndMemberId" parameterType="com.ekangji.policy.infrastructure.dao.dataobject.PolicyBO" resultMap="BaseResultMap">
    SELECT a.policy_id,a.status,a.guarantee_end_date
    FROM b_policy a
    INNER JOIN b_policy_insurant b ON a.policy_id = b.policy_id
    WHERE a.user_id = #{userId}
    AND a.del_flag = #{delFlag}
    AND b.insurant_id = #{memberId}
  </select>
  <select id="batchGetPolicyList" resultMap="BaseResultMap">
    select <include refid="Base_Column_List"/> from b_policy where del_flag = 1 and status=1 and  policy_id in (
    <foreach collection="policyIds" index="index" item="item" separator=",">
      #{item}
    </foreach>
    )
  </select>
  <select id="listPolicyByInsurantId" parameterType="com.ekangji.policy.infrastructure.dao.dataobject.PolicyInsurantDO" resultMap="BaseResultMap">
    SELECT a.id, a.user_id, a.policy_id, a.platform, a.source_type, a.policy_number, a.product_id,a.insured_amount,
    a.product_name,a.product_type, a.product_top_type, a.guarantee_end_date, a.total_premium, b.insurant_id,a.status
    FROM b_policy a
    INNER JOIN (select distinct insurant.insurant_id,insurant.policy_id
    from b_user_family_info family
    inner join b_policy_insurant insurant
    on family.member_id = insurant.insurant_id) b
    on a.policy_id = b.policy_id
    WHERE 1=1
    <if test="delFlag != null">
      AND a.del_flag = #{delFlag}
    </if>
    <if test="insurantId != null">
      AND b.insurant_id = #{insurantId}
    </if>
    order by a.id
  </select>

  <update id="logicDeleteAdditionalByPolicyId" parameterType="java.lang.Long">
    update b_policy_additional set del_flag = 0
    where policy_id = #{policyId}
  </update>

  <update id="logicDeleteInsurantByPolicyId" parameterType="java.lang.Long">
    update b_policy_insurant set del_flag = 0
    where policy_id = #{policyId}
  </update>

  <update id="logicDeleteBeneficiaryByPolicyId" parameterType="java.lang.Long">
    update b_policy_beneficiary set del_flag = 0
    where policy_id = #{policyId}
  </update>

  <update id="logicDeleteAttchmentByPolicyId" parameterType="java.lang.Long">
    update b_policy_attchment set del_flag = 0
    where policy_id = #{policyId}
  </update>

  <update id="logicDeletePayDetailByPolicyId" parameterType="java.lang.Long">
    update b_policy_pay_detail set del_flag = 0
    where policy_id = #{policyId}
  </update>

  <update id="updateByPolicyId" parameterType="com.ekangji.policy.infrastructure.dao.dataobject.PolicyBO">
    update b_policy
    set
      user_phone = #{userPhone,jdbcType=VARCHAR},
      policy_number = #{policyNumber,jdbcType=VARCHAR},
      company_id = #{companyId,jdbcType=VARCHAR},
      company_name = #{companyName,jdbcType=VARCHAR},
      company_name_short = #{companyNameShort,jdbcType=VARCHAR},
      product_id = #{productId,jdbcType=VARCHAR},
      product_name = #{productName,jdbcType=VARCHAR},
      product_type = #{productType,jdbcType=VARCHAR},
      product_four_type = #{productFourType,jdbcType=VARCHAR},
      product_three_type = #{productThreeType,jdbcType=VARCHAR},
      product_two_type = #{productTwoType,jdbcType=VARCHAR},
      product_top_type = #{productTopType,jdbcType=VARCHAR},
      policy_holder_id = #{policyHolderId,jdbcType=BIGINT},
      beneficiary_type = #{beneficiaryType,jdbcType=TINYINT},
      effective_date = #{effectiveDate,jdbcType=DATE},
      guarantee_period = #{guaranteePeriod,jdbcType=INTEGER},
      guarantee_period_unit = #{guaranteePeriodUnit,jdbcType=TINYINT},
      guarantee_end_date = #{guaranteeEndDate,jdbcType=DATE},
      pay_cycle = #{payCycle,jdbcType=TINYINT},
      pay_period = #{payPeriod,jdbcType=INTEGER},
      pay_period_unit = #{payPeriodUnit,jdbcType=TINYINT},
      single_premium = #{singlePremium,jdbcType=DECIMAL},
      total_premium = #{totalPremium,jdbcType=DECIMAL},
      insured_amount = #{insuredAmount,jdbcType=DECIMAL},
      pay_card_number = #{payCardNumber,jdbcType=VARCHAR},
      bank_name = #{bankName,jdbcType=VARCHAR},
      `handler` = #{handler,jdbcType=VARCHAR},
      handler_phone = #{handlerPhone,jdbcType=VARCHAR},
      remark = #{remark,jdbcType=VARCHAR},
      `status` = #{status,jdbcType=TINYINT},
      create_by = #{createBy,jdbcType=VARCHAR},
      update_by = #{updateBy,jdbcType=VARCHAR}
      where policy_id = #{policyId}
  </update>


</mapper>