<?xml version="1.0" encoding="UTF-8"?>
<!DOCTYPE mapper PUBLIC "-//mybatis.org//DTD Mapper 3.0//EN" "http://mybatis.org/dtd/mybatis-3-mapper.dtd">
<mapper namespace="com.ekangji.policy.infrastructure.dao.policycenter.PolicyMemberProductTypeStatisticsMapper">
  <resultMap id="BaseResultMap" type="com.ekangji.policy.infrastructure.dao.dataobject.PolicyMemberProductTypeStatisticsDO">
    <id column="id" jdbcType="BIGINT" property="id" />
    <result column="user_id" jdbcType="VARCHAR" property="userId" />
    <result column="member_id" jdbcType="BIGINT" property="memberId" />
    <result column="product_top_type" jdbcType="VARCHAR" property="productTopType" />
    <result column="product_type" jdbcType="VARCHAR" property="productType" />
    <result column="insured_amount_total" jdbcType="DECIMAL" property="insuredAmountTotal" />
    <result column="insured_amount" jdbcType="DECIMAL" property="insuredAmount" />
    <result column="additional_insured_amount" jdbcType="DECIMAL" property="additionalInsuredAmount" />
    <result column="status" jdbcType="TINYINT" property="status" />
    <result column="del_flag" jdbcType="TINYINT" property="delFlag" />
    <result column="create_by" jdbcType="VARCHAR" property="createBy" />
    <result column="create_time" jdbcType="TIMESTAMP" property="createTime" />
    <result column="update_by" jdbcType="VARCHAR" property="updateBy" />
    <result column="update_time" jdbcType="TIMESTAMP" property="updateTime" />
  </resultMap>
  <sql id="Example_Where_Clause">
    <where>
      <foreach collection="oredCriteria" item="criteria" separator="or">
        <if test="criteria.valid">
          <trim prefix="(" prefixOverrides="and" suffix=")">
            <foreach collection="criteria.criteria" item="criterion">
              <choose>
                <when test="criterion.noValue">
                  and ${criterion.condition}
                </when>
                <when test="criterion.singleValue">
                  and ${criterion.condition} #{criterion.value}
                </when>
                <when test="criterion.betweenValue">
                  and ${criterion.condition} #{criterion.value} and #{criterion.secondValue}
                </when>
                <when test="criterion.listValue">
                  and ${criterion.condition}
                  <foreach close=")" collection="criterion.value" item="listItem" open="(" separator=",">
                    #{listItem}
                  </foreach>
                </when>
              </choose>
            </foreach>
          </trim>
        </if>
      </foreach>
    </where>
  </sql>
  <sql id="Update_By_Example_Where_Clause">
    <where>
      <foreach collection="example.oredCriteria" item="criteria" separator="or">
        <if test="criteria.valid">
          <trim prefix="(" prefixOverrides="and" suffix=")">
            <foreach collection="criteria.criteria" item="criterion">
              <choose>
                <when test="criterion.noValue">
                  and ${criterion.condition}
                </when>
                <when test="criterion.singleValue">
                  and ${criterion.condition} #{criterion.value}
                </when>
                <when test="criterion.betweenValue">
                  and ${criterion.condition} #{criterion.value} and #{criterion.secondValue}
                </when>
                <when test="criterion.listValue">
                  and ${criterion.condition}
                  <foreach close=")" collection="criterion.value" item="listItem" open="(" separator=",">
                    #{listItem}
                  </foreach>
                </when>
              </choose>
            </foreach>
          </trim>
        </if>
      </foreach>
    </where>
  </sql>
  <sql id="Base_Column_List">
    id, user_id, member_id, product_top_type, product_type, insured_amount_total, insured_amount, 
    additional_insured_amount, `status`, del_flag, create_by, create_time, update_by, 
    update_time
  </sql>
  <select id="selectByExample" parameterType="com.ekangji.policy.infrastructure.dao.dataobject.PolicyMemberProductTypeStatisticsDOExample" resultMap="BaseResultMap">
    select
    <if test="distinct">
      distinct
    </if>
    'true' as QUERYID,
    <include refid="Base_Column_List" />
    from b_policy_member_product_type_statistics
    <if test="_parameter != null">
      <include refid="Example_Where_Clause" />
    </if>
    <if test="orderByClause != null">
      order by ${orderByClause}
    </if>
  </select>
  <select id="selectByPrimaryKey" parameterType="java.lang.Long" resultMap="BaseResultMap">
    select 
    <include refid="Base_Column_List" />
    from b_policy_member_product_type_statistics
    where id = #{id,jdbcType=BIGINT}
  </select>
  <delete id="deleteByPrimaryKey" parameterType="java.lang.Long">
    delete from b_policy_member_product_type_statistics
    where id = #{id,jdbcType=BIGINT}
  </delete>
  <delete id="deleteByExample" parameterType="com.ekangji.policy.infrastructure.dao.dataobject.PolicyMemberProductTypeStatisticsDOExample">
    delete from b_policy_member_product_type_statistics
    <if test="_parameter != null">
      <include refid="Example_Where_Clause" />
    </if>
  </delete>
  <insert id="insert" parameterType="com.ekangji.policy.infrastructure.dao.dataobject.PolicyMemberProductTypeStatisticsDO">
    <selectKey keyProperty="id" order="AFTER" resultType="java.lang.Long">
      SELECT LAST_INSERT_ID()
    </selectKey>
    insert into b_policy_member_product_type_statistics (user_id, member_id, product_top_type, 
      product_type, insured_amount_total, insured_amount, 
      additional_insured_amount, `status`, del_flag, 
      create_by, create_time, update_by, 
      update_time)
    values (#{userId,jdbcType=VARCHAR}, #{memberId,jdbcType=BIGINT}, #{productTopType,jdbcType=VARCHAR}, 
      #{productType,jdbcType=VARCHAR}, #{insuredAmountTotal,jdbcType=DECIMAL}, #{insuredAmount,jdbcType=DECIMAL}, 
      #{additionalInsuredAmount,jdbcType=DECIMAL}, #{status,jdbcType=TINYINT}, #{delFlag,jdbcType=TINYINT}, 
      #{createBy,jdbcType=VARCHAR}, #{createTime,jdbcType=TIMESTAMP}, #{updateBy,jdbcType=VARCHAR}, 
      #{updateTime,jdbcType=TIMESTAMP})
  </insert>
  <insert id="insertSelective" parameterType="com.ekangji.policy.infrastructure.dao.dataobject.PolicyMemberProductTypeStatisticsDO">
    <selectKey keyProperty="id" order="AFTER" resultType="java.lang.Long">
      SELECT LAST_INSERT_ID()
    </selectKey>
    insert into b_policy_member_product_type_statistics
    <trim prefix="(" suffix=")" suffixOverrides=",">
      <if test="userId != null">
        user_id,
      </if>
      <if test="memberId != null">
        member_id,
      </if>
      <if test="productTopType != null">
        product_top_type,
      </if>
      <if test="productType != null">
        product_type,
      </if>
      <if test="insuredAmountTotal != null">
        insured_amount_total,
      </if>
      <if test="insuredAmount != null">
        insured_amount,
      </if>
      <if test="additionalInsuredAmount != null">
        additional_insured_amount,
      </if>
      <if test="status != null">
        `status`,
      </if>
      <if test="delFlag != null">
        del_flag,
      </if>
      <if test="createBy != null">
        create_by,
      </if>
      <if test="createTime != null">
        create_time,
      </if>
      <if test="updateBy != null">
        update_by,
      </if>
      <if test="updateTime != null">
        update_time,
      </if>
    </trim>
    <trim prefix="values (" suffix=")" suffixOverrides=",">
      <if test="userId != null">
        #{userId,jdbcType=VARCHAR},
      </if>
      <if test="memberId != null">
        #{memberId,jdbcType=BIGINT},
      </if>
      <if test="productTopType != null">
        #{productTopType,jdbcType=VARCHAR},
      </if>
      <if test="productType != null">
        #{productType,jdbcType=VARCHAR},
      </if>
      <if test="insuredAmountTotal != null">
        #{insuredAmountTotal,jdbcType=DECIMAL},
      </if>
      <if test="insuredAmount != null">
        #{insuredAmount,jdbcType=DECIMAL},
      </if>
      <if test="additionalInsuredAmount != null">
        #{additionalInsuredAmount,jdbcType=DECIMAL},
      </if>
      <if test="status != null">
        #{status,jdbcType=TINYINT},
      </if>
      <if test="delFlag != null">
        #{delFlag,jdbcType=TINYINT},
      </if>
      <if test="createBy != null">
        #{createBy,jdbcType=VARCHAR},
      </if>
      <if test="createTime != null">
        #{createTime,jdbcType=TIMESTAMP},
      </if>
      <if test="updateBy != null">
        #{updateBy,jdbcType=VARCHAR},
      </if>
      <if test="updateTime != null">
        #{updateTime,jdbcType=TIMESTAMP},
      </if>
    </trim>
  </insert>
  <select id="countByExample" parameterType="com.ekangji.policy.infrastructure.dao.dataobject.PolicyMemberProductTypeStatisticsDOExample" resultType="java.lang.Long">
    select count(*) from b_policy_member_product_type_statistics
    <if test="_parameter != null">
      <include refid="Example_Where_Clause" />
    </if>
  </select>
  <update id="updateByExampleSelective" parameterType="map">
    update b_policy_member_product_type_statistics
    <set>
      <if test="record.id != null">
        id = #{record.id,jdbcType=BIGINT},
      </if>
      <if test="record.userId != null">
        user_id = #{record.userId,jdbcType=VARCHAR},
      </if>
      <if test="record.memberId != null">
        member_id = #{record.memberId,jdbcType=BIGINT},
      </if>
      <if test="record.productTopType != null">
        product_top_type = #{record.productTopType,jdbcType=VARCHAR},
      </if>
      <if test="record.productType != null">
        product_type = #{record.productType,jdbcType=VARCHAR},
      </if>
      <if test="record.insuredAmountTotal != null">
        insured_amount_total = #{record.insuredAmountTotal,jdbcType=DECIMAL},
      </if>
      <if test="record.insuredAmount != null">
        insured_amount = #{record.insuredAmount,jdbcType=DECIMAL},
      </if>
      <if test="record.additionalInsuredAmount != null">
        additional_insured_amount = #{record.additionalInsuredAmount,jdbcType=DECIMAL},
      </if>
      <if test="record.status != null">
        `status` = #{record.status,jdbcType=TINYINT},
      </if>
      <if test="record.delFlag != null">
        del_flag = #{record.delFlag,jdbcType=TINYINT},
      </if>
      <if test="record.createBy != null">
        create_by = #{record.createBy,jdbcType=VARCHAR},
      </if>
      <if test="record.createTime != null">
        create_time = #{record.createTime,jdbcType=TIMESTAMP},
      </if>
      <if test="record.updateBy != null">
        update_by = #{record.updateBy,jdbcType=VARCHAR},
      </if>
      <if test="record.updateTime != null">
        update_time = #{record.updateTime,jdbcType=TIMESTAMP},
      </if>
    </set>
    <if test="_parameter != null">
      <include refid="Update_By_Example_Where_Clause" />
    </if>
  </update>
  <update id="updateByExample" parameterType="map">
    update b_policy_member_product_type_statistics
    set id = #{record.id,jdbcType=BIGINT},
      user_id = #{record.userId,jdbcType=VARCHAR},
      member_id = #{record.memberId,jdbcType=BIGINT},
      product_top_type = #{record.productTopType,jdbcType=VARCHAR},
      product_type = #{record.productType,jdbcType=VARCHAR},
      insured_amount_total = #{record.insuredAmountTotal,jdbcType=DECIMAL},
      insured_amount = #{record.insuredAmount,jdbcType=DECIMAL},
      additional_insured_amount = #{record.additionalInsuredAmount,jdbcType=DECIMAL},
      `status` = #{record.status,jdbcType=TINYINT},
      del_flag = #{record.delFlag,jdbcType=TINYINT},
      create_by = #{record.createBy,jdbcType=VARCHAR},
      create_time = #{record.createTime,jdbcType=TIMESTAMP},
      update_by = #{record.updateBy,jdbcType=VARCHAR},
      update_time = #{record.updateTime,jdbcType=TIMESTAMP}
    <if test="_parameter != null">
      <include refid="Update_By_Example_Where_Clause" />
    </if>
  </update>
  <update id="updateByPrimaryKeySelective" parameterType="com.ekangji.policy.infrastructure.dao.dataobject.PolicyMemberProductTypeStatisticsDO">
    update b_policy_member_product_type_statistics
    <set>
      <if test="userId != null">
        user_id = #{userId,jdbcType=VARCHAR},
      </if>
      <if test="memberId != null">
        member_id = #{memberId,jdbcType=BIGINT},
      </if>
      <if test="productTopType != null">
        product_top_type = #{productTopType,jdbcType=VARCHAR},
      </if>
      <if test="productType != null">
        product_type = #{productType,jdbcType=VARCHAR},
      </if>
      <if test="insuredAmountTotal != null">
        insured_amount_total = #{insuredAmountTotal,jdbcType=DECIMAL},
      </if>
      <if test="insuredAmount != null">
        insured_amount = #{insuredAmount,jdbcType=DECIMAL},
      </if>
      <if test="additionalInsuredAmount != null">
        additional_insured_amount = #{additionalInsuredAmount,jdbcType=DECIMAL},
      </if>
      <if test="status != null">
        `status` = #{status,jdbcType=TINYINT},
      </if>
      <if test="delFlag != null">
        del_flag = #{delFlag,jdbcType=TINYINT},
      </if>
      <if test="createBy != null">
        create_by = #{createBy,jdbcType=VARCHAR},
      </if>
      <if test="createTime != null">
        create_time = #{createTime,jdbcType=TIMESTAMP},
      </if>
      <if test="updateBy != null">
        update_by = #{updateBy,jdbcType=VARCHAR},
      </if>
      <if test="updateTime != null">
        update_time = #{updateTime,jdbcType=TIMESTAMP},
      </if>
    </set>
    where id = #{id,jdbcType=BIGINT}
  </update>
  <update id="updateByPrimaryKey" parameterType="com.ekangji.policy.infrastructure.dao.dataobject.PolicyMemberProductTypeStatisticsDO">
    update b_policy_member_product_type_statistics
    set user_id = #{userId,jdbcType=VARCHAR},
      member_id = #{memberId,jdbcType=BIGINT},
      product_top_type = #{productTopType,jdbcType=VARCHAR},
      product_type = #{productType,jdbcType=VARCHAR},
      insured_amount_total = #{insuredAmountTotal,jdbcType=DECIMAL},
      insured_amount = #{insuredAmount,jdbcType=DECIMAL},
      additional_insured_amount = #{additionalInsuredAmount,jdbcType=DECIMAL},
      `status` = #{status,jdbcType=TINYINT},
      del_flag = #{delFlag,jdbcType=TINYINT},
      create_by = #{createBy,jdbcType=VARCHAR},
      create_time = #{createTime,jdbcType=TIMESTAMP},
      update_by = #{updateBy,jdbcType=VARCHAR},
      update_time = #{updateTime,jdbcType=TIMESTAMP}
    where id = #{id,jdbcType=BIGINT}
  </update>
  <select id="selectByExampleWithRowbounds" parameterType="com.ekangji.policy.infrastructure.dao.dataobject.PolicyMemberProductTypeStatisticsDOExample" resultMap="BaseResultMap">
    select
    <if test="distinct">
      distinct
    </if>
    'true' as QUERYID,
    <include refid="Base_Column_List" />
    from b_policy_member_product_type_statistics
    <if test="_parameter != null">
      <include refid="Example_Where_Clause" />
    </if>
    <if test="orderByClause != null">
      order by ${orderByClause}
    </if>
  </select>
  <insert id="batchInsert" keyColumn="id" keyProperty="id" parameterType="map" useGeneratedKeys="true">
    insert into b_policy_member_product_type_statistics (user_id, member_id, product_top_type, product_type, insured_amount_total, insured_amount, additional_insured_amount, `status`, del_flag, create_by, create_time, update_by, update_time)
    values
    <foreach collection="list" item="item" separator=",">
       (#{item.userId,jdbcType=VARCHAR}, #{item.memberId,jdbcType=BIGINT}, #{item.productTopType,jdbcType=VARCHAR}, #{item.productType,jdbcType=VARCHAR}, #{item.insuredAmountTotal,jdbcType=DECIMAL}, #{item.insuredAmount,jdbcType=DECIMAL}, #{item.additionalInsuredAmount,jdbcType=DECIMAL}, #{item.status,jdbcType=TINYINT}, #{item.delFlag,jdbcType=TINYINT}, #{item.createBy,jdbcType=VARCHAR}, #{item.createTime,jdbcType=TIMESTAMP}, #{item.updateBy,jdbcType=VARCHAR}, #{item.updateTime,jdbcType=TIMESTAMP})
    </foreach>
  </insert>
  <delete id="batchDelete" parameterType="java.lang.Long">
    delete from b_policy_member_product_type_statistics where id in (
    <foreach collection="ids" index="index" item="item" separator=",">
      #{item}
    </foreach>
    )
  </delete>
  <update id="batchUpdate" parameterType="java.util.List">
    update b_policy_member_product_type_statistics 
    <trim prefix="set" suffixOverrides=",">
      <trim prefix="user_id =case id" suffix="end,">
        <foreach collection="recordList" index="index" item="item">
          <if test="item.userId !=null ">
            when #{item.id,jdbcType=BIGINT} then #{item.userId,jdbcType=VARCHAR}
          </if>
          <if test="item.userId ==null ">
            when #{item.id,jdbcType=BIGINT} then b_policy_member_product_type_statistics.user_id
          </if>
        </foreach>
      </trim>
      <trim prefix="member_id =case id" suffix="end,">
        <foreach collection="recordList" index="index" item="item">
          <if test="item.memberId !=null ">
            when #{item.id,jdbcType=BIGINT} then #{item.memberId,jdbcType=BIGINT}
          </if>
          <if test="item.memberId ==null ">
            when #{item.id,jdbcType=BIGINT} then b_policy_member_product_type_statistics.member_id
          </if>
        </foreach>
      </trim>
      <trim prefix="product_top_type =case id" suffix="end,">
        <foreach collection="recordList" index="index" item="item">
          <if test="item.productTopType !=null ">
            when #{item.id,jdbcType=BIGINT} then #{item.productTopType,jdbcType=VARCHAR}
          </if>
          <if test="item.productTopType ==null ">
            when #{item.id,jdbcType=BIGINT} then b_policy_member_product_type_statistics.product_top_type
          </if>
        </foreach>
      </trim>
      <trim prefix="product_type =case id" suffix="end,">
        <foreach collection="recordList" index="index" item="item">
          <if test="item.productType !=null ">
            when #{item.id,jdbcType=BIGINT} then #{item.productType,jdbcType=VARCHAR}
          </if>
          <if test="item.productType ==null ">
            when #{item.id,jdbcType=BIGINT} then b_policy_member_product_type_statistics.product_type
          </if>
        </foreach>
      </trim>
      <trim prefix="insured_amount_total =case id" suffix="end,">
        <foreach collection="recordList" index="index" item="item">
          <if test="item.insuredAmountTotal !=null ">
            when #{item.id,jdbcType=BIGINT} then #{item.insuredAmountTotal,jdbcType=DECIMAL}
          </if>
          <if test="item.insuredAmountTotal ==null ">
            when #{item.id,jdbcType=BIGINT} then b_policy_member_product_type_statistics.insured_amount_total
          </if>
        </foreach>
      </trim>
      <trim prefix="insured_amount =case id" suffix="end,">
        <foreach collection="recordList" index="index" item="item">
          <if test="item.insuredAmount !=null ">
            when #{item.id,jdbcType=BIGINT} then #{item.insuredAmount,jdbcType=DECIMAL}
          </if>
          <if test="item.insuredAmount ==null ">
            when #{item.id,jdbcType=BIGINT} then b_policy_member_product_type_statistics.insured_amount
          </if>
        </foreach>
      </trim>
      <trim prefix="additional_insured_amount =case id" suffix="end,">
        <foreach collection="recordList" index="index" item="item">
          <if test="item.additionalInsuredAmount !=null ">
            when #{item.id,jdbcType=BIGINT} then #{item.additionalInsuredAmount,jdbcType=DECIMAL}
          </if>
          <if test="item.additionalInsuredAmount ==null ">
            when #{item.id,jdbcType=BIGINT} then b_policy_member_product_type_statistics.additional_insured_amount
          </if>
        </foreach>
      </trim>
      <trim prefix="status =case id" suffix="end,">
        <foreach collection="recordList" index="index" item="item">
          <if test="item.status !=null ">
            when #{item.id,jdbcType=BIGINT} then #{item.status,jdbcType=TINYINT}
          </if>
          <if test="item.status ==null ">
            when #{item.id,jdbcType=BIGINT} then b_policy_member_product_type_statistics.status
          </if>
        </foreach>
      </trim>
      <trim prefix="del_flag =case id" suffix="end,">
        <foreach collection="recordList" index="index" item="item">
          <if test="item.delFlag !=null ">
            when #{item.id,jdbcType=BIGINT} then #{item.delFlag,jdbcType=TINYINT}
          </if>
          <if test="item.delFlag ==null ">
            when #{item.id,jdbcType=BIGINT} then b_policy_member_product_type_statistics.del_flag
          </if>
        </foreach>
      </trim>
      <trim prefix="create_by =case id" suffix="end,">
        <foreach collection="recordList" index="index" item="item">
          <if test="item.createBy !=null ">
            when #{item.id,jdbcType=BIGINT} then #{item.createBy,jdbcType=VARCHAR}
          </if>
          <if test="item.createBy ==null ">
            when #{item.id,jdbcType=BIGINT} then b_policy_member_product_type_statistics.create_by
          </if>
        </foreach>
      </trim>
      <trim prefix="create_time =case id" suffix="end,">
        <foreach collection="recordList" index="index" item="item">
          <if test="item.createTime !=null ">
            when #{item.id,jdbcType=BIGINT} then #{item.createTime,jdbcType=TIMESTAMP}
          </if>
          <if test="item.createTime ==null ">
            when #{item.id,jdbcType=BIGINT} then b_policy_member_product_type_statistics.create_time
          </if>
        </foreach>
      </trim>
      <trim prefix="update_by =case id" suffix="end,">
        <foreach collection="recordList" index="index" item="item">
          <if test="item.updateBy !=null ">
            when #{item.id,jdbcType=BIGINT} then #{item.updateBy,jdbcType=VARCHAR}
          </if>
          <if test="item.updateBy ==null ">
            when #{item.id,jdbcType=BIGINT} then b_policy_member_product_type_statistics.update_by
          </if>
        </foreach>
      </trim>
      <trim prefix="update_time =case id" suffix="end,">
        <foreach collection="recordList" index="index" item="item">
          <if test="item.updateTime !=null ">
            when #{item.id,jdbcType=BIGINT} then #{item.updateTime,jdbcType=TIMESTAMP}
          </if>
          <if test="item.updateTime ==null ">
            when #{item.id,jdbcType=BIGINT} then b_policy_member_product_type_statistics.update_time
          </if>
        </foreach>
      </trim>
    </trim>
    where id in(
    <foreach collection="recordList" index="index" item="item" separator=",">
      #{item.id,jdbcType=BIGINT}
    </foreach>
    )
  </update>
  <select id="selectOneByExample" parameterType="com.ekangji.policy.infrastructure.dao.dataobject.PolicyMemberProductTypeStatisticsDOExample" resultMap="BaseResultMap">
    select
    'true' as QUERYID,
    <include refid="Base_Column_List" />
    from b_policy_member_product_type_statistics
    <if test="_parameter != null">
      <include refid="Example_Where_Clause" />
    </if>
    <if test="orderByClause != null">
      order by ${orderByClause}
    </if>
    limit 1
  </select>
</mapper>