<?xml version="1.0" encoding="UTF-8"?>
<!DOCTYPE mapper PUBLIC "-//mybatis.org//DTD Mapper 3.0//EN" "http://mybatis.org/dtd/mybatis-3-mapper.dtd">
<mapper namespace="com.ekangji.policy.infrastructure.dao.policycenter.PolicyMapper">
  <resultMap id="BaseResultMap" type="com.ekangji.policy.infrastructure.dao.dataobject.PolicyDO">
    <id column="id" jdbcType="BIGINT" property="id" />
    <result column="policy_id" jdbcType="BIGINT" property="policyId" />
    <result column="platform" jdbcType="TINYINT" property="platform" />
    <result column="source_type" jdbcType="TINYINT" property="sourceType" />
    <result column="user_id" jdbcType="VARCHAR" property="userId" />
    <result column="user_phone" jdbcType="VARCHAR" property="userPhone" />
    <result column="policy_number" jdbcType="VARCHAR" property="policyNumber" />
    <result column="company_id" jdbcType="VARCHAR" property="companyId" />
    <result column="company_name" jdbcType="VARCHAR" property="companyName" />
    <result column="company_name_short" jdbcType="VARCHAR" property="companyNameShort" />
    <result column="product_id" jdbcType="VARCHAR" property="productId" />
    <result column="product_name" jdbcType="VARCHAR" property="productName" />
    <result column="product_type" jdbcType="VARCHAR" property="productType" />
    <result column="product_four_type" jdbcType="VARCHAR" property="productFourType" />
    <result column="product_three_type" jdbcType="VARCHAR" property="productThreeType" />
    <result column="product_two_type" jdbcType="VARCHAR" property="productTwoType" />
    <result column="product_top_type" jdbcType="VARCHAR" property="productTopType" />
    <result column="policy_holder_id" jdbcType="BIGINT" property="policyHolderId" />
    <result column="beneficiary_type" jdbcType="TINYINT" property="beneficiaryType" />
    <result column="effective_date" jdbcType="DATE" property="effectiveDate" />
    <result column="guarantee_period" jdbcType="INTEGER" property="guaranteePeriod" />
    <result column="guarantee_period_unit" jdbcType="TINYINT" property="guaranteePeriodUnit" />
    <result column="guarantee_end_date" jdbcType="DATE" property="guaranteeEndDate" />
    <result column="pay_cycle" jdbcType="TINYINT" property="payCycle" />
    <result column="pay_period" jdbcType="INTEGER" property="payPeriod" />
    <result column="pay_period_unit" jdbcType="TINYINT" property="payPeriodUnit" />
    <result column="single_premium" jdbcType="DECIMAL" property="singlePremium" />
    <result column="total_premium" jdbcType="DECIMAL" property="totalPremium" />
    <result column="insured_amount" jdbcType="DECIMAL" property="insuredAmount" />
    <result column="pay_card_number" jdbcType="VARCHAR" property="payCardNumber" />
    <result column="bank_name" jdbcType="VARCHAR" property="bankName" />
    <result column="handler" jdbcType="VARCHAR" property="handler" />
    <result column="handler_phone" jdbcType="VARCHAR" property="handlerPhone" />
    <result column="remark" jdbcType="VARCHAR" property="remark" />
    <result column="status" jdbcType="TINYINT" property="status" />
    <result column="del_flag" jdbcType="TINYINT" property="delFlag" />
    <result column="create_by" jdbcType="VARCHAR" property="createBy" />
    <result column="create_time" jdbcType="TIMESTAMP" property="createTime" />
    <result column="update_by" jdbcType="VARCHAR" property="updateBy" />
    <result column="update_time" jdbcType="TIMESTAMP" property="updateTime" />
  </resultMap>
  <sql id="Example_Where_Clause">
    <where>
      <foreach collection="oredCriteria" item="criteria" separator="or">
        <if test="criteria.valid">
          <trim prefix="(" prefixOverrides="and" suffix=")">
            <foreach collection="criteria.criteria" item="criterion">
              <choose>
                <when test="criterion.noValue">
                  and ${criterion.condition}
                </when>
                <when test="criterion.singleValue">
                  and ${criterion.condition} #{criterion.value}
                </when>
                <when test="criterion.betweenValue">
                  and ${criterion.condition} #{criterion.value} and #{criterion.secondValue}
                </when>
                <when test="criterion.listValue">
                  and ${criterion.condition}
                  <foreach close=")" collection="criterion.value" item="listItem" open="(" separator=",">
                    #{listItem}
                  </foreach>
                </when>
              </choose>
            </foreach>
          </trim>
        </if>
      </foreach>
    </where>
  </sql>
  <sql id="Update_By_Example_Where_Clause">
    <where>
      <foreach collection="example.oredCriteria" item="criteria" separator="or">
        <if test="criteria.valid">
          <trim prefix="(" prefixOverrides="and" suffix=")">
            <foreach collection="criteria.criteria" item="criterion">
              <choose>
                <when test="criterion.noValue">
                  and ${criterion.condition}
                </when>
                <when test="criterion.singleValue">
                  and ${criterion.condition} #{criterion.value}
                </when>
                <when test="criterion.betweenValue">
                  and ${criterion.condition} #{criterion.value} and #{criterion.secondValue}
                </when>
                <when test="criterion.listValue">
                  and ${criterion.condition}
                  <foreach close=")" collection="criterion.value" item="listItem" open="(" separator=",">
                    #{listItem}
                  </foreach>
                </when>
              </choose>
            </foreach>
          </trim>
        </if>
      </foreach>
    </where>
  </sql>
  <sql id="Base_Column_List">
    id, policy_id, platform, source_type, user_id, user_phone, policy_number, company_id, 
    company_name, company_name_short, product_id, product_name, product_type, product_four_type, 
    product_three_type, product_two_type, product_top_type, policy_holder_id, beneficiary_type, 
    effective_date, guarantee_period, guarantee_period_unit, guarantee_end_date, pay_cycle, 
    pay_period, pay_period_unit, single_premium, total_premium, insured_amount, pay_card_number, 
    bank_name, `handler`, handler_phone, remark, `status`, del_flag, create_by, create_time, 
    update_by, update_time
  </sql>
  <select id="selectByExample" parameterType="com.ekangji.policy.infrastructure.dao.dataobject.PolicyDOExample" resultMap="BaseResultMap">
    select
    <if test="distinct">
      distinct
    </if>
    'true' as QUERYID,
    <include refid="Base_Column_List" />
    from b_policy
    <if test="_parameter != null">
      <include refid="Example_Where_Clause" />
    </if>
    <if test="orderByClause != null">
      order by ${orderByClause}
    </if>
  </select>
  <select id="selectByPrimaryKey" parameterType="java.lang.Long" resultMap="BaseResultMap">
    select 
    <include refid="Base_Column_List" />
    from b_policy
    where id = #{id,jdbcType=BIGINT}
  </select>
  <delete id="deleteByPrimaryKey" parameterType="java.lang.Long">
    delete from b_policy
    where id = #{id,jdbcType=BIGINT}
  </delete>
  <delete id="deleteByExample" parameterType="com.ekangji.policy.infrastructure.dao.dataobject.PolicyDOExample">
    delete from b_policy
    <if test="_parameter != null">
      <include refid="Example_Where_Clause" />
    </if>
  </delete>
  <insert id="insert" parameterType="com.ekangji.policy.infrastructure.dao.dataobject.PolicyDO">
    <selectKey keyProperty="id" order="AFTER" resultType="java.lang.Long">
      SELECT LAST_INSERT_ID()
    </selectKey>
    insert into b_policy (policy_id, platform, source_type, 
      user_id, user_phone, policy_number, 
      company_id, company_name, company_name_short, 
      product_id, product_name, product_type, 
      product_four_type, product_three_type, product_two_type, 
      product_top_type, policy_holder_id, beneficiary_type, 
      effective_date, guarantee_period, guarantee_period_unit, 
      guarantee_end_date, pay_cycle, pay_period, 
      pay_period_unit, single_premium, total_premium, 
      insured_amount, pay_card_number, bank_name, 
      `handler`, handler_phone, remark, 
      `status`, del_flag, create_by, 
      create_time, update_by, update_time
      )
    values (#{policyId,jdbcType=BIGINT}, #{platform,jdbcType=TINYINT}, #{sourceType,jdbcType=TINYINT}, 
      #{userId,jdbcType=VARCHAR}, #{userPhone,jdbcType=VARCHAR}, #{policyNumber,jdbcType=VARCHAR}, 
      #{companyId,jdbcType=VARCHAR}, #{companyName,jdbcType=VARCHAR}, #{companyNameShort,jdbcType=VARCHAR}, 
      #{productId,jdbcType=VARCHAR}, #{productName,jdbcType=VARCHAR}, #{productType,jdbcType=VARCHAR}, 
      #{productFourType,jdbcType=VARCHAR}, #{productThreeType,jdbcType=VARCHAR}, #{productTwoType,jdbcType=VARCHAR}, 
      #{productTopType,jdbcType=VARCHAR}, #{policyHolderId,jdbcType=BIGINT}, #{beneficiaryType,jdbcType=TINYINT}, 
      #{effectiveDate,jdbcType=DATE}, #{guaranteePeriod,jdbcType=INTEGER}, #{guaranteePeriodUnit,jdbcType=TINYINT}, 
      #{guaranteeEndDate,jdbcType=DATE}, #{payCycle,jdbcType=TINYINT}, #{payPeriod,jdbcType=INTEGER}, 
      #{payPeriodUnit,jdbcType=TINYINT}, #{singlePremium,jdbcType=DECIMAL}, #{totalPremium,jdbcType=DECIMAL}, 
      #{insuredAmount,jdbcType=DECIMAL}, #{payCardNumber,jdbcType=VARCHAR}, #{bankName,jdbcType=VARCHAR}, 
      #{handler,jdbcType=VARCHAR}, #{handlerPhone,jdbcType=VARCHAR}, #{remark,jdbcType=VARCHAR}, 
      #{status,jdbcType=TINYINT}, #{delFlag,jdbcType=TINYINT}, #{createBy,jdbcType=VARCHAR}, 
      #{createTime,jdbcType=TIMESTAMP}, #{updateBy,jdbcType=VARCHAR}, #{updateTime,jdbcType=TIMESTAMP}
      )
  </insert>
  <insert id="insertSelective" parameterType="com.ekangji.policy.infrastructure.dao.dataobject.PolicyDO">
    <selectKey keyProperty="id" order="AFTER" resultType="java.lang.Long">
      SELECT LAST_INSERT_ID()
    </selectKey>
    insert into b_policy
    <trim prefix="(" suffix=")" suffixOverrides=",">
      <if test="policyId != null">
        policy_id,
      </if>
      <if test="platform != null">
        platform,
      </if>
      <if test="sourceType != null">
        source_type,
      </if>
      <if test="userId != null">
        user_id,
      </if>
      <if test="userPhone != null">
        user_phone,
      </if>
      <if test="policyNumber != null">
        policy_number,
      </if>
      <if test="companyId != null">
        company_id,
      </if>
      <if test="companyName != null">
        company_name,
      </if>
      <if test="companyNameShort != null">
        company_name_short,
      </if>
      <if test="productId != null">
        product_id,
      </if>
      <if test="productName != null">
        product_name,
      </if>
      <if test="productType != null">
        product_type,
      </if>
      <if test="productFourType != null">
        product_four_type,
      </if>
      <if test="productThreeType != null">
        product_three_type,
      </if>
      <if test="productTwoType != null">
        product_two_type,
      </if>
      <if test="productTopType != null">
        product_top_type,
      </if>
      <if test="policyHolderId != null">
        policy_holder_id,
      </if>
      <if test="beneficiaryType != null">
        beneficiary_type,
      </if>
      <if test="effectiveDate != null">
        effective_date,
      </if>
      <if test="guaranteePeriod != null">
        guarantee_period,
      </if>
      <if test="guaranteePeriodUnit != null">
        guarantee_period_unit,
      </if>
      <if test="guaranteeEndDate != null">
        guarantee_end_date,
      </if>
      <if test="payCycle != null">
        pay_cycle,
      </if>
      <if test="payPeriod != null">
        pay_period,
      </if>
      <if test="payPeriodUnit != null">
        pay_period_unit,
      </if>
      <if test="singlePremium != null">
        single_premium,
      </if>
      <if test="totalPremium != null">
        total_premium,
      </if>
      <if test="insuredAmount != null">
        insured_amount,
      </if>
      <if test="payCardNumber != null">
        pay_card_number,
      </if>
      <if test="bankName != null">
        bank_name,
      </if>
      <if test="handler != null">
        `handler`,
      </if>
      <if test="handlerPhone != null">
        handler_phone,
      </if>
      <if test="remark != null">
        remark,
      </if>
      <if test="status != null">
        `status`,
      </if>
      <if test="delFlag != null">
        del_flag,
      </if>
      <if test="createBy != null">
        create_by,
      </if>
      <if test="createTime != null">
        create_time,
      </if>
      <if test="updateBy != null">
        update_by,
      </if>
      <if test="updateTime != null">
        update_time,
      </if>
    </trim>
    <trim prefix="values (" suffix=")" suffixOverrides=",">
      <if test="policyId != null">
        #{policyId,jdbcType=BIGINT},
      </if>
      <if test="platform != null">
        #{platform,jdbcType=TINYINT},
      </if>
      <if test="sourceType != null">
        #{sourceType,jdbcType=TINYINT},
      </if>
      <if test="userId != null">
        #{userId,jdbcType=VARCHAR},
      </if>
      <if test="userPhone != null">
        #{userPhone,jdbcType=VARCHAR},
      </if>
      <if test="policyNumber != null">
        #{policyNumber,jdbcType=VARCHAR},
      </if>
      <if test="companyId != null">
        #{companyId,jdbcType=VARCHAR},
      </if>
      <if test="companyName != null">
        #{companyName,jdbcType=VARCHAR},
      </if>
      <if test="companyNameShort != null">
        #{companyNameShort,jdbcType=VARCHAR},
      </if>
      <if test="productId != null">
        #{productId,jdbcType=VARCHAR},
      </if>
      <if test="productName != null">
        #{productName,jdbcType=VARCHAR},
      </if>
      <if test="productType != null">
        #{productType,jdbcType=VARCHAR},
      </if>
      <if test="productFourType != null">
        #{productFourType,jdbcType=VARCHAR},
      </if>
      <if test="productThreeType != null">
        #{productThreeType,jdbcType=VARCHAR},
      </if>
      <if test="productTwoType != null">
        #{productTwoType,jdbcType=VARCHAR},
      </if>
      <if test="productTopType != null">
        #{productTopType,jdbcType=VARCHAR},
      </if>
      <if test="policyHolderId != null">
        #{policyHolderId,jdbcType=BIGINT},
      </if>
      <if test="beneficiaryType != null">
        #{beneficiaryType,jdbcType=TINYINT},
      </if>
      <if test="effectiveDate != null">
        #{effectiveDate,jdbcType=DATE},
      </if>
      <if test="guaranteePeriod != null">
        #{guaranteePeriod,jdbcType=INTEGER},
      </if>
      <if test="guaranteePeriodUnit != null">
        #{guaranteePeriodUnit,jdbcType=TINYINT},
      </if>
      <if test="guaranteeEndDate != null">
        #{guaranteeEndDate,jdbcType=DATE},
      </if>
      <if test="payCycle != null">
        #{payCycle,jdbcType=TINYINT},
      </if>
      <if test="payPeriod != null">
        #{payPeriod,jdbcType=INTEGER},
      </if>
      <if test="payPeriodUnit != null">
        #{payPeriodUnit,jdbcType=TINYINT},
      </if>
      <if test="singlePremium != null">
        #{singlePremium,jdbcType=DECIMAL},
      </if>
      <if test="totalPremium != null">
        #{totalPremium,jdbcType=DECIMAL},
      </if>
      <if test="insuredAmount != null">
        #{insuredAmount,jdbcType=DECIMAL},
      </if>
      <if test="payCardNumber != null">
        #{payCardNumber,jdbcType=VARCHAR},
      </if>
      <if test="bankName != null">
        #{bankName,jdbcType=VARCHAR},
      </if>
      <if test="handler != null">
        #{handler,jdbcType=VARCHAR},
      </if>
      <if test="handlerPhone != null">
        #{handlerPhone,jdbcType=VARCHAR},
      </if>
      <if test="remark != null">
        #{remark,jdbcType=VARCHAR},
      </if>
      <if test="status != null">
        #{status,jdbcType=TINYINT},
      </if>
      <if test="delFlag != null">
        #{delFlag,jdbcType=TINYINT},
      </if>
      <if test="createBy != null">
        #{createBy,jdbcType=VARCHAR},
      </if>
      <if test="createTime != null">
        #{createTime,jdbcType=TIMESTAMP},
      </if>
      <if test="updateBy != null">
        #{updateBy,jdbcType=VARCHAR},
      </if>
      <if test="updateTime != null">
        #{updateTime,jdbcType=TIMESTAMP},
      </if>
    </trim>
  </insert>
  <select id="countByExample" parameterType="com.ekangji.policy.infrastructure.dao.dataobject.PolicyDOExample" resultType="java.lang.Long">
    select count(*) from b_policy
    <if test="_parameter != null">
      <include refid="Example_Where_Clause" />
    </if>
  </select>
  <update id="updateByExampleSelective" parameterType="map">
    update b_policy
    <set>
      <if test="record.id != null">
        id = #{record.id,jdbcType=BIGINT},
      </if>
      <if test="record.policyId != null">
        policy_id = #{record.policyId,jdbcType=BIGINT},
      </if>
      <if test="record.platform != null">
        platform = #{record.platform,jdbcType=TINYINT},
      </if>
      <if test="record.sourceType != null">
        source_type = #{record.sourceType,jdbcType=TINYINT},
      </if>
      <if test="record.userId != null">
        user_id = #{record.userId,jdbcType=VARCHAR},
      </if>
      <if test="record.userPhone != null">
        user_phone = #{record.userPhone,jdbcType=VARCHAR},
      </if>
      <if test="record.policyNumber != null">
        policy_number = #{record.policyNumber,jdbcType=VARCHAR},
      </if>
      <if test="record.companyId != null">
        company_id = #{record.companyId,jdbcType=VARCHAR},
      </if>
      <if test="record.companyName != null">
        company_name = #{record.companyName,jdbcType=VARCHAR},
      </if>
      <if test="record.companyNameShort != null">
        company_name_short = #{record.companyNameShort,jdbcType=VARCHAR},
      </if>
      <if test="record.productId != null">
        product_id = #{record.productId,jdbcType=VARCHAR},
      </if>
      <if test="record.productName != null">
        product_name = #{record.productName,jdbcType=VARCHAR},
      </if>
      <if test="record.productType != null">
        product_type = #{record.productType,jdbcType=VARCHAR},
      </if>
      <if test="record.productFourType != null">
        product_four_type = #{record.productFourType,jdbcType=VARCHAR},
      </if>
      <if test="record.productThreeType != null">
        product_three_type = #{record.productThreeType,jdbcType=VARCHAR},
      </if>
      <if test="record.productTwoType != null">
        product_two_type = #{record.productTwoType,jdbcType=VARCHAR},
      </if>
      <if test="record.productTopType != null">
        product_top_type = #{record.productTopType,jdbcType=VARCHAR},
      </if>
      <if test="record.policyHolderId != null">
        policy_holder_id = #{record.policyHolderId,jdbcType=BIGINT},
      </if>
      <if test="record.beneficiaryType != null">
        beneficiary_type = #{record.beneficiaryType,jdbcType=TINYINT},
      </if>
      <if test="record.effectiveDate != null">
        effective_date = #{record.effectiveDate,jdbcType=DATE},
      </if>
      <if test="record.guaranteePeriod != null">
        guarantee_period = #{record.guaranteePeriod,jdbcType=INTEGER},
      </if>
      <if test="record.guaranteePeriodUnit != null">
        guarantee_period_unit = #{record.guaranteePeriodUnit,jdbcType=TINYINT},
      </if>
      <if test="record.guaranteeEndDate != null">
        guarantee_end_date = #{record.guaranteeEndDate,jdbcType=DATE},
      </if>
      <if test="record.payCycle != null">
        pay_cycle = #{record.payCycle,jdbcType=TINYINT},
      </if>
      <if test="record.payPeriod != null">
        pay_period = #{record.payPeriod,jdbcType=INTEGER},
      </if>
      <if test="record.payPeriodUnit != null">
        pay_period_unit = #{record.payPeriodUnit,jdbcType=TINYINT},
      </if>
      <if test="record.singlePremium != null">
        single_premium = #{record.singlePremium,jdbcType=DECIMAL},
      </if>
      <if test="record.totalPremium != null">
        total_premium = #{record.totalPremium,jdbcType=DECIMAL},
      </if>
      <if test="record.insuredAmount != null">
        insured_amount = #{record.insuredAmount,jdbcType=DECIMAL},
      </if>
      <if test="record.payCardNumber != null">
        pay_card_number = #{record.payCardNumber,jdbcType=VARCHAR},
      </if>
      <if test="record.bankName != null">
        bank_name = #{record.bankName,jdbcType=VARCHAR},
      </if>
      <if test="record.handler != null">
        `handler` = #{record.handler,jdbcType=VARCHAR},
      </if>
      <if test="record.handlerPhone != null">
        handler_phone = #{record.handlerPhone,jdbcType=VARCHAR},
      </if>
      <if test="record.remark != null">
        remark = #{record.remark,jdbcType=VARCHAR},
      </if>
      <if test="record.status != null">
        `status` = #{record.status,jdbcType=TINYINT},
      </if>
      <if test="record.delFlag != null">
        del_flag = #{record.delFlag,jdbcType=TINYINT},
      </if>
      <if test="record.createBy != null">
        create_by = #{record.createBy,jdbcType=VARCHAR},
      </if>
      <if test="record.createTime != null">
        create_time = #{record.createTime,jdbcType=TIMESTAMP},
      </if>
      <if test="record.updateBy != null">
        update_by = #{record.updateBy,jdbcType=VARCHAR},
      </if>
      <if test="record.updateTime != null">
        update_time = #{record.updateTime,jdbcType=TIMESTAMP},
      </if>
    </set>
    <if test="_parameter != null">
      <include refid="Update_By_Example_Where_Clause" />
    </if>
  </update>
  <update id="updateByExample" parameterType="map">
    update b_policy
    set id = #{record.id,jdbcType=BIGINT},
      policy_id = #{record.policyId,jdbcType=BIGINT},
      platform = #{record.platform,jdbcType=TINYINT},
      source_type = #{record.sourceType,jdbcType=TINYINT},
      user_id = #{record.userId,jdbcType=VARCHAR},
      user_phone = #{record.userPhone,jdbcType=VARCHAR},
      policy_number = #{record.policyNumber,jdbcType=VARCHAR},
      company_id = #{record.companyId,jdbcType=VARCHAR},
      company_name = #{record.companyName,jdbcType=VARCHAR},
      company_name_short = #{record.companyNameShort,jdbcType=VARCHAR},
      product_id = #{record.productId,jdbcType=VARCHAR},
      product_name = #{record.productName,jdbcType=VARCHAR},
      product_type = #{record.productType,jdbcType=VARCHAR},
      product_four_type = #{record.productFourType,jdbcType=VARCHAR},
      product_three_type = #{record.productThreeType,jdbcType=VARCHAR},
      product_two_type = #{record.productTwoType,jdbcType=VARCHAR},
      product_top_type = #{record.productTopType,jdbcType=VARCHAR},
      policy_holder_id = #{record.policyHolderId,jdbcType=BIGINT},
      beneficiary_type = #{record.beneficiaryType,jdbcType=TINYINT},
      effective_date = #{record.effectiveDate,jdbcType=DATE},
      guarantee_period = #{record.guaranteePeriod,jdbcType=INTEGER},
      guarantee_period_unit = #{record.guaranteePeriodUnit,jdbcType=TINYINT},
      guarantee_end_date = #{record.guaranteeEndDate,jdbcType=DATE},
      pay_cycle = #{record.payCycle,jdbcType=TINYINT},
      pay_period = #{record.payPeriod,jdbcType=INTEGER},
      pay_period_unit = #{record.payPeriodUnit,jdbcType=TINYINT},
      single_premium = #{record.singlePremium,jdbcType=DECIMAL},
      total_premium = #{record.totalPremium,jdbcType=DECIMAL},
      insured_amount = #{record.insuredAmount,jdbcType=DECIMAL},
      pay_card_number = #{record.payCardNumber,jdbcType=VARCHAR},
      bank_name = #{record.bankName,jdbcType=VARCHAR},
      `handler` = #{record.handler,jdbcType=VARCHAR},
      handler_phone = #{record.handlerPhone,jdbcType=VARCHAR},
      remark = #{record.remark,jdbcType=VARCHAR},
      `status` = #{record.status,jdbcType=TINYINT},
      del_flag = #{record.delFlag,jdbcType=TINYINT},
      create_by = #{record.createBy,jdbcType=VARCHAR},
      create_time = #{record.createTime,jdbcType=TIMESTAMP},
      update_by = #{record.updateBy,jdbcType=VARCHAR},
      update_time = #{record.updateTime,jdbcType=TIMESTAMP}
    <if test="_parameter != null">
      <include refid="Update_By_Example_Where_Clause" />
    </if>
  </update>
  <update id="updateByPrimaryKeySelective" parameterType="com.ekangji.policy.infrastructure.dao.dataobject.PolicyDO">
    update b_policy
    <set>
      <if test="policyId != null">
        policy_id = #{policyId,jdbcType=BIGINT},
      </if>
      <if test="platform != null">
        platform = #{platform,jdbcType=TINYINT},
      </if>
      <if test="sourceType != null">
        source_type = #{sourceType,jdbcType=TINYINT},
      </if>
      <if test="userId != null">
        user_id = #{userId,jdbcType=VARCHAR},
      </if>
      <if test="userPhone != null">
        user_phone = #{userPhone,jdbcType=VARCHAR},
      </if>
      <if test="policyNumber != null">
        policy_number = #{policyNumber,jdbcType=VARCHAR},
      </if>
      <if test="companyId != null">
        company_id = #{companyId,jdbcType=VARCHAR},
      </if>
      <if test="companyName != null">
        company_name = #{companyName,jdbcType=VARCHAR},
      </if>
      <if test="companyNameShort != null">
        company_name_short = #{companyNameShort,jdbcType=VARCHAR},
      </if>
      <if test="productId != null">
        product_id = #{productId,jdbcType=VARCHAR},
      </if>
      <if test="productName != null">
        product_name = #{productName,jdbcType=VARCHAR},
      </if>
      <if test="productType != null">
        product_type = #{productType,jdbcType=VARCHAR},
      </if>
      <if test="productFourType != null">
        product_four_type = #{productFourType,jdbcType=VARCHAR},
      </if>
      <if test="productThreeType != null">
        product_three_type = #{productThreeType,jdbcType=VARCHAR},
      </if>
      <if test="productTwoType != null">
        product_two_type = #{productTwoType,jdbcType=VARCHAR},
      </if>
      <if test="productTopType != null">
        product_top_type = #{productTopType,jdbcType=VARCHAR},
      </if>
      <if test="policyHolderId != null">
        policy_holder_id = #{policyHolderId,jdbcType=BIGINT},
      </if>
      <if test="beneficiaryType != null">
        beneficiary_type = #{beneficiaryType,jdbcType=TINYINT},
      </if>
      <if test="effectiveDate != null">
        effective_date = #{effectiveDate,jdbcType=DATE},
      </if>
      <if test="guaranteePeriod != null">
        guarantee_period = #{guaranteePeriod,jdbcType=INTEGER},
      </if>
      <if test="guaranteePeriodUnit != null">
        guarantee_period_unit = #{guaranteePeriodUnit,jdbcType=TINYINT},
      </if>
      <if test="guaranteeEndDate != null">
        guarantee_end_date = #{guaranteeEndDate,jdbcType=DATE},
      </if>
      <if test="payCycle != null">
        pay_cycle = #{payCycle,jdbcType=TINYINT},
      </if>
      <if test="payPeriod != null">
        pay_period = #{payPeriod,jdbcType=INTEGER},
      </if>
      <if test="payPeriodUnit != null">
        pay_period_unit = #{payPeriodUnit,jdbcType=TINYINT},
      </if>
      <if test="singlePremium != null">
        single_premium = #{singlePremium,jdbcType=DECIMAL},
      </if>
      <if test="totalPremium != null">
        total_premium = #{totalPremium,jdbcType=DECIMAL},
      </if>
      <if test="insuredAmount != null">
        insured_amount = #{insuredAmount,jdbcType=DECIMAL},
      </if>
      <if test="payCardNumber != null">
        pay_card_number = #{payCardNumber,jdbcType=VARCHAR},
      </if>
      <if test="bankName != null">
        bank_name = #{bankName,jdbcType=VARCHAR},
      </if>
      <if test="handler != null">
        `handler` = #{handler,jdbcType=VARCHAR},
      </if>
      <if test="handlerPhone != null">
        handler_phone = #{handlerPhone,jdbcType=VARCHAR},
      </if>
      <if test="remark != null">
        remark = #{remark,jdbcType=VARCHAR},
      </if>
      <if test="status != null">
        `status` = #{status,jdbcType=TINYINT},
      </if>
      <if test="delFlag != null">
        del_flag = #{delFlag,jdbcType=TINYINT},
      </if>
      <if test="createBy != null">
        create_by = #{createBy,jdbcType=VARCHAR},
      </if>
      <if test="createTime != null">
        create_time = #{createTime,jdbcType=TIMESTAMP},
      </if>
      <if test="updateBy != null">
        update_by = #{updateBy,jdbcType=VARCHAR},
      </if>
      <if test="updateTime != null">
        update_time = #{updateTime,jdbcType=TIMESTAMP},
      </if>
    </set>
    where id = #{id,jdbcType=BIGINT}
  </update>
  <update id="updateByPrimaryKey" parameterType="com.ekangji.policy.infrastructure.dao.dataobject.PolicyDO">
    update b_policy
    set policy_id = #{policyId,jdbcType=BIGINT},
      platform = #{platform,jdbcType=TINYINT},
      source_type = #{sourceType,jdbcType=TINYINT},
      user_id = #{userId,jdbcType=VARCHAR},
      user_phone = #{userPhone,jdbcType=VARCHAR},
      policy_number = #{policyNumber,jdbcType=VARCHAR},
      company_id = #{companyId,jdbcType=VARCHAR},
      company_name = #{companyName,jdbcType=VARCHAR},
      company_name_short = #{companyNameShort,jdbcType=VARCHAR},
      product_id = #{productId,jdbcType=VARCHAR},
      product_name = #{productName,jdbcType=VARCHAR},
      product_type = #{productType,jdbcType=VARCHAR},
      product_four_type = #{productFourType,jdbcType=VARCHAR},
      product_three_type = #{productThreeType,jdbcType=VARCHAR},
      product_two_type = #{productTwoType,jdbcType=VARCHAR},
      product_top_type = #{productTopType,jdbcType=VARCHAR},
      policy_holder_id = #{policyHolderId,jdbcType=BIGINT},
      beneficiary_type = #{beneficiaryType,jdbcType=TINYINT},
      effective_date = #{effectiveDate,jdbcType=DATE},
      guarantee_period = #{guaranteePeriod,jdbcType=INTEGER},
      guarantee_period_unit = #{guaranteePeriodUnit,jdbcType=TINYINT},
      guarantee_end_date = #{guaranteeEndDate,jdbcType=DATE},
      pay_cycle = #{payCycle,jdbcType=TINYINT},
      pay_period = #{payPeriod,jdbcType=INTEGER},
      pay_period_unit = #{payPeriodUnit,jdbcType=TINYINT},
      single_premium = #{singlePremium,jdbcType=DECIMAL},
      total_premium = #{totalPremium,jdbcType=DECIMAL},
      insured_amount = #{insuredAmount,jdbcType=DECIMAL},
      pay_card_number = #{payCardNumber,jdbcType=VARCHAR},
      bank_name = #{bankName,jdbcType=VARCHAR},
      `handler` = #{handler,jdbcType=VARCHAR},
      handler_phone = #{handlerPhone,jdbcType=VARCHAR},
      remark = #{remark,jdbcType=VARCHAR},
      `status` = #{status,jdbcType=TINYINT},
      del_flag = #{delFlag,jdbcType=TINYINT},
      create_by = #{createBy,jdbcType=VARCHAR},
      create_time = #{createTime,jdbcType=TIMESTAMP},
      update_by = #{updateBy,jdbcType=VARCHAR},
      update_time = #{updateTime,jdbcType=TIMESTAMP}
    where id = #{id,jdbcType=BIGINT}
  </update>
  <select id="selectByExampleWithRowbounds" parameterType="com.ekangji.policy.infrastructure.dao.dataobject.PolicyDOExample" resultMap="BaseResultMap">
    select
    <if test="distinct">
      distinct
    </if>
    'true' as QUERYID,
    <include refid="Base_Column_List" />
    from b_policy
    <if test="_parameter != null">
      <include refid="Example_Where_Clause" />
    </if>
    <if test="orderByClause != null">
      order by ${orderByClause}
    </if>
  </select>
  <insert id="batchInsert" keyColumn="id" keyProperty="id" parameterType="map" useGeneratedKeys="true">
    insert into b_policy (policy_id, platform, source_type, user_id, user_phone, policy_number, company_id, company_name, company_name_short, product_id, product_name, product_type, product_four_type, product_three_type, product_two_type, product_top_type, policy_holder_id, beneficiary_type, effective_date, guarantee_period, guarantee_period_unit, guarantee_end_date, pay_cycle, pay_period, pay_period_unit, single_premium, total_premium, insured_amount, pay_card_number, bank_name, `handler`, handler_phone, remark, `status`, del_flag, create_by, create_time, update_by, update_time)
    values
    <foreach collection="list" item="item" separator=",">
       (#{item.policyId,jdbcType=BIGINT}, #{item.platform,jdbcType=TINYINT}, #{item.sourceType,jdbcType=TINYINT}, #{item.userId,jdbcType=VARCHAR}, #{item.userPhone,jdbcType=VARCHAR}, #{item.policyNumber,jdbcType=VARCHAR}, #{item.companyId,jdbcType=VARCHAR}, #{item.companyName,jdbcType=VARCHAR}, #{item.companyNameShort,jdbcType=VARCHAR}, #{item.productId,jdbcType=VARCHAR}, #{item.productName,jdbcType=VARCHAR}, #{item.productType,jdbcType=VARCHAR}, #{item.productFourType,jdbcType=VARCHAR}, #{item.productThreeType,jdbcType=VARCHAR}, #{item.productTwoType,jdbcType=VARCHAR}, #{item.productTopType,jdbcType=VARCHAR}, #{item.policyHolderId,jdbcType=BIGINT}, #{item.beneficiaryType,jdbcType=TINYINT}, #{item.effectiveDate,jdbcType=DATE}, #{item.guaranteePeriod,jdbcType=INTEGER}, #{item.guaranteePeriodUnit,jdbcType=TINYINT}, #{item.guaranteeEndDate,jdbcType=DATE}, #{item.payCycle,jdbcType=TINYINT}, #{item.payPeriod,jdbcType=INTEGER}, #{item.payPeriodUnit,jdbcType=TINYINT}, #{item.singlePremium,jdbcType=DECIMAL}, #{item.totalPremium,jdbcType=DECIMAL}, #{item.insuredAmount,jdbcType=DECIMAL}, #{item.payCardNumber,jdbcType=VARCHAR}, #{item.bankName,jdbcType=VARCHAR}, #{item.handler,jdbcType=VARCHAR}, #{item.handlerPhone,jdbcType=VARCHAR}, #{item.remark,jdbcType=VARCHAR}, #{item.status,jdbcType=TINYINT}, #{item.delFlag,jdbcType=TINYINT}, #{item.createBy,jdbcType=VARCHAR}, #{item.createTime,jdbcType=TIMESTAMP}, #{item.updateBy,jdbcType=VARCHAR}, #{item.updateTime,jdbcType=TIMESTAMP})
    </foreach>
  </insert>
  <delete id="batchDelete" parameterType="java.lang.Long">
    delete from b_policy where id in (
    <foreach collection="ids" index="index" item="item" separator=",">
      #{item}
    </foreach>
    )
  </delete>
  <update id="batchUpdate" parameterType="java.util.List">
    update b_policy 
    <trim prefix="set" suffixOverrides=",">
      <trim prefix="policy_id =case id" suffix="end,">
        <foreach collection="recordList" index="index" item="item">
          <if test="item.policyId !=null ">
            when #{item.id,jdbcType=BIGINT} then #{item.policyId,jdbcType=BIGINT}
          </if>
          <if test="item.policyId ==null ">
            when #{item.id,jdbcType=BIGINT} then b_policy.policy_id
          </if>
        </foreach>
      </trim>
      <trim prefix="platform =case id" suffix="end,">
        <foreach collection="recordList" index="index" item="item">
          <if test="item.platform !=null ">
            when #{item.id,jdbcType=BIGINT} then #{item.platform,jdbcType=TINYINT}
          </if>
          <if test="item.platform ==null ">
            when #{item.id,jdbcType=BIGINT} then b_policy.platform
          </if>
        </foreach>
      </trim>
      <trim prefix="source_type =case id" suffix="end,">
        <foreach collection="recordList" index="index" item="item">
          <if test="item.sourceType !=null ">
            when #{item.id,jdbcType=BIGINT} then #{item.sourceType,jdbcType=TINYINT}
          </if>
          <if test="item.sourceType ==null ">
            when #{item.id,jdbcType=BIGINT} then b_policy.source_type
          </if>
        </foreach>
      </trim>
      <trim prefix="user_id =case id" suffix="end,">
        <foreach collection="recordList" index="index" item="item">
          <if test="item.userId !=null ">
            when #{item.id,jdbcType=BIGINT} then #{item.userId,jdbcType=VARCHAR}
          </if>
          <if test="item.userId ==null ">
            when #{item.id,jdbcType=BIGINT} then b_policy.user_id
          </if>
        </foreach>
      </trim>
      <trim prefix="user_phone =case id" suffix="end,">
        <foreach collection="recordList" index="index" item="item">
          <if test="item.userPhone !=null ">
            when #{item.id,jdbcType=BIGINT} then #{item.userPhone,jdbcType=VARCHAR}
          </if>
          <if test="item.userPhone ==null ">
            when #{item.id,jdbcType=BIGINT} then b_policy.user_phone
          </if>
        </foreach>
      </trim>
      <trim prefix="policy_number =case id" suffix="end,">
        <foreach collection="recordList" index="index" item="item">
          <if test="item.policyNumber !=null ">
            when #{item.id,jdbcType=BIGINT} then #{item.policyNumber,jdbcType=VARCHAR}
          </if>
          <if test="item.policyNumber ==null ">
            when #{item.id,jdbcType=BIGINT} then b_policy.policy_number
          </if>
        </foreach>
      </trim>
      <trim prefix="company_id =case id" suffix="end,">
        <foreach collection="recordList" index="index" item="item">
          <if test="item.companyId !=null ">
            when #{item.id,jdbcType=BIGINT} then #{item.companyId,jdbcType=VARCHAR}
          </if>
          <if test="item.companyId ==null ">
            when #{item.id,jdbcType=BIGINT} then b_policy.company_id
          </if>
        </foreach>
      </trim>
      <trim prefix="company_name =case id" suffix="end,">
        <foreach collection="recordList" index="index" item="item">
          <if test="item.companyName !=null ">
            when #{item.id,jdbcType=BIGINT} then #{item.companyName,jdbcType=VARCHAR}
          </if>
          <if test="item.companyName ==null ">
            when #{item.id,jdbcType=BIGINT} then b_policy.company_name
          </if>
        </foreach>
      </trim>
      <trim prefix="company_name_short =case id" suffix="end,">
        <foreach collection="recordList" index="index" item="item">
          <if test="item.companyNameShort !=null ">
            when #{item.id,jdbcType=BIGINT} then #{item.companyNameShort,jdbcType=VARCHAR}
          </if>
          <if test="item.companyNameShort ==null ">
            when #{item.id,jdbcType=BIGINT} then b_policy.company_name_short
          </if>
        </foreach>
      </trim>
      <trim prefix="product_id =case id" suffix="end,">
        <foreach collection="recordList" index="index" item="item">
          <if test="item.productId !=null ">
            when #{item.id,jdbcType=BIGINT} then #{item.productId,jdbcType=VARCHAR}
          </if>
          <if test="item.productId ==null ">
            when #{item.id,jdbcType=BIGINT} then b_policy.product_id
          </if>
        </foreach>
      </trim>
      <trim prefix="product_name =case id" suffix="end,">
        <foreach collection="recordList" index="index" item="item">
          <if test="item.productName !=null ">
            when #{item.id,jdbcType=BIGINT} then #{item.productName,jdbcType=VARCHAR}
          </if>
          <if test="item.productName ==null ">
            when #{item.id,jdbcType=BIGINT} then b_policy.product_name
          </if>
        </foreach>
      </trim>
      <trim prefix="product_type =case id" suffix="end,">
        <foreach collection="recordList" index="index" item="item">
          <if test="item.productType !=null ">
            when #{item.id,jdbcType=BIGINT} then #{item.productType,jdbcType=VARCHAR}
          </if>
          <if test="item.productType ==null ">
            when #{item.id,jdbcType=BIGINT} then b_policy.product_type
          </if>
        </foreach>
      </trim>
      <trim prefix="product_four_type =case id" suffix="end,">
        <foreach collection="recordList" index="index" item="item">
          <if test="item.productFourType !=null ">
            when #{item.id,jdbcType=BIGINT} then #{item.productFourType,jdbcType=VARCHAR}
          </if>
          <if test="item.productFourType ==null ">
            when #{item.id,jdbcType=BIGINT} then b_policy.product_four_type
          </if>
        </foreach>
      </trim>
      <trim prefix="product_three_type =case id" suffix="end,">
        <foreach collection="recordList" index="index" item="item">
          <if test="item.productThreeType !=null ">
            when #{item.id,jdbcType=BIGINT} then #{item.productThreeType,jdbcType=VARCHAR}
          </if>
          <if test="item.productThreeType ==null ">
            when #{item.id,jdbcType=BIGINT} then b_policy.product_three_type
          </if>
        </foreach>
      </trim>
      <trim prefix="product_two_type =case id" suffix="end,">
        <foreach collection="recordList" index="index" item="item">
          <if test="item.productTwoType !=null ">
            when #{item.id,jdbcType=BIGINT} then #{item.productTwoType,jdbcType=VARCHAR}
          </if>
          <if test="item.productTwoType ==null ">
            when #{item.id,jdbcType=BIGINT} then b_policy.product_two_type
          </if>
        </foreach>
      </trim>
      <trim prefix="product_top_type =case id" suffix="end,">
        <foreach collection="recordList" index="index" item="item">
          <if test="item.productTopType !=null ">
            when #{item.id,jdbcType=BIGINT} then #{item.productTopType,jdbcType=VARCHAR}
          </if>
          <if test="item.productTopType ==null ">
            when #{item.id,jdbcType=BIGINT} then b_policy.product_top_type
          </if>
        </foreach>
      </trim>
      <trim prefix="policy_holder_id =case id" suffix="end,">
        <foreach collection="recordList" index="index" item="item">
          <if test="item.policyHolderId !=null ">
            when #{item.id,jdbcType=BIGINT} then #{item.policyHolderId,jdbcType=BIGINT}
          </if>
          <if test="item.policyHolderId ==null ">
            when #{item.id,jdbcType=BIGINT} then b_policy.policy_holder_id
          </if>
        </foreach>
      </trim>
      <trim prefix="beneficiary_type =case id" suffix="end,">
        <foreach collection="recordList" index="index" item="item">
          <if test="item.beneficiaryType !=null ">
            when #{item.id,jdbcType=BIGINT} then #{item.beneficiaryType,jdbcType=TINYINT}
          </if>
          <if test="item.beneficiaryType ==null ">
            when #{item.id,jdbcType=BIGINT} then b_policy.beneficiary_type
          </if>
        </foreach>
      </trim>
      <trim prefix="effective_date =case id" suffix="end,">
        <foreach collection="recordList" index="index" item="item">
          <if test="item.effectiveDate !=null ">
            when #{item.id,jdbcType=BIGINT} then #{item.effectiveDate,jdbcType=DATE}
          </if>
          <if test="item.effectiveDate ==null ">
            when #{item.id,jdbcType=BIGINT} then b_policy.effective_date
          </if>
        </foreach>
      </trim>
      <trim prefix="guarantee_period =case id" suffix="end,">
        <foreach collection="recordList" index="index" item="item">
          <if test="item.guaranteePeriod !=null ">
            when #{item.id,jdbcType=BIGINT} then #{item.guaranteePeriod,jdbcType=INTEGER}
          </if>
          <if test="item.guaranteePeriod ==null ">
            when #{item.id,jdbcType=BIGINT} then b_policy.guarantee_period
          </if>
        </foreach>
      </trim>
      <trim prefix="guarantee_period_unit =case id" suffix="end,">
        <foreach collection="recordList" index="index" item="item">
          <if test="item.guaranteePeriodUnit !=null ">
            when #{item.id,jdbcType=BIGINT} then #{item.guaranteePeriodUnit,jdbcType=TINYINT}
          </if>
          <if test="item.guaranteePeriodUnit ==null ">
            when #{item.id,jdbcType=BIGINT} then b_policy.guarantee_period_unit
          </if>
        </foreach>
      </trim>
      <trim prefix="guarantee_end_date =case id" suffix="end,">
        <foreach collection="recordList" index="index" item="item">
          <if test="item.guaranteeEndDate !=null ">
            when #{item.id,jdbcType=BIGINT} then #{item.guaranteeEndDate,jdbcType=DATE}
          </if>
          <if test="item.guaranteeEndDate ==null ">
            when #{item.id,jdbcType=BIGINT} then b_policy.guarantee_end_date
          </if>
        </foreach>
      </trim>
      <trim prefix="pay_cycle =case id" suffix="end,">
        <foreach collection="recordList" index="index" item="item">
          <if test="item.payCycle !=null ">
            when #{item.id,jdbcType=BIGINT} then #{item.payCycle,jdbcType=TINYINT}
          </if>
          <if test="item.payCycle ==null ">
            when #{item.id,jdbcType=BIGINT} then b_policy.pay_cycle
          </if>
        </foreach>
      </trim>
      <trim prefix="pay_period =case id" suffix="end,">
        <foreach collection="recordList" index="index" item="item">
          <if test="item.payPeriod !=null ">
            when #{item.id,jdbcType=BIGINT} then #{item.payPeriod,jdbcType=INTEGER}
          </if>
          <if test="item.payPeriod ==null ">
            when #{item.id,jdbcType=BIGINT} then b_policy.pay_period
          </if>
        </foreach>
      </trim>
      <trim prefix="pay_period_unit =case id" suffix="end,">
        <foreach collection="recordList" index="index" item="item">
          <if test="item.payPeriodUnit !=null ">
            when #{item.id,jdbcType=BIGINT} then #{item.payPeriodUnit,jdbcType=TINYINT}
          </if>
          <if test="item.payPeriodUnit ==null ">
            when #{item.id,jdbcType=BIGINT} then b_policy.pay_period_unit
          </if>
        </foreach>
      </trim>
      <trim prefix="single_premium =case id" suffix="end,">
        <foreach collection="recordList" index="index" item="item">
          <if test="item.singlePremium !=null ">
            when #{item.id,jdbcType=BIGINT} then #{item.singlePremium,jdbcType=DECIMAL}
          </if>
          <if test="item.singlePremium ==null ">
            when #{item.id,jdbcType=BIGINT} then b_policy.single_premium
          </if>
        </foreach>
      </trim>
      <trim prefix="total_premium =case id" suffix="end,">
        <foreach collection="recordList" index="index" item="item">
          <if test="item.totalPremium !=null ">
            when #{item.id,jdbcType=BIGINT} then #{item.totalPremium,jdbcType=DECIMAL}
          </if>
          <if test="item.totalPremium ==null ">
            when #{item.id,jdbcType=BIGINT} then b_policy.total_premium
          </if>
        </foreach>
      </trim>
      <trim prefix="insured_amount =case id" suffix="end,">
        <foreach collection="recordList" index="index" item="item">
          <if test="item.insuredAmount !=null ">
            when #{item.id,jdbcType=BIGINT} then #{item.insuredAmount,jdbcType=DECIMAL}
          </if>
          <if test="item.insuredAmount ==null ">
            when #{item.id,jdbcType=BIGINT} then b_policy.insured_amount
          </if>
        </foreach>
      </trim>
      <trim prefix="pay_card_number =case id" suffix="end,">
        <foreach collection="recordList" index="index" item="item">
          <if test="item.payCardNumber !=null ">
            when #{item.id,jdbcType=BIGINT} then #{item.payCardNumber,jdbcType=VARCHAR}
          </if>
          <if test="item.payCardNumber ==null ">
            when #{item.id,jdbcType=BIGINT} then b_policy.pay_card_number
          </if>
        </foreach>
      </trim>
      <trim prefix="bank_name =case id" suffix="end,">
        <foreach collection="recordList" index="index" item="item">
          <if test="item.bankName !=null ">
            when #{item.id,jdbcType=BIGINT} then #{item.bankName,jdbcType=VARCHAR}
          </if>
          <if test="item.bankName ==null ">
            when #{item.id,jdbcType=BIGINT} then b_policy.bank_name
          </if>
        </foreach>
      </trim>
      <trim prefix="handler =case id" suffix="end,">
        <foreach collection="recordList" index="index" item="item">
          <if test="item.handler !=null ">
            when #{item.id,jdbcType=BIGINT} then #{item.handler,jdbcType=VARCHAR}
          </if>
          <if test="item.handler ==null ">
            when #{item.id,jdbcType=BIGINT} then b_policy.handler
          </if>
        </foreach>
      </trim>
      <trim prefix="handler_phone =case id" suffix="end,">
        <foreach collection="recordList" index="index" item="item">
          <if test="item.handlerPhone !=null ">
            when #{item.id,jdbcType=BIGINT} then #{item.handlerPhone,jdbcType=VARCHAR}
          </if>
          <if test="item.handlerPhone ==null ">
            when #{item.id,jdbcType=BIGINT} then b_policy.handler_phone
          </if>
        </foreach>
      </trim>
      <trim prefix="remark =case id" suffix="end,">
        <foreach collection="recordList" index="index" item="item">
          <if test="item.remark !=null ">
            when #{item.id,jdbcType=BIGINT} then #{item.remark,jdbcType=VARCHAR}
          </if>
          <if test="item.remark ==null ">
            when #{item.id,jdbcType=BIGINT} then b_policy.remark
          </if>
        </foreach>
      </trim>
      <trim prefix="status =case id" suffix="end,">
        <foreach collection="recordList" index="index" item="item">
          <if test="item.status !=null ">
            when #{item.id,jdbcType=BIGINT} then #{item.status,jdbcType=TINYINT}
          </if>
          <if test="item.status ==null ">
            when #{item.id,jdbcType=BIGINT} then b_policy.status
          </if>
        </foreach>
      </trim>
      <trim prefix="del_flag =case id" suffix="end,">
        <foreach collection="recordList" index="index" item="item">
          <if test="item.delFlag !=null ">
            when #{item.id,jdbcType=BIGINT} then #{item.delFlag,jdbcType=TINYINT}
          </if>
          <if test="item.delFlag ==null ">
            when #{item.id,jdbcType=BIGINT} then b_policy.del_flag
          </if>
        </foreach>
      </trim>
      <trim prefix="create_by =case id" suffix="end,">
        <foreach collection="recordList" index="index" item="item">
          <if test="item.createBy !=null ">
            when #{item.id,jdbcType=BIGINT} then #{item.createBy,jdbcType=VARCHAR}
          </if>
          <if test="item.createBy ==null ">
            when #{item.id,jdbcType=BIGINT} then b_policy.create_by
          </if>
        </foreach>
      </trim>
      <trim prefix="create_time =case id" suffix="end,">
        <foreach collection="recordList" index="index" item="item">
          <if test="item.createTime !=null ">
            when #{item.id,jdbcType=BIGINT} then #{item.createTime,jdbcType=TIMESTAMP}
          </if>
          <if test="item.createTime ==null ">
            when #{item.id,jdbcType=BIGINT} then b_policy.create_time
          </if>
        </foreach>
      </trim>
      <trim prefix="update_by =case id" suffix="end,">
        <foreach collection="recordList" index="index" item="item">
          <if test="item.updateBy !=null ">
            when #{item.id,jdbcType=BIGINT} then #{item.updateBy,jdbcType=VARCHAR}
          </if>
          <if test="item.updateBy ==null ">
            when #{item.id,jdbcType=BIGINT} then b_policy.update_by
          </if>
        </foreach>
      </trim>
      <trim prefix="update_time =case id" suffix="end,">
        <foreach collection="recordList" index="index" item="item">
          <if test="item.updateTime !=null ">
            when #{item.id,jdbcType=BIGINT} then #{item.updateTime,jdbcType=TIMESTAMP}
          </if>
          <if test="item.updateTime ==null ">
            when #{item.id,jdbcType=BIGINT} then b_policy.update_time
          </if>
        </foreach>
      </trim>
    </trim>
    where id in(
    <foreach collection="recordList" index="index" item="item" separator=",">
      #{item.id,jdbcType=BIGINT}
    </foreach>
    )
  </update>
  <select id="selectOneByExample" parameterType="com.ekangji.policy.infrastructure.dao.dataobject.PolicyDOExample" resultMap="BaseResultMap">
    select
    'true' as QUERYID,
    <include refid="Base_Column_List" />
    from b_policy
    <if test="_parameter != null">
      <include refid="Example_Where_Clause" />
    </if>
    <if test="orderByClause != null">
      order by ${orderByClause}
    </if>
    limit 1
  </select>
</mapper>