<?xml version="1.0" encoding="UTF-8"?>
<!DOCTYPE mapper PUBLIC "-//mybatis.org//DTD Mapper 3.0//EN" "http://mybatis.org/dtd/mybatis-3-mapper.dtd">
<mapper namespace="com.ekangji.policy.infrastructure.dao.policycenter.ProductTypeMappingMapper">
  <resultMap id="BaseResultMap" type="com.ekangji.policy.infrastructure.dao.dataobject.ProductTypeMappingDO">
    <id column="id" jdbcType="BIGINT" property="id" />
    <result column="mapping_id" jdbcType="VARCHAR" property="mappingId" />
    <result column="code" jdbcType="VARCHAR" property="code" />
    <result column="name" jdbcType="VARCHAR" property="name" />
    <result column="parent_code" jdbcType="VARCHAR" property="parentCode" />
    <result column="mapping_code" jdbcType="VARCHAR" property="mappingCode" />
    <result column="mapping_name" jdbcType="VARCHAR" property="mappingName" />
    <result column="sort" jdbcType="INTEGER" property="sort" />
    <result column="status" jdbcType="TINYINT" property="status" />
    <result column="del_flag" jdbcType="TINYINT" property="delFlag" />
    <result column="create_time" jdbcType="TIMESTAMP" property="createTime" />
    <result column="update_time" jdbcType="TIMESTAMP" property="updateTime" />
    <result column="create_by" jdbcType="VARCHAR" property="createBy" />
    <result column="update_by" jdbcType="VARCHAR" property="updateBy" />
  </resultMap>
  <sql id="Example_Where_Clause">
    <where>
      <foreach collection="oredCriteria" item="criteria" separator="or">
        <if test="criteria.valid">
          <trim prefix="(" prefixOverrides="and" suffix=")">
            <foreach collection="criteria.criteria" item="criterion">
              <choose>
                <when test="criterion.noValue">
                  and ${criterion.condition}
                </when>
                <when test="criterion.singleValue">
                  and ${criterion.condition} #{criterion.value}
                </when>
                <when test="criterion.betweenValue">
                  and ${criterion.condition} #{criterion.value} and #{criterion.secondValue}
                </when>
                <when test="criterion.listValue">
                  and ${criterion.condition}
                  <foreach close=")" collection="criterion.value" item="listItem" open="(" separator=",">
                    #{listItem}
                  </foreach>
                </when>
              </choose>
            </foreach>
          </trim>
        </if>
      </foreach>
    </where>
  </sql>
  <sql id="Update_By_Example_Where_Clause">
    <where>
      <foreach collection="example.oredCriteria" item="criteria" separator="or">
        <if test="criteria.valid">
          <trim prefix="(" prefixOverrides="and" suffix=")">
            <foreach collection="criteria.criteria" item="criterion">
              <choose>
                <when test="criterion.noValue">
                  and ${criterion.condition}
                </when>
                <when test="criterion.singleValue">
                  and ${criterion.condition} #{criterion.value}
                </when>
                <when test="criterion.betweenValue">
                  and ${criterion.condition} #{criterion.value} and #{criterion.secondValue}
                </when>
                <when test="criterion.listValue">
                  and ${criterion.condition}
                  <foreach close=")" collection="criterion.value" item="listItem" open="(" separator=",">
                    #{listItem}
                  </foreach>
                </when>
              </choose>
            </foreach>
          </trim>
        </if>
      </foreach>
    </where>
  </sql>
  <sql id="Base_Column_List">
    id, mapping_id, code, `name`, parent_code, mapping_code, mapping_name, sort, `status`, 
    del_flag, create_time, update_time, create_by, update_by
  </sql>
  <select id="selectByExample" parameterType="com.ekangji.policy.infrastructure.dao.dataobject.ProductTypeMappingDOExample" resultMap="BaseResultMap">
    select
    <if test="distinct">
      distinct
    </if>
    'true' as QUERYID,
    <include refid="Base_Column_List" />
    from b_product_type_mapping
    <if test="_parameter != null">
      <include refid="Example_Where_Clause" />
    </if>
    <if test="orderByClause != null">
      order by ${orderByClause}
    </if>
  </select>
  <select id="selectByPrimaryKey" parameterType="java.lang.Long" resultMap="BaseResultMap">
    select 
    <include refid="Base_Column_List" />
    from b_product_type_mapping
    where id = #{id,jdbcType=BIGINT}
  </select>
  <delete id="deleteByPrimaryKey" parameterType="java.lang.Long">
    delete from b_product_type_mapping
    where id = #{id,jdbcType=BIGINT}
  </delete>
  <delete id="deleteByExample" parameterType="com.ekangji.policy.infrastructure.dao.dataobject.ProductTypeMappingDOExample">
    delete from b_product_type_mapping
    <if test="_parameter != null">
      <include refid="Example_Where_Clause" />
    </if>
  </delete>
  <insert id="insert" parameterType="com.ekangji.policy.infrastructure.dao.dataobject.ProductTypeMappingDO">
    <selectKey keyProperty="id" order="AFTER" resultType="java.lang.Long">
      SELECT LAST_INSERT_ID()
    </selectKey>
    insert into b_product_type_mapping (mapping_id, code, `name`, 
      parent_code, mapping_code, mapping_name, 
      sort, `status`, del_flag, 
      create_time, update_time, create_by, 
      update_by)
    values (#{mappingId,jdbcType=VARCHAR}, #{code,jdbcType=VARCHAR}, #{name,jdbcType=VARCHAR}, 
      #{parentCode,jdbcType=VARCHAR}, #{mappingCode,jdbcType=VARCHAR}, #{mappingName,jdbcType=VARCHAR}, 
      #{sort,jdbcType=INTEGER}, #{status,jdbcType=TINYINT}, #{delFlag,jdbcType=TINYINT}, 
      #{createTime,jdbcType=TIMESTAMP}, #{updateTime,jdbcType=TIMESTAMP}, #{createBy,jdbcType=VARCHAR}, 
      #{updateBy,jdbcType=VARCHAR})
  </insert>
  <insert id="insertSelective" parameterType="com.ekangji.policy.infrastructure.dao.dataobject.ProductTypeMappingDO">
    <selectKey keyProperty="id" order="AFTER" resultType="java.lang.Long">
      SELECT LAST_INSERT_ID()
    </selectKey>
    insert into b_product_type_mapping
    <trim prefix="(" suffix=")" suffixOverrides=",">
      <if test="mappingId != null">
        mapping_id,
      </if>
      <if test="code != null">
        code,
      </if>
      <if test="name != null">
        `name`,
      </if>
      <if test="parentCode != null">
        parent_code,
      </if>
      <if test="mappingCode != null">
        mapping_code,
      </if>
      <if test="mappingName != null">
        mapping_name,
      </if>
      <if test="sort != null">
        sort,
      </if>
      <if test="status != null">
        `status`,
      </if>
      <if test="delFlag != null">
        del_flag,
      </if>
      <if test="createTime != null">
        create_time,
      </if>
      <if test="updateTime != null">
        update_time,
      </if>
      <if test="createBy != null">
        create_by,
      </if>
      <if test="updateBy != null">
        update_by,
      </if>
    </trim>
    <trim prefix="values (" suffix=")" suffixOverrides=",">
      <if test="mappingId != null">
        #{mappingId,jdbcType=VARCHAR},
      </if>
      <if test="code != null">
        #{code,jdbcType=VARCHAR},
      </if>
      <if test="name != null">
        #{name,jdbcType=VARCHAR},
      </if>
      <if test="parentCode != null">
        #{parentCode,jdbcType=VARCHAR},
      </if>
      <if test="mappingCode != null">
        #{mappingCode,jdbcType=VARCHAR},
      </if>
      <if test="mappingName != null">
        #{mappingName,jdbcType=VARCHAR},
      </if>
      <if test="sort != null">
        #{sort,jdbcType=INTEGER},
      </if>
      <if test="status != null">
        #{status,jdbcType=TINYINT},
      </if>
      <if test="delFlag != null">
        #{delFlag,jdbcType=TINYINT},
      </if>
      <if test="createTime != null">
        #{createTime,jdbcType=TIMESTAMP},
      </if>
      <if test="updateTime != null">
        #{updateTime,jdbcType=TIMESTAMP},
      </if>
      <if test="createBy != null">
        #{createBy,jdbcType=VARCHAR},
      </if>
      <if test="updateBy != null">
        #{updateBy,jdbcType=VARCHAR},
      </if>
    </trim>
  </insert>
  <select id="countByExample" parameterType="com.ekangji.policy.infrastructure.dao.dataobject.ProductTypeMappingDOExample" resultType="java.lang.Long">
    select count(*) from b_product_type_mapping
    <if test="_parameter != null">
      <include refid="Example_Where_Clause" />
    </if>
  </select>
  <update id="updateByExampleSelective" parameterType="map">
    update b_product_type_mapping
    <set>
      <if test="record.id != null">
        id = #{record.id,jdbcType=BIGINT},
      </if>
      <if test="record.mappingId != null">
        mapping_id = #{record.mappingId,jdbcType=VARCHAR},
      </if>
      <if test="record.code != null">
        code = #{record.code,jdbcType=VARCHAR},
      </if>
      <if test="record.name != null">
        `name` = #{record.name,jdbcType=VARCHAR},
      </if>
      <if test="record.parentCode != null">
        parent_code = #{record.parentCode,jdbcType=VARCHAR},
      </if>
      <if test="record.mappingCode != null">
        mapping_code = #{record.mappingCode,jdbcType=VARCHAR},
      </if>
      <if test="record.mappingName != null">
        mapping_name = #{record.mappingName,jdbcType=VARCHAR},
      </if>
      <if test="record.sort != null">
        sort = #{record.sort,jdbcType=INTEGER},
      </if>
      <if test="record.status != null">
        `status` = #{record.status,jdbcType=TINYINT},
      </if>
      <if test="record.delFlag != null">
        del_flag = #{record.delFlag,jdbcType=TINYINT},
      </if>
      <if test="record.createTime != null">
        create_time = #{record.createTime,jdbcType=TIMESTAMP},
      </if>
      <if test="record.updateTime != null">
        update_time = #{record.updateTime,jdbcType=TIMESTAMP},
      </if>
      <if test="record.createBy != null">
        create_by = #{record.createBy,jdbcType=VARCHAR},
      </if>
      <if test="record.updateBy != null">
        update_by = #{record.updateBy,jdbcType=VARCHAR},
      </if>
    </set>
    <if test="_parameter != null">
      <include refid="Update_By_Example_Where_Clause" />
    </if>
  </update>
  <update id="updateByExample" parameterType="map">
    update b_product_type_mapping
    set id = #{record.id,jdbcType=BIGINT},
      mapping_id = #{record.mappingId,jdbcType=VARCHAR},
      code = #{record.code,jdbcType=VARCHAR},
      `name` = #{record.name,jdbcType=VARCHAR},
      parent_code = #{record.parentCode,jdbcType=VARCHAR},
      mapping_code = #{record.mappingCode,jdbcType=VARCHAR},
      mapping_name = #{record.mappingName,jdbcType=VARCHAR},
      sort = #{record.sort,jdbcType=INTEGER},
      `status` = #{record.status,jdbcType=TINYINT},
      del_flag = #{record.delFlag,jdbcType=TINYINT},
      create_time = #{record.createTime,jdbcType=TIMESTAMP},
      update_time = #{record.updateTime,jdbcType=TIMESTAMP},
      create_by = #{record.createBy,jdbcType=VARCHAR},
      update_by = #{record.updateBy,jdbcType=VARCHAR}
    <if test="_parameter != null">
      <include refid="Update_By_Example_Where_Clause" />
    </if>
  </update>
  <update id="updateByPrimaryKeySelective" parameterType="com.ekangji.policy.infrastructure.dao.dataobject.ProductTypeMappingDO">
    update b_product_type_mapping
    <set>
      <if test="mappingId != null">
        mapping_id = #{mappingId,jdbcType=VARCHAR},
      </if>
      <if test="code != null">
        code = #{code,jdbcType=VARCHAR},
      </if>
      <if test="name != null">
        `name` = #{name,jdbcType=VARCHAR},
      </if>
      <if test="parentCode != null">
        parent_code = #{parentCode,jdbcType=VARCHAR},
      </if>
      <if test="mappingCode != null">
        mapping_code = #{mappingCode,jdbcType=VARCHAR},
      </if>
      <if test="mappingName != null">
        mapping_name = #{mappingName,jdbcType=VARCHAR},
      </if>
      <if test="sort != null">
        sort = #{sort,jdbcType=INTEGER},
      </if>
      <if test="status != null">
        `status` = #{status,jdbcType=TINYINT},
      </if>
      <if test="delFlag != null">
        del_flag = #{delFlag,jdbcType=TINYINT},
      </if>
      <if test="createTime != null">
        create_time = #{createTime,jdbcType=TIMESTAMP},
      </if>
      <if test="updateTime != null">
        update_time = #{updateTime,jdbcType=TIMESTAMP},
      </if>
      <if test="createBy != null">
        create_by = #{createBy,jdbcType=VARCHAR},
      </if>
      <if test="updateBy != null">
        update_by = #{updateBy,jdbcType=VARCHAR},
      </if>
    </set>
    where id = #{id,jdbcType=BIGINT}
  </update>
  <update id="updateByPrimaryKey" parameterType="com.ekangji.policy.infrastructure.dao.dataobject.ProductTypeMappingDO">
    update b_product_type_mapping
    set mapping_id = #{mappingId,jdbcType=VARCHAR},
      code = #{code,jdbcType=VARCHAR},
      `name` = #{name,jdbcType=VARCHAR},
      parent_code = #{parentCode,jdbcType=VARCHAR},
      mapping_code = #{mappingCode,jdbcType=VARCHAR},
      mapping_name = #{mappingName,jdbcType=VARCHAR},
      sort = #{sort,jdbcType=INTEGER},
      `status` = #{status,jdbcType=TINYINT},
      del_flag = #{delFlag,jdbcType=TINYINT},
      create_time = #{createTime,jdbcType=TIMESTAMP},
      update_time = #{updateTime,jdbcType=TIMESTAMP},
      create_by = #{createBy,jdbcType=VARCHAR},
      update_by = #{updateBy,jdbcType=VARCHAR}
    where id = #{id,jdbcType=BIGINT}
  </update>
  <select id="selectByExampleWithRowbounds" parameterType="com.ekangji.policy.infrastructure.dao.dataobject.ProductTypeMappingDOExample" resultMap="BaseResultMap">
    select
    <if test="distinct">
      distinct
    </if>
    'true' as QUERYID,
    <include refid="Base_Column_List" />
    from b_product_type_mapping
    <if test="_parameter != null">
      <include refid="Example_Where_Clause" />
    </if>
    <if test="orderByClause != null">
      order by ${orderByClause}
    </if>
  </select>
  <insert id="batchInsert" keyColumn="id" keyProperty="id" parameterType="map" useGeneratedKeys="true">
    insert into b_product_type_mapping (mapping_id, code, `name`, parent_code, mapping_code, mapping_name, sort, `status`, del_flag, create_time, update_time, create_by, update_by)
    values
    <foreach collection="list" item="item" separator=",">
       (#{item.mappingId,jdbcType=VARCHAR}, #{item.code,jdbcType=VARCHAR}, #{item.name,jdbcType=VARCHAR}, #{item.parentCode,jdbcType=VARCHAR}, #{item.mappingCode,jdbcType=VARCHAR}, #{item.mappingName,jdbcType=VARCHAR}, #{item.sort,jdbcType=INTEGER}, #{item.status,jdbcType=TINYINT}, #{item.delFlag,jdbcType=TINYINT}, #{item.createTime,jdbcType=TIMESTAMP}, #{item.updateTime,jdbcType=TIMESTAMP}, #{item.createBy,jdbcType=VARCHAR}, #{item.updateBy,jdbcType=VARCHAR})
    </foreach>
  </insert>
  <delete id="batchDelete" parameterType="java.lang.Long">
    delete from b_product_type_mapping where id in (
    <foreach collection="ids" index="index" item="item" separator=",">
      #{item}
    </foreach>
    )
  </delete>
  <update id="batchUpdate" parameterType="java.util.List">
    update b_product_type_mapping 
    <trim prefix="set" suffixOverrides=",">
      <trim prefix="mapping_id =case id" suffix="end,">
        <foreach collection="recordList" index="index" item="item">
          <if test="item.mappingId !=null ">
            when #{item.id,jdbcType=BIGINT} then #{item.mappingId,jdbcType=VARCHAR}
          </if>
          <if test="item.mappingId ==null ">
            when #{item.id,jdbcType=BIGINT} then b_product_type_mapping.mapping_id
          </if>
        </foreach>
      </trim>
      <trim prefix="code =case id" suffix="end,">
        <foreach collection="recordList" index="index" item="item">
          <if test="item.code !=null ">
            when #{item.id,jdbcType=BIGINT} then #{item.code,jdbcType=VARCHAR}
          </if>
          <if test="item.code ==null ">
            when #{item.id,jdbcType=BIGINT} then b_product_type_mapping.code
          </if>
        </foreach>
      </trim>
      <trim prefix="name =case id" suffix="end,">
        <foreach collection="recordList" index="index" item="item">
          <if test="item.name !=null ">
            when #{item.id,jdbcType=BIGINT} then #{item.name,jdbcType=VARCHAR}
          </if>
          <if test="item.name ==null ">
            when #{item.id,jdbcType=BIGINT} then b_product_type_mapping.name
          </if>
        </foreach>
      </trim>
      <trim prefix="parent_code =case id" suffix="end,">
        <foreach collection="recordList" index="index" item="item">
          <if test="item.parentCode !=null ">
            when #{item.id,jdbcType=BIGINT} then #{item.parentCode,jdbcType=VARCHAR}
          </if>
          <if test="item.parentCode ==null ">
            when #{item.id,jdbcType=BIGINT} then b_product_type_mapping.parent_code
          </if>
        </foreach>
      </trim>
      <trim prefix="mapping_code =case id" suffix="end,">
        <foreach collection="recordList" index="index" item="item">
          <if test="item.mappingCode !=null ">
            when #{item.id,jdbcType=BIGINT} then #{item.mappingCode,jdbcType=VARCHAR}
          </if>
          <if test="item.mappingCode ==null ">
            when #{item.id,jdbcType=BIGINT} then b_product_type_mapping.mapping_code
          </if>
        </foreach>
      </trim>
      <trim prefix="mapping_name =case id" suffix="end,">
        <foreach collection="recordList" index="index" item="item">
          <if test="item.mappingName !=null ">
            when #{item.id,jdbcType=BIGINT} then #{item.mappingName,jdbcType=VARCHAR}
          </if>
          <if test="item.mappingName ==null ">
            when #{item.id,jdbcType=BIGINT} then b_product_type_mapping.mapping_name
          </if>
        </foreach>
      </trim>
      <trim prefix="sort =case id" suffix="end,">
        <foreach collection="recordList" index="index" item="item">
          <if test="item.sort !=null ">
            when #{item.id,jdbcType=BIGINT} then #{item.sort,jdbcType=INTEGER}
          </if>
          <if test="item.sort ==null ">
            when #{item.id,jdbcType=BIGINT} then b_product_type_mapping.sort
          </if>
        </foreach>
      </trim>
      <trim prefix="status =case id" suffix="end,">
        <foreach collection="recordList" index="index" item="item">
          <if test="item.status !=null ">
            when #{item.id,jdbcType=BIGINT} then #{item.status,jdbcType=TINYINT}
          </if>
          <if test="item.status ==null ">
            when #{item.id,jdbcType=BIGINT} then b_product_type_mapping.status
          </if>
        </foreach>
      </trim>
      <trim prefix="del_flag =case id" suffix="end,">
        <foreach collection="recordList" index="index" item="item">
          <if test="item.delFlag !=null ">
            when #{item.id,jdbcType=BIGINT} then #{item.delFlag,jdbcType=TINYINT}
          </if>
          <if test="item.delFlag ==null ">
            when #{item.id,jdbcType=BIGINT} then b_product_type_mapping.del_flag
          </if>
        </foreach>
      </trim>
      <trim prefix="create_time =case id" suffix="end,">
        <foreach collection="recordList" index="index" item="item">
          <if test="item.createTime !=null ">
            when #{item.id,jdbcType=BIGINT} then #{item.createTime,jdbcType=TIMESTAMP}
          </if>
          <if test="item.createTime ==null ">
            when #{item.id,jdbcType=BIGINT} then b_product_type_mapping.create_time
          </if>
        </foreach>
      </trim>
      <trim prefix="update_time =case id" suffix="end,">
        <foreach collection="recordList" index="index" item="item">
          <if test="item.updateTime !=null ">
            when #{item.id,jdbcType=BIGINT} then #{item.updateTime,jdbcType=TIMESTAMP}
          </if>
          <if test="item.updateTime ==null ">
            when #{item.id,jdbcType=BIGINT} then b_product_type_mapping.update_time
          </if>
        </foreach>
      </trim>
      <trim prefix="create_by =case id" suffix="end,">
        <foreach collection="recordList" index="index" item="item">
          <if test="item.createBy !=null ">
            when #{item.id,jdbcType=BIGINT} then #{item.createBy,jdbcType=VARCHAR}
          </if>
          <if test="item.createBy ==null ">
            when #{item.id,jdbcType=BIGINT} then b_product_type_mapping.create_by
          </if>
        </foreach>
      </trim>
      <trim prefix="update_by =case id" suffix="end,">
        <foreach collection="recordList" index="index" item="item">
          <if test="item.updateBy !=null ">
            when #{item.id,jdbcType=BIGINT} then #{item.updateBy,jdbcType=VARCHAR}
          </if>
          <if test="item.updateBy ==null ">
            when #{item.id,jdbcType=BIGINT} then b_product_type_mapping.update_by
          </if>
        </foreach>
      </trim>
    </trim>
    where id in(
    <foreach collection="recordList" index="index" item="item" separator=",">
      #{item.id,jdbcType=BIGINT}
    </foreach>
    )
  </update>
  <select id="selectOneByExample" parameterType="com.ekangji.policy.infrastructure.dao.dataobject.ProductTypeMappingDOExample" resultMap="BaseResultMap">
    select
    'true' as QUERYID,
    <include refid="Base_Column_List" />
    from b_product_type_mapping
    <if test="_parameter != null">
      <include refid="Example_Where_Clause" />
    </if>
    <if test="orderByClause != null">
      order by ${orderByClause}
    </if>
    limit 1
  </select>
</mapper>