<?xml version="1.0" encoding="UTF-8"?>
<!DOCTYPE mapper PUBLIC "-//mybatis.org//DTD Mapper 3.0//EN" "http://mybatis.org/dtd/mybatis-3-mapper.dtd">
<mapper namespace="com.ekangji.policy.infrastructure.dao.policycenter.SafeguardInsuranceMapper">
  <resultMap id="BaseResultMap" type="com.ekangji.policy.infrastructure.dao.dataobject.SafeguardInsuranceDO">
    <id column="id" jdbcType="BIGINT" property="id" />
    <result column="insurance_id" jdbcType="VARCHAR" property="insuranceId" />
    <result column="product_type_code" jdbcType="VARCHAR" property="productTypeCode" />
    <result column="product_type_desc" jdbcType="VARCHAR" property="productTypeDesc" />
    <result column="parent_type" jdbcType="VARCHAR" property="parentType" />
    <result column="aver_value" jdbcType="INTEGER" property="averValue" />
    <result column="median_value" jdbcType="INTEGER" property="medianValue" />
    <result column="min_value" jdbcType="INTEGER" property="minValue" />
    <result column="max_value" jdbcType="INTEGER" property="maxValue" />
    <result column="assign_value" jdbcType="INTEGER" property="assignValue" />
    <result column="compare_column" jdbcType="TINYINT" property="compareColumn" />
    <result column="age_bracket" jdbcType="INTEGER" property="ageBracket" />
    <result column="status" jdbcType="TINYINT" property="status" />
    <result column="del_flag" jdbcType="TINYINT" property="delFlag" />
    <result column="create_time" jdbcType="TIMESTAMP" property="createTime" />
    <result column="update_time" jdbcType="TIMESTAMP" property="updateTime" />
    <result column="create_by" jdbcType="VARCHAR" property="createBy" />
    <result column="update_by" jdbcType="VARCHAR" property="updateBy" />
  </resultMap>
  <sql id="Example_Where_Clause">
    <where>
      <foreach collection="oredCriteria" item="criteria" separator="or">
        <if test="criteria.valid">
          <trim prefix="(" prefixOverrides="and" suffix=")">
            <foreach collection="criteria.criteria" item="criterion">
              <choose>
                <when test="criterion.noValue">
                  and ${criterion.condition}
                </when>
                <when test="criterion.singleValue">
                  and ${criterion.condition} #{criterion.value}
                </when>
                <when test="criterion.betweenValue">
                  and ${criterion.condition} #{criterion.value} and #{criterion.secondValue}
                </when>
                <when test="criterion.listValue">
                  and ${criterion.condition}
                  <foreach close=")" collection="criterion.value" item="listItem" open="(" separator=",">
                    #{listItem}
                  </foreach>
                </when>
              </choose>
            </foreach>
          </trim>
        </if>
      </foreach>
    </where>
  </sql>
  <sql id="Update_By_Example_Where_Clause">
    <where>
      <foreach collection="example.oredCriteria" item="criteria" separator="or">
        <if test="criteria.valid">
          <trim prefix="(" prefixOverrides="and" suffix=")">
            <foreach collection="criteria.criteria" item="criterion">
              <choose>
                <when test="criterion.noValue">
                  and ${criterion.condition}
                </when>
                <when test="criterion.singleValue">
                  and ${criterion.condition} #{criterion.value}
                </when>
                <when test="criterion.betweenValue">
                  and ${criterion.condition} #{criterion.value} and #{criterion.secondValue}
                </when>
                <when test="criterion.listValue">
                  and ${criterion.condition}
                  <foreach close=")" collection="criterion.value" item="listItem" open="(" separator=",">
                    #{listItem}
                  </foreach>
                </when>
              </choose>
            </foreach>
          </trim>
        </if>
      </foreach>
    </where>
  </sql>
  <sql id="Base_Column_List">
    id, insurance_id, product_type_code, product_type_desc, parent_type, aver_value, 
    median_value, min_value, max_value, assign_value, compare_column, age_bracket, `status`, 
    del_flag, create_time, update_time, create_by, update_by
  </sql>
  <select id="selectByExample" parameterType="com.ekangji.policy.infrastructure.dao.dataobject.SafeguardInsuranceDOExample" resultMap="BaseResultMap">
    select
    <if test="distinct">
      distinct
    </if>
    'true' as QUERYID,
    <include refid="Base_Column_List" />
    from b_safeguard_insurance
    <if test="_parameter != null">
      <include refid="Example_Where_Clause" />
    </if>
    <if test="orderByClause != null">
      order by ${orderByClause}
    </if>
  </select>
  <select id="selectByPrimaryKey" parameterType="java.lang.Long" resultMap="BaseResultMap">
    select 
    <include refid="Base_Column_List" />
    from b_safeguard_insurance
    where id = #{id,jdbcType=BIGINT}
  </select>
  <delete id="deleteByPrimaryKey" parameterType="java.lang.Long">
    delete from b_safeguard_insurance
    where id = #{id,jdbcType=BIGINT}
  </delete>
  <delete id="deleteByExample" parameterType="com.ekangji.policy.infrastructure.dao.dataobject.SafeguardInsuranceDOExample">
    delete from b_safeguard_insurance
    <if test="_parameter != null">
      <include refid="Example_Where_Clause" />
    </if>
  </delete>
  <insert id="insert" parameterType="com.ekangji.policy.infrastructure.dao.dataobject.SafeguardInsuranceDO">
    <selectKey keyProperty="id" order="AFTER" resultType="java.lang.Long">
      SELECT LAST_INSERT_ID()
    </selectKey>
    insert into b_safeguard_insurance (insurance_id, product_type_code, product_type_desc, 
      parent_type, aver_value, median_value, 
      min_value, max_value, assign_value, 
      compare_column, age_bracket, `status`, 
      del_flag, create_time, update_time, 
      create_by, update_by)
    values (#{insuranceId,jdbcType=VARCHAR}, #{productTypeCode,jdbcType=VARCHAR}, #{productTypeDesc,jdbcType=VARCHAR}, 
      #{parentType,jdbcType=VARCHAR}, #{averValue,jdbcType=INTEGER}, #{medianValue,jdbcType=INTEGER}, 
      #{minValue,jdbcType=INTEGER}, #{maxValue,jdbcType=INTEGER}, #{assignValue,jdbcType=INTEGER}, 
      #{compareColumn,jdbcType=TINYINT}, #{ageBracket,jdbcType=INTEGER}, #{status,jdbcType=TINYINT}, 
      #{delFlag,jdbcType=TINYINT}, #{createTime,jdbcType=TIMESTAMP}, #{updateTime,jdbcType=TIMESTAMP}, 
      #{createBy,jdbcType=VARCHAR}, #{updateBy,jdbcType=VARCHAR})
  </insert>
  <insert id="insertSelective" parameterType="com.ekangji.policy.infrastructure.dao.dataobject.SafeguardInsuranceDO">
    <selectKey keyProperty="id" order="AFTER" resultType="java.lang.Long">
      SELECT LAST_INSERT_ID()
    </selectKey>
    insert into b_safeguard_insurance
    <trim prefix="(" suffix=")" suffixOverrides=",">
      <if test="insuranceId != null">
        insurance_id,
      </if>
      <if test="productTypeCode != null">
        product_type_code,
      </if>
      <if test="productTypeDesc != null">
        product_type_desc,
      </if>
      <if test="parentType != null">
        parent_type,
      </if>
      <if test="averValue != null">
        aver_value,
      </if>
      <if test="medianValue != null">
        median_value,
      </if>
      <if test="minValue != null">
        min_value,
      </if>
      <if test="maxValue != null">
        max_value,
      </if>
      <if test="assignValue != null">
        assign_value,
      </if>
      <if test="compareColumn != null">
        compare_column,
      </if>
      <if test="ageBracket != null">
        age_bracket,
      </if>
      <if test="status != null">
        `status`,
      </if>
      <if test="delFlag != null">
        del_flag,
      </if>
      <if test="createTime != null">
        create_time,
      </if>
      <if test="updateTime != null">
        update_time,
      </if>
      <if test="createBy != null">
        create_by,
      </if>
      <if test="updateBy != null">
        update_by,
      </if>
    </trim>
    <trim prefix="values (" suffix=")" suffixOverrides=",">
      <if test="insuranceId != null">
        #{insuranceId,jdbcType=VARCHAR},
      </if>
      <if test="productTypeCode != null">
        #{productTypeCode,jdbcType=VARCHAR},
      </if>
      <if test="productTypeDesc != null">
        #{productTypeDesc,jdbcType=VARCHAR},
      </if>
      <if test="parentType != null">
        #{parentType,jdbcType=VARCHAR},
      </if>
      <if test="averValue != null">
        #{averValue,jdbcType=INTEGER},
      </if>
      <if test="medianValue != null">
        #{medianValue,jdbcType=INTEGER},
      </if>
      <if test="minValue != null">
        #{minValue,jdbcType=INTEGER},
      </if>
      <if test="maxValue != null">
        #{maxValue,jdbcType=INTEGER},
      </if>
      <if test="assignValue != null">
        #{assignValue,jdbcType=INTEGER},
      </if>
      <if test="compareColumn != null">
        #{compareColumn,jdbcType=TINYINT},
      </if>
      <if test="ageBracket != null">
        #{ageBracket,jdbcType=INTEGER},
      </if>
      <if test="status != null">
        #{status,jdbcType=TINYINT},
      </if>
      <if test="delFlag != null">
        #{delFlag,jdbcType=TINYINT},
      </if>
      <if test="createTime != null">
        #{createTime,jdbcType=TIMESTAMP},
      </if>
      <if test="updateTime != null">
        #{updateTime,jdbcType=TIMESTAMP},
      </if>
      <if test="createBy != null">
        #{createBy,jdbcType=VARCHAR},
      </if>
      <if test="updateBy != null">
        #{updateBy,jdbcType=VARCHAR},
      </if>
    </trim>
  </insert>
  <select id="countByExample" parameterType="com.ekangji.policy.infrastructure.dao.dataobject.SafeguardInsuranceDOExample" resultType="java.lang.Long">
    select count(*) from b_safeguard_insurance
    <if test="_parameter != null">
      <include refid="Example_Where_Clause" />
    </if>
  </select>
  <update id="updateByExampleSelective" parameterType="map">
    update b_safeguard_insurance
    <set>
      <if test="record.id != null">
        id = #{record.id,jdbcType=BIGINT},
      </if>
      <if test="record.insuranceId != null">
        insurance_id = #{record.insuranceId,jdbcType=VARCHAR},
      </if>
      <if test="record.productTypeCode != null">
        product_type_code = #{record.productTypeCode,jdbcType=VARCHAR},
      </if>
      <if test="record.productTypeDesc != null">
        product_type_desc = #{record.productTypeDesc,jdbcType=VARCHAR},
      </if>
      <if test="record.parentType != null">
        parent_type = #{record.parentType,jdbcType=VARCHAR},
      </if>
      <if test="record.averValue != null">
        aver_value = #{record.averValue,jdbcType=INTEGER},
      </if>
      <if test="record.medianValue != null">
        median_value = #{record.medianValue,jdbcType=INTEGER},
      </if>
      <if test="record.minValue != null">
        min_value = #{record.minValue,jdbcType=INTEGER},
      </if>
      <if test="record.maxValue != null">
        max_value = #{record.maxValue,jdbcType=INTEGER},
      </if>
      <if test="record.assignValue != null">
        assign_value = #{record.assignValue,jdbcType=INTEGER},
      </if>
      <if test="record.compareColumn != null">
        compare_column = #{record.compareColumn,jdbcType=TINYINT},
      </if>
      <if test="record.ageBracket != null">
        age_bracket = #{record.ageBracket,jdbcType=INTEGER},
      </if>
      <if test="record.status != null">
        `status` = #{record.status,jdbcType=TINYINT},
      </if>
      <if test="record.delFlag != null">
        del_flag = #{record.delFlag,jdbcType=TINYINT},
      </if>
      <if test="record.createTime != null">
        create_time = #{record.createTime,jdbcType=TIMESTAMP},
      </if>
      <if test="record.updateTime != null">
        update_time = #{record.updateTime,jdbcType=TIMESTAMP},
      </if>
      <if test="record.createBy != null">
        create_by = #{record.createBy,jdbcType=VARCHAR},
      </if>
      <if test="record.updateBy != null">
        update_by = #{record.updateBy,jdbcType=VARCHAR},
      </if>
    </set>
    <if test="_parameter != null">
      <include refid="Update_By_Example_Where_Clause" />
    </if>
  </update>
  <update id="updateByExample" parameterType="map">
    update b_safeguard_insurance
    set id = #{record.id,jdbcType=BIGINT},
      insurance_id = #{record.insuranceId,jdbcType=VARCHAR},
      product_type_code = #{record.productTypeCode,jdbcType=VARCHAR},
      product_type_desc = #{record.productTypeDesc,jdbcType=VARCHAR},
      parent_type = #{record.parentType,jdbcType=VARCHAR},
      aver_value = #{record.averValue,jdbcType=INTEGER},
      median_value = #{record.medianValue,jdbcType=INTEGER},
      min_value = #{record.minValue,jdbcType=INTEGER},
      max_value = #{record.maxValue,jdbcType=INTEGER},
      assign_value = #{record.assignValue,jdbcType=INTEGER},
      compare_column = #{record.compareColumn,jdbcType=TINYINT},
      age_bracket = #{record.ageBracket,jdbcType=INTEGER},
      `status` = #{record.status,jdbcType=TINYINT},
      del_flag = #{record.delFlag,jdbcType=TINYINT},
      create_time = #{record.createTime,jdbcType=TIMESTAMP},
      update_time = #{record.updateTime,jdbcType=TIMESTAMP},
      create_by = #{record.createBy,jdbcType=VARCHAR},
      update_by = #{record.updateBy,jdbcType=VARCHAR}
    <if test="_parameter != null">
      <include refid="Update_By_Example_Where_Clause" />
    </if>
  </update>
  <update id="updateByPrimaryKeySelective" parameterType="com.ekangji.policy.infrastructure.dao.dataobject.SafeguardInsuranceDO">
    update b_safeguard_insurance
    <set>
      <if test="insuranceId != null">
        insurance_id = #{insuranceId,jdbcType=VARCHAR},
      </if>
      <if test="productTypeCode != null">
        product_type_code = #{productTypeCode,jdbcType=VARCHAR},
      </if>
      <if test="productTypeDesc != null">
        product_type_desc = #{productTypeDesc,jdbcType=VARCHAR},
      </if>
      <if test="parentType != null">
        parent_type = #{parentType,jdbcType=VARCHAR},
      </if>
      <if test="averValue != null">
        aver_value = #{averValue,jdbcType=INTEGER},
      </if>
      <if test="medianValue != null">
        median_value = #{medianValue,jdbcType=INTEGER},
      </if>
      <if test="minValue != null">
        min_value = #{minValue,jdbcType=INTEGER},
      </if>
      <if test="maxValue != null">
        max_value = #{maxValue,jdbcType=INTEGER},
      </if>
      <if test="assignValue != null">
        assign_value = #{assignValue,jdbcType=INTEGER},
      </if>
      <if test="compareColumn != null">
        compare_column = #{compareColumn,jdbcType=TINYINT},
      </if>
      <if test="ageBracket != null">
        age_bracket = #{ageBracket,jdbcType=INTEGER},
      </if>
      <if test="status != null">
        `status` = #{status,jdbcType=TINYINT},
      </if>
      <if test="delFlag != null">
        del_flag = #{delFlag,jdbcType=TINYINT},
      </if>
      <if test="createTime != null">
        create_time = #{createTime,jdbcType=TIMESTAMP},
      </if>
      <if test="updateTime != null">
        update_time = #{updateTime,jdbcType=TIMESTAMP},
      </if>
      <if test="createBy != null">
        create_by = #{createBy,jdbcType=VARCHAR},
      </if>
      <if test="updateBy != null">
        update_by = #{updateBy,jdbcType=VARCHAR},
      </if>
    </set>
    where id = #{id,jdbcType=BIGINT}
  </update>
  <update id="updateByPrimaryKey" parameterType="com.ekangji.policy.infrastructure.dao.dataobject.SafeguardInsuranceDO">
    update b_safeguard_insurance
    set insurance_id = #{insuranceId,jdbcType=VARCHAR},
      product_type_code = #{productTypeCode,jdbcType=VARCHAR},
      product_type_desc = #{productTypeDesc,jdbcType=VARCHAR},
      parent_type = #{parentType,jdbcType=VARCHAR},
      aver_value = #{averValue,jdbcType=INTEGER},
      median_value = #{medianValue,jdbcType=INTEGER},
      min_value = #{minValue,jdbcType=INTEGER},
      max_value = #{maxValue,jdbcType=INTEGER},
      assign_value = #{assignValue,jdbcType=INTEGER},
      compare_column = #{compareColumn,jdbcType=TINYINT},
      age_bracket = #{ageBracket,jdbcType=INTEGER},
      `status` = #{status,jdbcType=TINYINT},
      del_flag = #{delFlag,jdbcType=TINYINT},
      create_time = #{createTime,jdbcType=TIMESTAMP},
      update_time = #{updateTime,jdbcType=TIMESTAMP},
      create_by = #{createBy,jdbcType=VARCHAR},
      update_by = #{updateBy,jdbcType=VARCHAR}
    where id = #{id,jdbcType=BIGINT}
  </update>
  <select id="selectByExampleWithRowbounds" parameterType="com.ekangji.policy.infrastructure.dao.dataobject.SafeguardInsuranceDOExample" resultMap="BaseResultMap">
    select
    <if test="distinct">
      distinct
    </if>
    'true' as QUERYID,
    <include refid="Base_Column_List" />
    from b_safeguard_insurance
    <if test="_parameter != null">
      <include refid="Example_Where_Clause" />
    </if>
    <if test="orderByClause != null">
      order by ${orderByClause}
    </if>
  </select>
  <insert id="batchInsert" keyColumn="id" keyProperty="id" parameterType="map" useGeneratedKeys="true">
    insert into b_safeguard_insurance (insurance_id, product_type_code, product_type_desc, parent_type, aver_value, median_value, min_value, max_value, assign_value, compare_column, age_bracket, `status`, del_flag, create_time, update_time, create_by, update_by)
    values
    <foreach collection="list" item="item" separator=",">
       (#{item.insuranceId,jdbcType=VARCHAR}, #{item.productTypeCode,jdbcType=VARCHAR}, #{item.productTypeDesc,jdbcType=VARCHAR}, #{item.parentType,jdbcType=VARCHAR}, #{item.averValue,jdbcType=INTEGER}, #{item.medianValue,jdbcType=INTEGER}, #{item.minValue,jdbcType=INTEGER}, #{item.maxValue,jdbcType=INTEGER}, #{item.assignValue,jdbcType=INTEGER}, #{item.compareColumn,jdbcType=TINYINT}, #{item.ageBracket,jdbcType=INTEGER}, #{item.status,jdbcType=TINYINT}, #{item.delFlag,jdbcType=TINYINT}, #{item.createTime,jdbcType=TIMESTAMP}, #{item.updateTime,jdbcType=TIMESTAMP}, #{item.createBy,jdbcType=VARCHAR}, #{item.updateBy,jdbcType=VARCHAR})
    </foreach>
  </insert>
  <delete id="batchDelete" parameterType="java.lang.Long">
    delete from b_safeguard_insurance where id in (
    <foreach collection="ids" index="index" item="item" separator=",">
      #{item}
    </foreach>
    )
  </delete>
  <update id="batchUpdate" parameterType="java.util.List">
    update b_safeguard_insurance 
    <trim prefix="set" suffixOverrides=",">
      <trim prefix="insurance_id =case id" suffix="end,">
        <foreach collection="recordList" index="index" item="item">
          <if test="item.insuranceId !=null ">
            when #{item.id,jdbcType=BIGINT} then #{item.insuranceId,jdbcType=VARCHAR}
          </if>
          <if test="item.insuranceId ==null ">
            when #{item.id,jdbcType=BIGINT} then b_safeguard_insurance.insurance_id
          </if>
        </foreach>
      </trim>
      <trim prefix="product_type_code =case id" suffix="end,">
        <foreach collection="recordList" index="index" item="item">
          <if test="item.productTypeCode !=null ">
            when #{item.id,jdbcType=BIGINT} then #{item.productTypeCode,jdbcType=VARCHAR}
          </if>
          <if test="item.productTypeCode ==null ">
            when #{item.id,jdbcType=BIGINT} then b_safeguard_insurance.product_type_code
          </if>
        </foreach>
      </trim>
      <trim prefix="product_type_desc =case id" suffix="end,">
        <foreach collection="recordList" index="index" item="item">
          <if test="item.productTypeDesc !=null ">
            when #{item.id,jdbcType=BIGINT} then #{item.productTypeDesc,jdbcType=VARCHAR}
          </if>
          <if test="item.productTypeDesc ==null ">
            when #{item.id,jdbcType=BIGINT} then b_safeguard_insurance.product_type_desc
          </if>
        </foreach>
      </trim>
      <trim prefix="parent_type =case id" suffix="end,">
        <foreach collection="recordList" index="index" item="item">
          <if test="item.parentType !=null ">
            when #{item.id,jdbcType=BIGINT} then #{item.parentType,jdbcType=VARCHAR}
          </if>
          <if test="item.parentType ==null ">
            when #{item.id,jdbcType=BIGINT} then b_safeguard_insurance.parent_type
          </if>
        </foreach>
      </trim>
      <trim prefix="aver_value =case id" suffix="end,">
        <foreach collection="recordList" index="index" item="item">
          <if test="item.averValue !=null ">
            when #{item.id,jdbcType=BIGINT} then #{item.averValue,jdbcType=INTEGER}
          </if>
          <if test="item.averValue ==null ">
            when #{item.id,jdbcType=BIGINT} then b_safeguard_insurance.aver_value
          </if>
        </foreach>
      </trim>
      <trim prefix="median_value =case id" suffix="end,">
        <foreach collection="recordList" index="index" item="item">
          <if test="item.medianValue !=null ">
            when #{item.id,jdbcType=BIGINT} then #{item.medianValue,jdbcType=INTEGER}
          </if>
          <if test="item.medianValue ==null ">
            when #{item.id,jdbcType=BIGINT} then b_safeguard_insurance.median_value
          </if>
        </foreach>
      </trim>
      <trim prefix="min_value =case id" suffix="end,">
        <foreach collection="recordList" index="index" item="item">
          <if test="item.minValue !=null ">
            when #{item.id,jdbcType=BIGINT} then #{item.minValue,jdbcType=INTEGER}
          </if>
          <if test="item.minValue ==null ">
            when #{item.id,jdbcType=BIGINT} then b_safeguard_insurance.min_value
          </if>
        </foreach>
      </trim>
      <trim prefix="max_value =case id" suffix="end,">
        <foreach collection="recordList" index="index" item="item">
          <if test="item.maxValue !=null ">
            when #{item.id,jdbcType=BIGINT} then #{item.maxValue,jdbcType=INTEGER}
          </if>
          <if test="item.maxValue ==null ">
            when #{item.id,jdbcType=BIGINT} then b_safeguard_insurance.max_value
          </if>
        </foreach>
      </trim>
      <trim prefix="assign_value =case id" suffix="end,">
        <foreach collection="recordList" index="index" item="item">
          <if test="item.assignValue !=null ">
            when #{item.id,jdbcType=BIGINT} then #{item.assignValue,jdbcType=INTEGER}
          </if>
          <if test="item.assignValue ==null ">
            when #{item.id,jdbcType=BIGINT} then b_safeguard_insurance.assign_value
          </if>
        </foreach>
      </trim>
      <trim prefix="compare_column =case id" suffix="end,">
        <foreach collection="recordList" index="index" item="item">
          <if test="item.compareColumn !=null ">
            when #{item.id,jdbcType=BIGINT} then #{item.compareColumn,jdbcType=TINYINT}
          </if>
          <if test="item.compareColumn ==null ">
            when #{item.id,jdbcType=BIGINT} then b_safeguard_insurance.compare_column
          </if>
        </foreach>
      </trim>
      <trim prefix="age_bracket =case id" suffix="end,">
        <foreach collection="recordList" index="index" item="item">
          <if test="item.ageBracket !=null ">
            when #{item.id,jdbcType=BIGINT} then #{item.ageBracket,jdbcType=INTEGER}
          </if>
          <if test="item.ageBracket ==null ">
            when #{item.id,jdbcType=BIGINT} then b_safeguard_insurance.age_bracket
          </if>
        </foreach>
      </trim>
      <trim prefix="status =case id" suffix="end,">
        <foreach collection="recordList" index="index" item="item">
          <if test="item.status !=null ">
            when #{item.id,jdbcType=BIGINT} then #{item.status,jdbcType=TINYINT}
          </if>
          <if test="item.status ==null ">
            when #{item.id,jdbcType=BIGINT} then b_safeguard_insurance.status
          </if>
        </foreach>
      </trim>
      <trim prefix="del_flag =case id" suffix="end,">
        <foreach collection="recordList" index="index" item="item">
          <if test="item.delFlag !=null ">
            when #{item.id,jdbcType=BIGINT} then #{item.delFlag,jdbcType=TINYINT}
          </if>
          <if test="item.delFlag ==null ">
            when #{item.id,jdbcType=BIGINT} then b_safeguard_insurance.del_flag
          </if>
        </foreach>
      </trim>
      <trim prefix="create_time =case id" suffix="end,">
        <foreach collection="recordList" index="index" item="item">
          <if test="item.createTime !=null ">
            when #{item.id,jdbcType=BIGINT} then #{item.createTime,jdbcType=TIMESTAMP}
          </if>
          <if test="item.createTime ==null ">
            when #{item.id,jdbcType=BIGINT} then b_safeguard_insurance.create_time
          </if>
        </foreach>
      </trim>
      <trim prefix="update_time =case id" suffix="end,">
        <foreach collection="recordList" index="index" item="item">
          <if test="item.updateTime !=null ">
            when #{item.id,jdbcType=BIGINT} then #{item.updateTime,jdbcType=TIMESTAMP}
          </if>
          <if test="item.updateTime ==null ">
            when #{item.id,jdbcType=BIGINT} then b_safeguard_insurance.update_time
          </if>
        </foreach>
      </trim>
      <trim prefix="create_by =case id" suffix="end,">
        <foreach collection="recordList" index="index" item="item">
          <if test="item.createBy !=null ">
            when #{item.id,jdbcType=BIGINT} then #{item.createBy,jdbcType=VARCHAR}
          </if>
          <if test="item.createBy ==null ">
            when #{item.id,jdbcType=BIGINT} then b_safeguard_insurance.create_by
          </if>
        </foreach>
      </trim>
      <trim prefix="update_by =case id" suffix="end,">
        <foreach collection="recordList" index="index" item="item">
          <if test="item.updateBy !=null ">
            when #{item.id,jdbcType=BIGINT} then #{item.updateBy,jdbcType=VARCHAR}
          </if>
          <if test="item.updateBy ==null ">
            when #{item.id,jdbcType=BIGINT} then b_safeguard_insurance.update_by
          </if>
        </foreach>
      </trim>
    </trim>
    where id in(
    <foreach collection="recordList" index="index" item="item" separator=",">
      #{item.id,jdbcType=BIGINT}
    </foreach>
    )
  </update>
  <select id="selectOneByExample" parameterType="com.ekangji.policy.infrastructure.dao.dataobject.SafeguardInsuranceDOExample" resultMap="BaseResultMap">
    select
    'true' as QUERYID,
    <include refid="Base_Column_List" />
    from b_safeguard_insurance
    <if test="_parameter != null">
      <include refid="Example_Where_Clause" />
    </if>
    <if test="orderByClause != null">
      order by ${orderByClause}
    </if>
    limit 1
  </select>
</mapper>