<?xml version="1.0" encoding="UTF-8"?>
<!DOCTYPE mapper PUBLIC "-//mybatis.org//DTD Mapper 3.0//EN" "http://mybatis.org/dtd/mybatis-3-mapper.dtd">
<mapper namespace="com.ekangji.policy.infrastructure.dao.policycenter.SafeguardOverviewMapper">
  <resultMap id="BaseResultMap" type="com.ekangji.policy.infrastructure.dao.dataobject.SafeguardOverviewDO">
    <id column="id" jdbcType="BIGINT" property="id" />
    <result column="overview_id" jdbcType="VARCHAR" property="overviewId" />
    <result column="one_level_type_code" jdbcType="VARCHAR" property="oneLevelTypeCode" />
    <result column="one_level_type_desc" jdbcType="VARCHAR" property="oneLevelTypeDesc" />
    <result column="one_level_type_alias" jdbcType="VARCHAR" property="oneLevelTypeAlias" />
    <result column="aver_value" jdbcType="INTEGER" property="averValue" />
    <result column="median_value" jdbcType="INTEGER" property="medianValue" />
    <result column="min_value" jdbcType="INTEGER" property="minValue" />
    <result column="max_value" jdbcType="INTEGER" property="maxValue" />
    <result column="compare_value" jdbcType="INTEGER" property="compareValue" />
    <result column="shown_compare_value" jdbcType="TINYINT" property="shownCompareValue" />
    <result column="radar_map_max_value" jdbcType="INTEGER" property="radarMapMaxValue" />
    <result column="age_bracket" jdbcType="INTEGER" property="ageBracket" />
    <result column="status" jdbcType="TINYINT" property="status" />
    <result column="del_flag" jdbcType="TINYINT" property="delFlag" />
    <result column="create_time" jdbcType="TIMESTAMP" property="createTime" />
    <result column="update_time" jdbcType="TIMESTAMP" property="updateTime" />
    <result column="create_by" jdbcType="VARCHAR" property="createBy" />
    <result column="update_by" jdbcType="VARCHAR" property="updateBy" />
  </resultMap>
  <sql id="Example_Where_Clause">
    <where>
      <foreach collection="oredCriteria" item="criteria" separator="or">
        <if test="criteria.valid">
          <trim prefix="(" prefixOverrides="and" suffix=")">
            <foreach collection="criteria.criteria" item="criterion">
              <choose>
                <when test="criterion.noValue">
                  and ${criterion.condition}
                </when>
                <when test="criterion.singleValue">
                  and ${criterion.condition} #{criterion.value}
                </when>
                <when test="criterion.betweenValue">
                  and ${criterion.condition} #{criterion.value} and #{criterion.secondValue}
                </when>
                <when test="criterion.listValue">
                  and ${criterion.condition}
                  <foreach close=")" collection="criterion.value" item="listItem" open="(" separator=",">
                    #{listItem}
                  </foreach>
                </when>
              </choose>
            </foreach>
          </trim>
        </if>
      </foreach>
    </where>
  </sql>
  <sql id="Update_By_Example_Where_Clause">
    <where>
      <foreach collection="example.oredCriteria" item="criteria" separator="or">
        <if test="criteria.valid">
          <trim prefix="(" prefixOverrides="and" suffix=")">
            <foreach collection="criteria.criteria" item="criterion">
              <choose>
                <when test="criterion.noValue">
                  and ${criterion.condition}
                </when>
                <when test="criterion.singleValue">
                  and ${criterion.condition} #{criterion.value}
                </when>
                <when test="criterion.betweenValue">
                  and ${criterion.condition} #{criterion.value} and #{criterion.secondValue}
                </when>
                <when test="criterion.listValue">
                  and ${criterion.condition}
                  <foreach close=")" collection="criterion.value" item="listItem" open="(" separator=",">
                    #{listItem}
                  </foreach>
                </when>
              </choose>
            </foreach>
          </trim>
        </if>
      </foreach>
    </where>
  </sql>
  <sql id="Base_Column_List">
    id, overview_id, one_level_type_code, one_level_type_desc, one_level_type_alias, 
    aver_value, median_value, min_value, max_value, compare_value, shown_compare_value, 
    radar_map_max_value, age_bracket, `status`, del_flag, create_time, update_time, create_by, 
    update_by
  </sql>
  <select id="selectByExample" parameterType="com.ekangji.policy.infrastructure.dao.dataobject.SafeguardOverviewDOExample" resultMap="BaseResultMap">
    select
    <if test="distinct">
      distinct
    </if>
    'true' as QUERYID,
    <include refid="Base_Column_List" />
    from b_safeguard_overview
    <if test="_parameter != null">
      <include refid="Example_Where_Clause" />
    </if>
    <if test="orderByClause != null">
      order by ${orderByClause}
    </if>
  </select>
  <select id="selectByPrimaryKey" parameterType="java.lang.Long" resultMap="BaseResultMap">
    select 
    <include refid="Base_Column_List" />
    from b_safeguard_overview
    where id = #{id,jdbcType=BIGINT}
  </select>
  <delete id="deleteByPrimaryKey" parameterType="java.lang.Long">
    delete from b_safeguard_overview
    where id = #{id,jdbcType=BIGINT}
  </delete>
  <delete id="deleteByExample" parameterType="com.ekangji.policy.infrastructure.dao.dataobject.SafeguardOverviewDOExample">
    delete from b_safeguard_overview
    <if test="_parameter != null">
      <include refid="Example_Where_Clause" />
    </if>
  </delete>
  <insert id="insert" parameterType="com.ekangji.policy.infrastructure.dao.dataobject.SafeguardOverviewDO">
    <selectKey keyProperty="id" order="AFTER" resultType="java.lang.Long">
      SELECT LAST_INSERT_ID()
    </selectKey>
    insert into b_safeguard_overview (overview_id, one_level_type_code, one_level_type_desc, 
      one_level_type_alias, aver_value, median_value, 
      min_value, max_value, compare_value, 
      shown_compare_value, radar_map_max_value, age_bracket, 
      `status`, del_flag, create_time, 
      update_time, create_by, update_by
      )
    values (#{overviewId,jdbcType=VARCHAR}, #{oneLevelTypeCode,jdbcType=VARCHAR}, #{oneLevelTypeDesc,jdbcType=VARCHAR}, 
      #{oneLevelTypeAlias,jdbcType=VARCHAR}, #{averValue,jdbcType=INTEGER}, #{medianValue,jdbcType=INTEGER}, 
      #{minValue,jdbcType=INTEGER}, #{maxValue,jdbcType=INTEGER}, #{compareValue,jdbcType=INTEGER}, 
      #{shownCompareValue,jdbcType=TINYINT}, #{radarMapMaxValue,jdbcType=INTEGER}, #{ageBracket,jdbcType=INTEGER}, 
      #{status,jdbcType=TINYINT}, #{delFlag,jdbcType=TINYINT}, #{createTime,jdbcType=TIMESTAMP}, 
      #{updateTime,jdbcType=TIMESTAMP}, #{createBy,jdbcType=VARCHAR}, #{updateBy,jdbcType=VARCHAR}
      )
  </insert>
  <insert id="insertSelective" parameterType="com.ekangji.policy.infrastructure.dao.dataobject.SafeguardOverviewDO">
    <selectKey keyProperty="id" order="AFTER" resultType="java.lang.Long">
      SELECT LAST_INSERT_ID()
    </selectKey>
    insert into b_safeguard_overview
    <trim prefix="(" suffix=")" suffixOverrides=",">
      <if test="overviewId != null">
        overview_id,
      </if>
      <if test="oneLevelTypeCode != null">
        one_level_type_code,
      </if>
      <if test="oneLevelTypeDesc != null">
        one_level_type_desc,
      </if>
      <if test="oneLevelTypeAlias != null">
        one_level_type_alias,
      </if>
      <if test="averValue != null">
        aver_value,
      </if>
      <if test="medianValue != null">
        median_value,
      </if>
      <if test="minValue != null">
        min_value,
      </if>
      <if test="maxValue != null">
        max_value,
      </if>
      <if test="compareValue != null">
        compare_value,
      </if>
      <if test="shownCompareValue != null">
        shown_compare_value,
      </if>
      <if test="radarMapMaxValue != null">
        radar_map_max_value,
      </if>
      <if test="ageBracket != null">
        age_bracket,
      </if>
      <if test="status != null">
        `status`,
      </if>
      <if test="delFlag != null">
        del_flag,
      </if>
      <if test="createTime != null">
        create_time,
      </if>
      <if test="updateTime != null">
        update_time,
      </if>
      <if test="createBy != null">
        create_by,
      </if>
      <if test="updateBy != null">
        update_by,
      </if>
    </trim>
    <trim prefix="values (" suffix=")" suffixOverrides=",">
      <if test="overviewId != null">
        #{overviewId,jdbcType=VARCHAR},
      </if>
      <if test="oneLevelTypeCode != null">
        #{oneLevelTypeCode,jdbcType=VARCHAR},
      </if>
      <if test="oneLevelTypeDesc != null">
        #{oneLevelTypeDesc,jdbcType=VARCHAR},
      </if>
      <if test="oneLevelTypeAlias != null">
        #{oneLevelTypeAlias,jdbcType=VARCHAR},
      </if>
      <if test="averValue != null">
        #{averValue,jdbcType=INTEGER},
      </if>
      <if test="medianValue != null">
        #{medianValue,jdbcType=INTEGER},
      </if>
      <if test="minValue != null">
        #{minValue,jdbcType=INTEGER},
      </if>
      <if test="maxValue != null">
        #{maxValue,jdbcType=INTEGER},
      </if>
      <if test="compareValue != null">
        #{compareValue,jdbcType=INTEGER},
      </if>
      <if test="shownCompareValue != null">
        #{shownCompareValue,jdbcType=TINYINT},
      </if>
      <if test="radarMapMaxValue != null">
        #{radarMapMaxValue,jdbcType=INTEGER},
      </if>
      <if test="ageBracket != null">
        #{ageBracket,jdbcType=INTEGER},
      </if>
      <if test="status != null">
        #{status,jdbcType=TINYINT},
      </if>
      <if test="delFlag != null">
        #{delFlag,jdbcType=TINYINT},
      </if>
      <if test="createTime != null">
        #{createTime,jdbcType=TIMESTAMP},
      </if>
      <if test="updateTime != null">
        #{updateTime,jdbcType=TIMESTAMP},
      </if>
      <if test="createBy != null">
        #{createBy,jdbcType=VARCHAR},
      </if>
      <if test="updateBy != null">
        #{updateBy,jdbcType=VARCHAR},
      </if>
    </trim>
  </insert>
  <select id="countByExample" parameterType="com.ekangji.policy.infrastructure.dao.dataobject.SafeguardOverviewDOExample" resultType="java.lang.Long">
    select count(*) from b_safeguard_overview
    <if test="_parameter != null">
      <include refid="Example_Where_Clause" />
    </if>
  </select>
  <update id="updateByExampleSelective" parameterType="map">
    update b_safeguard_overview
    <set>
      <if test="record.id != null">
        id = #{record.id,jdbcType=BIGINT},
      </if>
      <if test="record.overviewId != null">
        overview_id = #{record.overviewId,jdbcType=VARCHAR},
      </if>
      <if test="record.oneLevelTypeCode != null">
        one_level_type_code = #{record.oneLevelTypeCode,jdbcType=VARCHAR},
      </if>
      <if test="record.oneLevelTypeDesc != null">
        one_level_type_desc = #{record.oneLevelTypeDesc,jdbcType=VARCHAR},
      </if>
      <if test="record.oneLevelTypeAlias != null">
        one_level_type_alias = #{record.oneLevelTypeAlias,jdbcType=VARCHAR},
      </if>
      <if test="record.averValue != null">
        aver_value = #{record.averValue,jdbcType=INTEGER},
      </if>
      <if test="record.medianValue != null">
        median_value = #{record.medianValue,jdbcType=INTEGER},
      </if>
      <if test="record.minValue != null">
        min_value = #{record.minValue,jdbcType=INTEGER},
      </if>
      <if test="record.maxValue != null">
        max_value = #{record.maxValue,jdbcType=INTEGER},
      </if>
      <if test="record.compareValue != null">
        compare_value = #{record.compareValue,jdbcType=INTEGER},
      </if>
      <if test="record.shownCompareValue != null">
        shown_compare_value = #{record.shownCompareValue,jdbcType=TINYINT},
      </if>
      <if test="record.radarMapMaxValue != null">
        radar_map_max_value = #{record.radarMapMaxValue,jdbcType=INTEGER},
      </if>
      <if test="record.ageBracket != null">
        age_bracket = #{record.ageBracket,jdbcType=INTEGER},
      </if>
      <if test="record.status != null">
        `status` = #{record.status,jdbcType=TINYINT},
      </if>
      <if test="record.delFlag != null">
        del_flag = #{record.delFlag,jdbcType=TINYINT},
      </if>
      <if test="record.createTime != null">
        create_time = #{record.createTime,jdbcType=TIMESTAMP},
      </if>
      <if test="record.updateTime != null">
        update_time = #{record.updateTime,jdbcType=TIMESTAMP},
      </if>
      <if test="record.createBy != null">
        create_by = #{record.createBy,jdbcType=VARCHAR},
      </if>
      <if test="record.updateBy != null">
        update_by = #{record.updateBy,jdbcType=VARCHAR},
      </if>
    </set>
    <if test="_parameter != null">
      <include refid="Update_By_Example_Where_Clause" />
    </if>
  </update>
  <update id="updateByExample" parameterType="map">
    update b_safeguard_overview
    set id = #{record.id,jdbcType=BIGINT},
      overview_id = #{record.overviewId,jdbcType=VARCHAR},
      one_level_type_code = #{record.oneLevelTypeCode,jdbcType=VARCHAR},
      one_level_type_desc = #{record.oneLevelTypeDesc,jdbcType=VARCHAR},
      one_level_type_alias = #{record.oneLevelTypeAlias,jdbcType=VARCHAR},
      aver_value = #{record.averValue,jdbcType=INTEGER},
      median_value = #{record.medianValue,jdbcType=INTEGER},
      min_value = #{record.minValue,jdbcType=INTEGER},
      max_value = #{record.maxValue,jdbcType=INTEGER},
      compare_value = #{record.compareValue,jdbcType=INTEGER},
      shown_compare_value = #{record.shownCompareValue,jdbcType=TINYINT},
      radar_map_max_value = #{record.radarMapMaxValue,jdbcType=INTEGER},
      age_bracket = #{record.ageBracket,jdbcType=INTEGER},
      `status` = #{record.status,jdbcType=TINYINT},
      del_flag = #{record.delFlag,jdbcType=TINYINT},
      create_time = #{record.createTime,jdbcType=TIMESTAMP},
      update_time = #{record.updateTime,jdbcType=TIMESTAMP},
      create_by = #{record.createBy,jdbcType=VARCHAR},
      update_by = #{record.updateBy,jdbcType=VARCHAR}
    <if test="_parameter != null">
      <include refid="Update_By_Example_Where_Clause" />
    </if>
  </update>
  <update id="updateByPrimaryKeySelective" parameterType="com.ekangji.policy.infrastructure.dao.dataobject.SafeguardOverviewDO">
    update b_safeguard_overview
    <set>
      <if test="overviewId != null">
        overview_id = #{overviewId,jdbcType=VARCHAR},
      </if>
      <if test="oneLevelTypeCode != null">
        one_level_type_code = #{oneLevelTypeCode,jdbcType=VARCHAR},
      </if>
      <if test="oneLevelTypeDesc != null">
        one_level_type_desc = #{oneLevelTypeDesc,jdbcType=VARCHAR},
      </if>
      <if test="oneLevelTypeAlias != null">
        one_level_type_alias = #{oneLevelTypeAlias,jdbcType=VARCHAR},
      </if>
      <if test="averValue != null">
        aver_value = #{averValue,jdbcType=INTEGER},
      </if>
      <if test="medianValue != null">
        median_value = #{medianValue,jdbcType=INTEGER},
      </if>
      <if test="minValue != null">
        min_value = #{minValue,jdbcType=INTEGER},
      </if>
      <if test="maxValue != null">
        max_value = #{maxValue,jdbcType=INTEGER},
      </if>
      <if test="compareValue != null">
        compare_value = #{compareValue,jdbcType=INTEGER},
      </if>
      <if test="shownCompareValue != null">
        shown_compare_value = #{shownCompareValue,jdbcType=TINYINT},
      </if>
      <if test="radarMapMaxValue != null">
        radar_map_max_value = #{radarMapMaxValue,jdbcType=INTEGER},
      </if>
      <if test="ageBracket != null">
        age_bracket = #{ageBracket,jdbcType=INTEGER},
      </if>
      <if test="status != null">
        `status` = #{status,jdbcType=TINYINT},
      </if>
      <if test="delFlag != null">
        del_flag = #{delFlag,jdbcType=TINYINT},
      </if>
      <if test="createTime != null">
        create_time = #{createTime,jdbcType=TIMESTAMP},
      </if>
      <if test="updateTime != null">
        update_time = #{updateTime,jdbcType=TIMESTAMP},
      </if>
      <if test="createBy != null">
        create_by = #{createBy,jdbcType=VARCHAR},
      </if>
      <if test="updateBy != null">
        update_by = #{updateBy,jdbcType=VARCHAR},
      </if>
    </set>
    where id = #{id,jdbcType=BIGINT}
  </update>
  <update id="updateByPrimaryKey" parameterType="com.ekangji.policy.infrastructure.dao.dataobject.SafeguardOverviewDO">
    update b_safeguard_overview
    set overview_id = #{overviewId,jdbcType=VARCHAR},
      one_level_type_code = #{oneLevelTypeCode,jdbcType=VARCHAR},
      one_level_type_desc = #{oneLevelTypeDesc,jdbcType=VARCHAR},
      one_level_type_alias = #{oneLevelTypeAlias,jdbcType=VARCHAR},
      aver_value = #{averValue,jdbcType=INTEGER},
      median_value = #{medianValue,jdbcType=INTEGER},
      min_value = #{minValue,jdbcType=INTEGER},
      max_value = #{maxValue,jdbcType=INTEGER},
      compare_value = #{compareValue,jdbcType=INTEGER},
      shown_compare_value = #{shownCompareValue,jdbcType=TINYINT},
      radar_map_max_value = #{radarMapMaxValue,jdbcType=INTEGER},
      age_bracket = #{ageBracket,jdbcType=INTEGER},
      `status` = #{status,jdbcType=TINYINT},
      del_flag = #{delFlag,jdbcType=TINYINT},
      create_time = #{createTime,jdbcType=TIMESTAMP},
      update_time = #{updateTime,jdbcType=TIMESTAMP},
      create_by = #{createBy,jdbcType=VARCHAR},
      update_by = #{updateBy,jdbcType=VARCHAR}
    where id = #{id,jdbcType=BIGINT}
  </update>
  <select id="selectByExampleWithRowbounds" parameterType="com.ekangji.policy.infrastructure.dao.dataobject.SafeguardOverviewDOExample" resultMap="BaseResultMap">
    select
    <if test="distinct">
      distinct
    </if>
    'true' as QUERYID,
    <include refid="Base_Column_List" />
    from b_safeguard_overview
    <if test="_parameter != null">
      <include refid="Example_Where_Clause" />
    </if>
    <if test="orderByClause != null">
      order by ${orderByClause}
    </if>
  </select>
  <insert id="batchInsert" keyColumn="id" keyProperty="id" parameterType="map" useGeneratedKeys="true">
    insert into b_safeguard_overview (overview_id, one_level_type_code, one_level_type_desc, one_level_type_alias, aver_value, median_value, min_value, max_value, compare_value, shown_compare_value, radar_map_max_value, age_bracket, `status`, del_flag, create_time, update_time, create_by, update_by)
    values
    <foreach collection="list" item="item" separator=",">
       (#{item.overviewId,jdbcType=VARCHAR}, #{item.oneLevelTypeCode,jdbcType=VARCHAR}, #{item.oneLevelTypeDesc,jdbcType=VARCHAR}, #{item.oneLevelTypeAlias,jdbcType=VARCHAR}, #{item.averValue,jdbcType=INTEGER}, #{item.medianValue,jdbcType=INTEGER}, #{item.minValue,jdbcType=INTEGER}, #{item.maxValue,jdbcType=INTEGER}, #{item.compareValue,jdbcType=INTEGER}, #{item.shownCompareValue,jdbcType=TINYINT}, #{item.radarMapMaxValue,jdbcType=INTEGER}, #{item.ageBracket,jdbcType=INTEGER}, #{item.status,jdbcType=TINYINT}, #{item.delFlag,jdbcType=TINYINT}, #{item.createTime,jdbcType=TIMESTAMP}, #{item.updateTime,jdbcType=TIMESTAMP}, #{item.createBy,jdbcType=VARCHAR}, #{item.updateBy,jdbcType=VARCHAR})
    </foreach>
  </insert>
  <delete id="batchDelete" parameterType="java.lang.Long">
    delete from b_safeguard_overview where id in (
    <foreach collection="ids" index="index" item="item" separator=",">
      #{item}
    </foreach>
    )
  </delete>
  <update id="batchUpdate" parameterType="java.util.List">
    update b_safeguard_overview 
    <trim prefix="set" suffixOverrides=",">
      <trim prefix="overview_id =case id" suffix="end,">
        <foreach collection="recordList" index="index" item="item">
          <if test="item.overviewId !=null ">
            when #{item.id,jdbcType=BIGINT} then #{item.overviewId,jdbcType=VARCHAR}
          </if>
          <if test="item.overviewId ==null ">
            when #{item.id,jdbcType=BIGINT} then b_safeguard_overview.overview_id
          </if>
        </foreach>
      </trim>
      <trim prefix="one_level_type_code =case id" suffix="end,">
        <foreach collection="recordList" index="index" item="item">
          <if test="item.oneLevelTypeCode !=null ">
            when #{item.id,jdbcType=BIGINT} then #{item.oneLevelTypeCode,jdbcType=VARCHAR}
          </if>
          <if test="item.oneLevelTypeCode ==null ">
            when #{item.id,jdbcType=BIGINT} then b_safeguard_overview.one_level_type_code
          </if>
        </foreach>
      </trim>
      <trim prefix="one_level_type_desc =case id" suffix="end,">
        <foreach collection="recordList" index="index" item="item">
          <if test="item.oneLevelTypeDesc !=null ">
            when #{item.id,jdbcType=BIGINT} then #{item.oneLevelTypeDesc,jdbcType=VARCHAR}
          </if>
          <if test="item.oneLevelTypeDesc ==null ">
            when #{item.id,jdbcType=BIGINT} then b_safeguard_overview.one_level_type_desc
          </if>
        </foreach>
      </trim>
      <trim prefix="one_level_type_alias =case id" suffix="end,">
        <foreach collection="recordList" index="index" item="item">
          <if test="item.oneLevelTypeAlias !=null ">
            when #{item.id,jdbcType=BIGINT} then #{item.oneLevelTypeAlias,jdbcType=VARCHAR}
          </if>
          <if test="item.oneLevelTypeAlias ==null ">
            when #{item.id,jdbcType=BIGINT} then b_safeguard_overview.one_level_type_alias
          </if>
        </foreach>
      </trim>
      <trim prefix="aver_value =case id" suffix="end,">
        <foreach collection="recordList" index="index" item="item">
          <if test="item.averValue !=null ">
            when #{item.id,jdbcType=BIGINT} then #{item.averValue,jdbcType=INTEGER}
          </if>
          <if test="item.averValue ==null ">
            when #{item.id,jdbcType=BIGINT} then b_safeguard_overview.aver_value
          </if>
        </foreach>
      </trim>
      <trim prefix="median_value =case id" suffix="end,">
        <foreach collection="recordList" index="index" item="item">
          <if test="item.medianValue !=null ">
            when #{item.id,jdbcType=BIGINT} then #{item.medianValue,jdbcType=INTEGER}
          </if>
          <if test="item.medianValue ==null ">
            when #{item.id,jdbcType=BIGINT} then b_safeguard_overview.median_value
          </if>
        </foreach>
      </trim>
      <trim prefix="min_value =case id" suffix="end,">
        <foreach collection="recordList" index="index" item="item">
          <if test="item.minValue !=null ">
            when #{item.id,jdbcType=BIGINT} then #{item.minValue,jdbcType=INTEGER}
          </if>
          <if test="item.minValue ==null ">
            when #{item.id,jdbcType=BIGINT} then b_safeguard_overview.min_value
          </if>
        </foreach>
      </trim>
      <trim prefix="max_value =case id" suffix="end,">
        <foreach collection="recordList" index="index" item="item">
          <if test="item.maxValue !=null ">
            when #{item.id,jdbcType=BIGINT} then #{item.maxValue,jdbcType=INTEGER}
          </if>
          <if test="item.maxValue ==null ">
            when #{item.id,jdbcType=BIGINT} then b_safeguard_overview.max_value
          </if>
        </foreach>
      </trim>
      <trim prefix="compare_value =case id" suffix="end,">
        <foreach collection="recordList" index="index" item="item">
          <if test="item.compareValue !=null ">
            when #{item.id,jdbcType=BIGINT} then #{item.compareValue,jdbcType=INTEGER}
          </if>
          <if test="item.compareValue ==null ">
            when #{item.id,jdbcType=BIGINT} then b_safeguard_overview.compare_value
          </if>
        </foreach>
      </trim>
      <trim prefix="shown_compare_value =case id" suffix="end,">
        <foreach collection="recordList" index="index" item="item">
          <if test="item.shownCompareValue !=null ">
            when #{item.id,jdbcType=BIGINT} then #{item.shownCompareValue,jdbcType=TINYINT}
          </if>
          <if test="item.shownCompareValue ==null ">
            when #{item.id,jdbcType=BIGINT} then b_safeguard_overview.shown_compare_value
          </if>
        </foreach>
      </trim>
      <trim prefix="radar_map_max_value =case id" suffix="end,">
        <foreach collection="recordList" index="index" item="item">
          <if test="item.radarMapMaxValue !=null ">
            when #{item.id,jdbcType=BIGINT} then #{item.radarMapMaxValue,jdbcType=INTEGER}
          </if>
          <if test="item.radarMapMaxValue ==null ">
            when #{item.id,jdbcType=BIGINT} then b_safeguard_overview.radar_map_max_value
          </if>
        </foreach>
      </trim>
      <trim prefix="age_bracket =case id" suffix="end,">
        <foreach collection="recordList" index="index" item="item">
          <if test="item.ageBracket !=null ">
            when #{item.id,jdbcType=BIGINT} then #{item.ageBracket,jdbcType=INTEGER}
          </if>
          <if test="item.ageBracket ==null ">
            when #{item.id,jdbcType=BIGINT} then b_safeguard_overview.age_bracket
          </if>
        </foreach>
      </trim>
      <trim prefix="status =case id" suffix="end,">
        <foreach collection="recordList" index="index" item="item">
          <if test="item.status !=null ">
            when #{item.id,jdbcType=BIGINT} then #{item.status,jdbcType=TINYINT}
          </if>
          <if test="item.status ==null ">
            when #{item.id,jdbcType=BIGINT} then b_safeguard_overview.status
          </if>
        </foreach>
      </trim>
      <trim prefix="del_flag =case id" suffix="end,">
        <foreach collection="recordList" index="index" item="item">
          <if test="item.delFlag !=null ">
            when #{item.id,jdbcType=BIGINT} then #{item.delFlag,jdbcType=TINYINT}
          </if>
          <if test="item.delFlag ==null ">
            when #{item.id,jdbcType=BIGINT} then b_safeguard_overview.del_flag
          </if>
        </foreach>
      </trim>
      <trim prefix="create_time =case id" suffix="end,">
        <foreach collection="recordList" index="index" item="item">
          <if test="item.createTime !=null ">
            when #{item.id,jdbcType=BIGINT} then #{item.createTime,jdbcType=TIMESTAMP}
          </if>
          <if test="item.createTime ==null ">
            when #{item.id,jdbcType=BIGINT} then b_safeguard_overview.create_time
          </if>
        </foreach>
      </trim>
      <trim prefix="update_time =case id" suffix="end,">
        <foreach collection="recordList" index="index" item="item">
          <if test="item.updateTime !=null ">
            when #{item.id,jdbcType=BIGINT} then #{item.updateTime,jdbcType=TIMESTAMP}
          </if>
          <if test="item.updateTime ==null ">
            when #{item.id,jdbcType=BIGINT} then b_safeguard_overview.update_time
          </if>
        </foreach>
      </trim>
      <trim prefix="create_by =case id" suffix="end,">
        <foreach collection="recordList" index="index" item="item">
          <if test="item.createBy !=null ">
            when #{item.id,jdbcType=BIGINT} then #{item.createBy,jdbcType=VARCHAR}
          </if>
          <if test="item.createBy ==null ">
            when #{item.id,jdbcType=BIGINT} then b_safeguard_overview.create_by
          </if>
        </foreach>
      </trim>
      <trim prefix="update_by =case id" suffix="end,">
        <foreach collection="recordList" index="index" item="item">
          <if test="item.updateBy !=null ">
            when #{item.id,jdbcType=BIGINT} then #{item.updateBy,jdbcType=VARCHAR}
          </if>
          <if test="item.updateBy ==null ">
            when #{item.id,jdbcType=BIGINT} then b_safeguard_overview.update_by
          </if>
        </foreach>
      </trim>
    </trim>
    where id in(
    <foreach collection="recordList" index="index" item="item" separator=",">
      #{item.id,jdbcType=BIGINT}
    </foreach>
    )
  </update>
  <select id="selectOneByExample" parameterType="com.ekangji.policy.infrastructure.dao.dataobject.SafeguardOverviewDOExample" resultMap="BaseResultMap">
    select
    'true' as QUERYID,
    <include refid="Base_Column_List" />
    from b_safeguard_overview
    <if test="_parameter != null">
      <include refid="Example_Where_Clause" />
    </if>
    <if test="orderByClause != null">
      order by ${orderByClause}
    </if>
    limit 1
  </select>
</mapper>