<?xml version="1.0" encoding="UTF-8"?>
<!DOCTYPE mapper PUBLIC "-//mybatis.org//DTD Mapper 3.0//EN" "http://mybatis.org/dtd/mybatis-3-mapper.dtd">
<mapper namespace="com.ekangji.policy.infrastructure.dao.policycenter.StarChainMapper">
  <resultMap id="BaseResultMap" type="com.ekangji.policy.infrastructure.dao.dataobject.StarChainDO">
    <id column="id" jdbcType="BIGINT" property="id" />
    <result column="star_chain_id" jdbcType="BIGINT" property="starChainId" />
    <result column="user_id" jdbcType="VARCHAR" property="userId" />
    <result column="length" jdbcType="INTEGER" property="length" />
    <result column="name" jdbcType="VARCHAR" property="name" />
    <result column="status" jdbcType="TINYINT" property="status" />
    <result column="del_flag" jdbcType="TINYINT" property="delFlag" />
    <result column="create_by" jdbcType="VARCHAR" property="createBy" />
    <result column="create_time" jdbcType="TIMESTAMP" property="createTime" />
    <result column="update_by" jdbcType="VARCHAR" property="updateBy" />
    <result column="update_time" jdbcType="TIMESTAMP" property="updateTime" />
  </resultMap>
  <sql id="Example_Where_Clause">
    <where>
      <foreach collection="oredCriteria" item="criteria" separator="or">
        <if test="criteria.valid">
          <trim prefix="(" prefixOverrides="and" suffix=")">
            <foreach collection="criteria.criteria" item="criterion">
              <choose>
                <when test="criterion.noValue">
                  and ${criterion.condition}
                </when>
                <when test="criterion.singleValue">
                  and ${criterion.condition} #{criterion.value}
                </when>
                <when test="criterion.betweenValue">
                  and ${criterion.condition} #{criterion.value} and #{criterion.secondValue}
                </when>
                <when test="criterion.listValue">
                  and ${criterion.condition}
                  <foreach close=")" collection="criterion.value" item="listItem" open="(" separator=",">
                    #{listItem}
                  </foreach>
                </when>
              </choose>
            </foreach>
          </trim>
        </if>
      </foreach>
    </where>
  </sql>
  <sql id="Update_By_Example_Where_Clause">
    <where>
      <foreach collection="example.oredCriteria" item="criteria" separator="or">
        <if test="criteria.valid">
          <trim prefix="(" prefixOverrides="and" suffix=")">
            <foreach collection="criteria.criteria" item="criterion">
              <choose>
                <when test="criterion.noValue">
                  and ${criterion.condition}
                </when>
                <when test="criterion.singleValue">
                  and ${criterion.condition} #{criterion.value}
                </when>
                <when test="criterion.betweenValue">
                  and ${criterion.condition} #{criterion.value} and #{criterion.secondValue}
                </when>
                <when test="criterion.listValue">
                  and ${criterion.condition}
                  <foreach close=")" collection="criterion.value" item="listItem" open="(" separator=",">
                    #{listItem}
                  </foreach>
                </when>
              </choose>
            </foreach>
          </trim>
        </if>
      </foreach>
    </where>
  </sql>
  <sql id="Base_Column_List">
    id, star_chain_id, user_id, `length`, `name`, `status`, del_flag, create_by, create_time, 
    update_by, update_time
  </sql>
  <select id="selectByExample" parameterType="com.ekangji.policy.infrastructure.dao.dataobject.StarChainDOExample" resultMap="BaseResultMap">
    select
    <if test="distinct">
      distinct
    </if>
    'true' as QUERYID,
    <include refid="Base_Column_List" />
    from b_star_chain
    <if test="_parameter != null">
      <include refid="Example_Where_Clause" />
    </if>
    <if test="orderByClause != null">
      order by ${orderByClause}
    </if>
  </select>
  <select id="selectByPrimaryKey" parameterType="java.lang.Long" resultMap="BaseResultMap">
    select 
    <include refid="Base_Column_List" />
    from b_star_chain
    where id = #{id,jdbcType=BIGINT}
  </select>
  <delete id="deleteByPrimaryKey" parameterType="java.lang.Long">
    delete from b_star_chain
    where id = #{id,jdbcType=BIGINT}
  </delete>
  <delete id="deleteByExample" parameterType="com.ekangji.policy.infrastructure.dao.dataobject.StarChainDOExample">
    delete from b_star_chain
    <if test="_parameter != null">
      <include refid="Example_Where_Clause" />
    </if>
  </delete>
  <insert id="insert" parameterType="com.ekangji.policy.infrastructure.dao.dataobject.StarChainDO">
    <selectKey keyProperty="id" order="AFTER" resultType="java.lang.Long">
      SELECT LAST_INSERT_ID()
    </selectKey>
    insert into b_star_chain (star_chain_id, user_id, `length`, 
      `name`, `status`, del_flag, 
      create_by, create_time, update_by, 
      update_time)
    values (#{starChainId,jdbcType=BIGINT}, #{userId,jdbcType=VARCHAR}, #{length,jdbcType=INTEGER}, 
      #{name,jdbcType=VARCHAR}, #{status,jdbcType=TINYINT}, #{delFlag,jdbcType=TINYINT}, 
      #{createBy,jdbcType=VARCHAR}, #{createTime,jdbcType=TIMESTAMP}, #{updateBy,jdbcType=VARCHAR}, 
      #{updateTime,jdbcType=TIMESTAMP})
  </insert>
  <insert id="insertSelective" parameterType="com.ekangji.policy.infrastructure.dao.dataobject.StarChainDO">
    <selectKey keyProperty="id" order="AFTER" resultType="java.lang.Long">
      SELECT LAST_INSERT_ID()
    </selectKey>
    insert into b_star_chain
    <trim prefix="(" suffix=")" suffixOverrides=",">
      <if test="starChainId != null">
        star_chain_id,
      </if>
      <if test="userId != null">
        user_id,
      </if>
      <if test="length != null">
        `length`,
      </if>
      <if test="name != null">
        `name`,
      </if>
      <if test="status != null">
        `status`,
      </if>
      <if test="delFlag != null">
        del_flag,
      </if>
      <if test="createBy != null">
        create_by,
      </if>
      <if test="createTime != null">
        create_time,
      </if>
      <if test="updateBy != null">
        update_by,
      </if>
      <if test="updateTime != null">
        update_time,
      </if>
    </trim>
    <trim prefix="values (" suffix=")" suffixOverrides=",">
      <if test="starChainId != null">
        #{starChainId,jdbcType=BIGINT},
      </if>
      <if test="userId != null">
        #{userId,jdbcType=VARCHAR},
      </if>
      <if test="length != null">
        #{length,jdbcType=INTEGER},
      </if>
      <if test="name != null">
        #{name,jdbcType=VARCHAR},
      </if>
      <if test="status != null">
        #{status,jdbcType=TINYINT},
      </if>
      <if test="delFlag != null">
        #{delFlag,jdbcType=TINYINT},
      </if>
      <if test="createBy != null">
        #{createBy,jdbcType=VARCHAR},
      </if>
      <if test="createTime != null">
        #{createTime,jdbcType=TIMESTAMP},
      </if>
      <if test="updateBy != null">
        #{updateBy,jdbcType=VARCHAR},
      </if>
      <if test="updateTime != null">
        #{updateTime,jdbcType=TIMESTAMP},
      </if>
    </trim>
  </insert>
  <select id="countByExample" parameterType="com.ekangji.policy.infrastructure.dao.dataobject.StarChainDOExample" resultType="java.lang.Long">
    select count(*) from b_star_chain
    <if test="_parameter != null">
      <include refid="Example_Where_Clause" />
    </if>
  </select>
  <update id="updateByExampleSelective" parameterType="map">
    update b_star_chain
    <set>
      <if test="record.id != null">
        id = #{record.id,jdbcType=BIGINT},
      </if>
      <if test="record.starChainId != null">
        star_chain_id = #{record.starChainId,jdbcType=BIGINT},
      </if>
      <if test="record.userId != null">
        user_id = #{record.userId,jdbcType=VARCHAR},
      </if>
      <if test="record.length != null">
        `length` = #{record.length,jdbcType=INTEGER},
      </if>
      <if test="record.name != null">
        `name` = #{record.name,jdbcType=VARCHAR},
      </if>
      <if test="record.status != null">
        `status` = #{record.status,jdbcType=TINYINT},
      </if>
      <if test="record.delFlag != null">
        del_flag = #{record.delFlag,jdbcType=TINYINT},
      </if>
      <if test="record.createBy != null">
        create_by = #{record.createBy,jdbcType=VARCHAR},
      </if>
      <if test="record.createTime != null">
        create_time = #{record.createTime,jdbcType=TIMESTAMP},
      </if>
      <if test="record.updateBy != null">
        update_by = #{record.updateBy,jdbcType=VARCHAR},
      </if>
      <if test="record.updateTime != null">
        update_time = #{record.updateTime,jdbcType=TIMESTAMP},
      </if>
    </set>
    <if test="_parameter != null">
      <include refid="Update_By_Example_Where_Clause" />
    </if>
  </update>
  <update id="updateByExample" parameterType="map">
    update b_star_chain
    set id = #{record.id,jdbcType=BIGINT},
      star_chain_id = #{record.starChainId,jdbcType=BIGINT},
      user_id = #{record.userId,jdbcType=VARCHAR},
      `length` = #{record.length,jdbcType=INTEGER},
      `name` = #{record.name,jdbcType=VARCHAR},
      `status` = #{record.status,jdbcType=TINYINT},
      del_flag = #{record.delFlag,jdbcType=TINYINT},
      create_by = #{record.createBy,jdbcType=VARCHAR},
      create_time = #{record.createTime,jdbcType=TIMESTAMP},
      update_by = #{record.updateBy,jdbcType=VARCHAR},
      update_time = #{record.updateTime,jdbcType=TIMESTAMP}
    <if test="_parameter != null">
      <include refid="Update_By_Example_Where_Clause" />
    </if>
  </update>
  <update id="updateByPrimaryKeySelective" parameterType="com.ekangji.policy.infrastructure.dao.dataobject.StarChainDO">
    update b_star_chain
    <set>
      <if test="starChainId != null">
        star_chain_id = #{starChainId,jdbcType=BIGINT},
      </if>
      <if test="userId != null">
        user_id = #{userId,jdbcType=VARCHAR},
      </if>
      <if test="length != null">
        `length` = #{length,jdbcType=INTEGER},
      </if>
      <if test="name != null">
        `name` = #{name,jdbcType=VARCHAR},
      </if>
      <if test="status != null">
        `status` = #{status,jdbcType=TINYINT},
      </if>
      <if test="delFlag != null">
        del_flag = #{delFlag,jdbcType=TINYINT},
      </if>
      <if test="createBy != null">
        create_by = #{createBy,jdbcType=VARCHAR},
      </if>
      <if test="createTime != null">
        create_time = #{createTime,jdbcType=TIMESTAMP},
      </if>
      <if test="updateBy != null">
        update_by = #{updateBy,jdbcType=VARCHAR},
      </if>
      <if test="updateTime != null">
        update_time = #{updateTime,jdbcType=TIMESTAMP},
      </if>
    </set>
    where id = #{id,jdbcType=BIGINT}
  </update>
  <update id="updateByPrimaryKey" parameterType="com.ekangji.policy.infrastructure.dao.dataobject.StarChainDO">
    update b_star_chain
    set star_chain_id = #{starChainId,jdbcType=BIGINT},
      user_id = #{userId,jdbcType=VARCHAR},
      `length` = #{length,jdbcType=INTEGER},
      `name` = #{name,jdbcType=VARCHAR},
      `status` = #{status,jdbcType=TINYINT},
      del_flag = #{delFlag,jdbcType=TINYINT},
      create_by = #{createBy,jdbcType=VARCHAR},
      create_time = #{createTime,jdbcType=TIMESTAMP},
      update_by = #{updateBy,jdbcType=VARCHAR},
      update_time = #{updateTime,jdbcType=TIMESTAMP}
    where id = #{id,jdbcType=BIGINT}
  </update>
  <select id="selectByExampleWithRowbounds" parameterType="com.ekangji.policy.infrastructure.dao.dataobject.StarChainDOExample" resultMap="BaseResultMap">
    select
    <if test="distinct">
      distinct
    </if>
    'true' as QUERYID,
    <include refid="Base_Column_List" />
    from b_star_chain
    <if test="_parameter != null">
      <include refid="Example_Where_Clause" />
    </if>
    <if test="orderByClause != null">
      order by ${orderByClause}
    </if>
  </select>
  <insert id="batchInsert" keyColumn="id" keyProperty="id" parameterType="map" useGeneratedKeys="true">
    insert into b_star_chain (star_chain_id, user_id, `length`, `name`, `status`, del_flag, create_by, create_time, update_by, update_time)
    values
    <foreach collection="list" item="item" separator=",">
       (#{item.starChainId,jdbcType=BIGINT}, #{item.userId,jdbcType=VARCHAR}, #{item.length,jdbcType=INTEGER}, #{item.name,jdbcType=VARCHAR}, #{item.status,jdbcType=TINYINT}, #{item.delFlag,jdbcType=TINYINT}, #{item.createBy,jdbcType=VARCHAR}, #{item.createTime,jdbcType=TIMESTAMP}, #{item.updateBy,jdbcType=VARCHAR}, #{item.updateTime,jdbcType=TIMESTAMP})
    </foreach>
  </insert>
  <delete id="batchDelete" parameterType="java.lang.Long">
    delete from b_star_chain where id in (
    <foreach collection="ids" index="index" item="item" separator=",">
      #{item}
    </foreach>
    )
  </delete>
  <update id="batchUpdate" parameterType="java.util.List">
    update b_star_chain 
    <trim prefix="set" suffixOverrides=",">
      <trim prefix="star_chain_id =case id" suffix="end,">
        <foreach collection="recordList" index="index" item="item">
          <if test="item.starChainId !=null ">
            when #{item.id,jdbcType=BIGINT} then #{item.starChainId,jdbcType=BIGINT}
          </if>
          <if test="item.starChainId ==null ">
            when #{item.id,jdbcType=BIGINT} then b_star_chain.star_chain_id
          </if>
        </foreach>
      </trim>
      <trim prefix="user_id =case id" suffix="end,">
        <foreach collection="recordList" index="index" item="item">
          <if test="item.userId !=null ">
            when #{item.id,jdbcType=BIGINT} then #{item.userId,jdbcType=VARCHAR}
          </if>
          <if test="item.userId ==null ">
            when #{item.id,jdbcType=BIGINT} then b_star_chain.user_id
          </if>
        </foreach>
      </trim>
      <trim prefix="length =case id" suffix="end,">
        <foreach collection="recordList" index="index" item="item">
          <if test="item.length !=null ">
            when #{item.id,jdbcType=BIGINT} then #{item.length,jdbcType=INTEGER}
          </if>
          <if test="item.length ==null ">
            when #{item.id,jdbcType=BIGINT} then b_star_chain.length
          </if>
        </foreach>
      </trim>
      <trim prefix="name =case id" suffix="end,">
        <foreach collection="recordList" index="index" item="item">
          <if test="item.name !=null ">
            when #{item.id,jdbcType=BIGINT} then #{item.name,jdbcType=VARCHAR}
          </if>
          <if test="item.name ==null ">
            when #{item.id,jdbcType=BIGINT} then b_star_chain.name
          </if>
        </foreach>
      </trim>
      <trim prefix="status =case id" suffix="end,">
        <foreach collection="recordList" index="index" item="item">
          <if test="item.status !=null ">
            when #{item.id,jdbcType=BIGINT} then #{item.status,jdbcType=TINYINT}
          </if>
          <if test="item.status ==null ">
            when #{item.id,jdbcType=BIGINT} then b_star_chain.status
          </if>
        </foreach>
      </trim>
      <trim prefix="del_flag =case id" suffix="end,">
        <foreach collection="recordList" index="index" item="item">
          <if test="item.delFlag !=null ">
            when #{item.id,jdbcType=BIGINT} then #{item.delFlag,jdbcType=TINYINT}
          </if>
          <if test="item.delFlag ==null ">
            when #{item.id,jdbcType=BIGINT} then b_star_chain.del_flag
          </if>
        </foreach>
      </trim>
      <trim prefix="create_by =case id" suffix="end,">
        <foreach collection="recordList" index="index" item="item">
          <if test="item.createBy !=null ">
            when #{item.id,jdbcType=BIGINT} then #{item.createBy,jdbcType=VARCHAR}
          </if>
          <if test="item.createBy ==null ">
            when #{item.id,jdbcType=BIGINT} then b_star_chain.create_by
          </if>
        </foreach>
      </trim>
      <trim prefix="create_time =case id" suffix="end,">
        <foreach collection="recordList" index="index" item="item">
          <if test="item.createTime !=null ">
            when #{item.id,jdbcType=BIGINT} then #{item.createTime,jdbcType=TIMESTAMP}
          </if>
          <if test="item.createTime ==null ">
            when #{item.id,jdbcType=BIGINT} then b_star_chain.create_time
          </if>
        </foreach>
      </trim>
      <trim prefix="update_by =case id" suffix="end,">
        <foreach collection="recordList" index="index" item="item">
          <if test="item.updateBy !=null ">
            when #{item.id,jdbcType=BIGINT} then #{item.updateBy,jdbcType=VARCHAR}
          </if>
          <if test="item.updateBy ==null ">
            when #{item.id,jdbcType=BIGINT} then b_star_chain.update_by
          </if>
        </foreach>
      </trim>
      <trim prefix="update_time =case id" suffix="end,">
        <foreach collection="recordList" index="index" item="item">
          <if test="item.updateTime !=null ">
            when #{item.id,jdbcType=BIGINT} then #{item.updateTime,jdbcType=TIMESTAMP}
          </if>
          <if test="item.updateTime ==null ">
            when #{item.id,jdbcType=BIGINT} then b_star_chain.update_time
          </if>
        </foreach>
      </trim>
    </trim>
    where id in(
    <foreach collection="recordList" index="index" item="item" separator=",">
      #{item.id,jdbcType=BIGINT}
    </foreach>
    )
  </update>
  <select id="selectOneByExample" parameterType="com.ekangji.policy.infrastructure.dao.dataobject.StarChainDOExample" resultMap="BaseResultMap">
    select
    'true' as QUERYID,
    <include refid="Base_Column_List" />
    from b_star_chain
    <if test="_parameter != null">
      <include refid="Example_Where_Clause" />
    </if>
    <if test="orderByClause != null">
      order by ${orderByClause}
    </if>
    limit 1
  </select>
</mapper>