<?xml version="1.0" encoding="UTF-8"?>
<!DOCTYPE mapper PUBLIC "-//mybatis.org//DTD Mapper 3.0//EN" "http://mybatis.org/dtd/mybatis-3-mapper.dtd">
<mapper namespace="com.ekangji.policy.infrastructure.dao.policycenter.StarChainBOMapper">
  <resultMap id="BaseResultMap" type="com.ekangji.policy.infrastructure.dao.dataobject.StarChainDO">
    <id column="id" jdbcType="BIGINT" property="id" />
    <result column="star_chain_id" jdbcType="BIGINT" property="starChainId" />
    <result column="user_id" jdbcType="VARCHAR" property="userId" />
    <result column="length" jdbcType="INTEGER" property="length" />
    <result column="name" jdbcType="VARCHAR" property="name" />
    <result column="status" jdbcType="TINYINT" property="status" />
    <result column="del_flag" jdbcType="TINYINT" property="delFlag" />
    <result column="create_by" jdbcType="VARCHAR" property="createBy" />
    <result column="create_time" jdbcType="TIMESTAMP" property="createTime" />
    <result column="update_by" jdbcType="VARCHAR" property="updateBy" />
    <result column="update_time" jdbcType="TIMESTAMP" property="updateTime" />
  </resultMap>

  <update id="lengthAddOne" parameterType="com.ekangji.policy.infrastructure.dao.dataobject.StarChainDO">
    update b_star_chain
    <set>
      <if test="length != null">
        `length` =  `length` + 1,
      </if>
      <if test="updateTime != null">
        update_time = #{updateTime,jdbcType=TIMESTAMP},
      </if>
    </set>
    where star_chain_id = #{starChainId,jdbcType=BIGINT}
  </update>
</mapper>