<?xml version="1.0" encoding="UTF-8"?>
<!DOCTYPE mapper PUBLIC "-//mybatis.org//DTD Mapper 3.0//EN" "http://mybatis.org/dtd/mybatis-3-mapper.dtd">
<mapper namespace="com.ekangji.policy.infrastructure.dao.policycenter.UserStarMapper">
  <resultMap id="BaseResultMap" type="com.ekangji.policy.infrastructure.dao.dataobject.UserStarDO">
    <id column="id" jdbcType="BIGINT" property="id" />
    <result column="star_id" jdbcType="BIGINT" property="starId" />
    <result column="nick_name" jdbcType="VARCHAR" property="nickName" />
    <result column="user_id" jdbcType="VARCHAR" property="userId" />
    <result column="user_phone" jdbcType="VARCHAR" property="userPhone" />
    <result column="sequence" jdbcType="VARCHAR" property="sequence" />
    <result column="chain_addr" jdbcType="VARCHAR" property="chainAddr" />
    <result column="picture_url" jdbcType="VARCHAR" property="pictureUrl" />
    <result column="file_id" jdbcType="VARCHAR" property="fileId" />
    <result column="status" jdbcType="TINYINT" property="status" />
    <result column="del_flag" jdbcType="TINYINT" property="delFlag" />
    <result column="create_by" jdbcType="VARCHAR" property="createBy" />
    <result column="create_time" jdbcType="TIMESTAMP" property="createTime" />
    <result column="update_by" jdbcType="VARCHAR" property="updateBy" />
    <result column="update_time" jdbcType="TIMESTAMP" property="updateTime" />
  </resultMap>
  <sql id="Example_Where_Clause">
    <where>
      <foreach collection="oredCriteria" item="criteria" separator="or">
        <if test="criteria.valid">
          <trim prefix="(" prefixOverrides="and" suffix=")">
            <foreach collection="criteria.criteria" item="criterion">
              <choose>
                <when test="criterion.noValue">
                  and ${criterion.condition}
                </when>
                <when test="criterion.singleValue">
                  and ${criterion.condition} #{criterion.value}
                </when>
                <when test="criterion.betweenValue">
                  and ${criterion.condition} #{criterion.value} and #{criterion.secondValue}
                </when>
                <when test="criterion.listValue">
                  and ${criterion.condition}
                  <foreach close=")" collection="criterion.value" item="listItem" open="(" separator=",">
                    #{listItem}
                  </foreach>
                </when>
              </choose>
            </foreach>
          </trim>
        </if>
      </foreach>
    </where>
  </sql>
  <sql id="Update_By_Example_Where_Clause">
    <where>
      <foreach collection="example.oredCriteria" item="criteria" separator="or">
        <if test="criteria.valid">
          <trim prefix="(" prefixOverrides="and" suffix=")">
            <foreach collection="criteria.criteria" item="criterion">
              <choose>
                <when test="criterion.noValue">
                  and ${criterion.condition}
                </when>
                <when test="criterion.singleValue">
                  and ${criterion.condition} #{criterion.value}
                </when>
                <when test="criterion.betweenValue">
                  and ${criterion.condition} #{criterion.value} and #{criterion.secondValue}
                </when>
                <when test="criterion.listValue">
                  and ${criterion.condition}
                  <foreach close=")" collection="criterion.value" item="listItem" open="(" separator=",">
                    #{listItem}
                  </foreach>
                </when>
              </choose>
            </foreach>
          </trim>
        </if>
      </foreach>
    </where>
  </sql>
  <sql id="Base_Column_List">
    id, star_id, nick_name, user_id, user_phone, `sequence`, chain_addr, picture_url, 
    file_id, `status`, del_flag, create_by, create_time, update_by, update_time
  </sql>
  <select id="selectByExample" parameterType="com.ekangji.policy.infrastructure.dao.dataobject.UserStarDOExample" resultMap="BaseResultMap">
    select
    <if test="distinct">
      distinct
    </if>
    'true' as QUERYID,
    <include refid="Base_Column_List" />
    from b_user_star
    <if test="_parameter != null">
      <include refid="Example_Where_Clause" />
    </if>
    <if test="orderByClause != null">
      order by ${orderByClause}
    </if>
  </select>
  <select id="selectByPrimaryKey" parameterType="java.lang.Long" resultMap="BaseResultMap">
    select 
    <include refid="Base_Column_List" />
    from b_user_star
    where id = #{id,jdbcType=BIGINT}
  </select>
  <delete id="deleteByPrimaryKey" parameterType="java.lang.Long">
    delete from b_user_star
    where id = #{id,jdbcType=BIGINT}
  </delete>
  <delete id="deleteByExample" parameterType="com.ekangji.policy.infrastructure.dao.dataobject.UserStarDOExample">
    delete from b_user_star
    <if test="_parameter != null">
      <include refid="Example_Where_Clause" />
    </if>
  </delete>
  <insert id="insert" parameterType="com.ekangji.policy.infrastructure.dao.dataobject.UserStarDO">
    <selectKey keyProperty="id" order="AFTER" resultType="java.lang.Long">
      SELECT LAST_INSERT_ID()
    </selectKey>
    insert into b_user_star (star_id, nick_name, user_id, 
      user_phone, `sequence`, chain_addr, 
      picture_url, file_id, `status`, 
      del_flag, create_by, create_time, 
      update_by, update_time)
    values (#{starId,jdbcType=BIGINT}, #{nickName,jdbcType=VARCHAR}, #{userId,jdbcType=VARCHAR}, 
      #{userPhone,jdbcType=VARCHAR}, #{sequence,jdbcType=VARCHAR}, #{chainAddr,jdbcType=VARCHAR}, 
      #{pictureUrl,jdbcType=VARCHAR}, #{fileId,jdbcType=VARCHAR}, #{status,jdbcType=TINYINT}, 
      #{delFlag,jdbcType=TINYINT}, #{createBy,jdbcType=VARCHAR}, #{createTime,jdbcType=TIMESTAMP}, 
      #{updateBy,jdbcType=VARCHAR}, #{updateTime,jdbcType=TIMESTAMP})
  </insert>
  <insert id="insertSelective" parameterType="com.ekangji.policy.infrastructure.dao.dataobject.UserStarDO">
    <selectKey keyProperty="id" order="AFTER" resultType="java.lang.Long">
      SELECT LAST_INSERT_ID()
    </selectKey>
    insert into b_user_star
    <trim prefix="(" suffix=")" suffixOverrides=",">
      <if test="starId != null">
        star_id,
      </if>
      <if test="nickName != null">
        nick_name,
      </if>
      <if test="userId != null">
        user_id,
      </if>
      <if test="userPhone != null">
        user_phone,
      </if>
      <if test="sequence != null">
        `sequence`,
      </if>
      <if test="chainAddr != null">
        chain_addr,
      </if>
      <if test="pictureUrl != null">
        picture_url,
      </if>
      <if test="fileId != null">
        file_id,
      </if>
      <if test="status != null">
        `status`,
      </if>
      <if test="delFlag != null">
        del_flag,
      </if>
      <if test="createBy != null">
        create_by,
      </if>
      <if test="createTime != null">
        create_time,
      </if>
      <if test="updateBy != null">
        update_by,
      </if>
      <if test="updateTime != null">
        update_time,
      </if>
    </trim>
    <trim prefix="values (" suffix=")" suffixOverrides=",">
      <if test="starId != null">
        #{starId,jdbcType=BIGINT},
      </if>
      <if test="nickName != null">
        #{nickName,jdbcType=VARCHAR},
      </if>
      <if test="userId != null">
        #{userId,jdbcType=VARCHAR},
      </if>
      <if test="userPhone != null">
        #{userPhone,jdbcType=VARCHAR},
      </if>
      <if test="sequence != null">
        #{sequence,jdbcType=VARCHAR},
      </if>
      <if test="chainAddr != null">
        #{chainAddr,jdbcType=VARCHAR},
      </if>
      <if test="pictureUrl != null">
        #{pictureUrl,jdbcType=VARCHAR},
      </if>
      <if test="fileId != null">
        #{fileId,jdbcType=VARCHAR},
      </if>
      <if test="status != null">
        #{status,jdbcType=TINYINT},
      </if>
      <if test="delFlag != null">
        #{delFlag,jdbcType=TINYINT},
      </if>
      <if test="createBy != null">
        #{createBy,jdbcType=VARCHAR},
      </if>
      <if test="createTime != null">
        #{createTime,jdbcType=TIMESTAMP},
      </if>
      <if test="updateBy != null">
        #{updateBy,jdbcType=VARCHAR},
      </if>
      <if test="updateTime != null">
        #{updateTime,jdbcType=TIMESTAMP},
      </if>
    </trim>
  </insert>
  <select id="countByExample" parameterType="com.ekangji.policy.infrastructure.dao.dataobject.UserStarDOExample" resultType="java.lang.Long">
    select count(*) from b_user_star
    <if test="_parameter != null">
      <include refid="Example_Where_Clause" />
    </if>
  </select>
  <update id="updateByExampleSelective" parameterType="map">
    update b_user_star
    <set>
      <if test="record.id != null">
        id = #{record.id,jdbcType=BIGINT},
      </if>
      <if test="record.starId != null">
        star_id = #{record.starId,jdbcType=BIGINT},
      </if>
      <if test="record.nickName != null">
        nick_name = #{record.nickName,jdbcType=VARCHAR},
      </if>
      <if test="record.userId != null">
        user_id = #{record.userId,jdbcType=VARCHAR},
      </if>
      <if test="record.userPhone != null">
        user_phone = #{record.userPhone,jdbcType=VARCHAR},
      </if>
      <if test="record.sequence != null">
        `sequence` = #{record.sequence,jdbcType=VARCHAR},
      </if>
      <if test="record.chainAddr != null">
        chain_addr = #{record.chainAddr,jdbcType=VARCHAR},
      </if>
      <if test="record.pictureUrl != null">
        picture_url = #{record.pictureUrl,jdbcType=VARCHAR},
      </if>
      <if test="record.fileId != null">
        file_id = #{record.fileId,jdbcType=VARCHAR},
      </if>
      <if test="record.status != null">
        `status` = #{record.status,jdbcType=TINYINT},
      </if>
      <if test="record.delFlag != null">
        del_flag = #{record.delFlag,jdbcType=TINYINT},
      </if>
      <if test="record.createBy != null">
        create_by = #{record.createBy,jdbcType=VARCHAR},
      </if>
      <if test="record.createTime != null">
        create_time = #{record.createTime,jdbcType=TIMESTAMP},
      </if>
      <if test="record.updateBy != null">
        update_by = #{record.updateBy,jdbcType=VARCHAR},
      </if>
      <if test="record.updateTime != null">
        update_time = #{record.updateTime,jdbcType=TIMESTAMP},
      </if>
    </set>
    <if test="_parameter != null">
      <include refid="Update_By_Example_Where_Clause" />
    </if>
  </update>
  <update id="updateByExample" parameterType="map">
    update b_user_star
    set id = #{record.id,jdbcType=BIGINT},
      star_id = #{record.starId,jdbcType=BIGINT},
      nick_name = #{record.nickName,jdbcType=VARCHAR},
      user_id = #{record.userId,jdbcType=VARCHAR},
      user_phone = #{record.userPhone,jdbcType=VARCHAR},
      `sequence` = #{record.sequence,jdbcType=VARCHAR},
      chain_addr = #{record.chainAddr,jdbcType=VARCHAR},
      picture_url = #{record.pictureUrl,jdbcType=VARCHAR},
      file_id = #{record.fileId,jdbcType=VARCHAR},
      `status` = #{record.status,jdbcType=TINYINT},
      del_flag = #{record.delFlag,jdbcType=TINYINT},
      create_by = #{record.createBy,jdbcType=VARCHAR},
      create_time = #{record.createTime,jdbcType=TIMESTAMP},
      update_by = #{record.updateBy,jdbcType=VARCHAR},
      update_time = #{record.updateTime,jdbcType=TIMESTAMP}
    <if test="_parameter != null">
      <include refid="Update_By_Example_Where_Clause" />
    </if>
  </update>
  <update id="updateByPrimaryKeySelective" parameterType="com.ekangji.policy.infrastructure.dao.dataobject.UserStarDO">
    update b_user_star
    <set>
      <if test="starId != null">
        star_id = #{starId,jdbcType=BIGINT},
      </if>
      <if test="nickName != null">
        nick_name = #{nickName,jdbcType=VARCHAR},
      </if>
      <if test="userId != null">
        user_id = #{userId,jdbcType=VARCHAR},
      </if>
      <if test="userPhone != null">
        user_phone = #{userPhone,jdbcType=VARCHAR},
      </if>
      <if test="sequence != null">
        `sequence` = #{sequence,jdbcType=VARCHAR},
      </if>
      <if test="chainAddr != null">
        chain_addr = #{chainAddr,jdbcType=VARCHAR},
      </if>
      <if test="pictureUrl != null">
        picture_url = #{pictureUrl,jdbcType=VARCHAR},
      </if>
      <if test="fileId != null">
        file_id = #{fileId,jdbcType=VARCHAR},
      </if>
      <if test="status != null">
        `status` = #{status,jdbcType=TINYINT},
      </if>
      <if test="delFlag != null">
        del_flag = #{delFlag,jdbcType=TINYINT},
      </if>
      <if test="createBy != null">
        create_by = #{createBy,jdbcType=VARCHAR},
      </if>
      <if test="createTime != null">
        create_time = #{createTime,jdbcType=TIMESTAMP},
      </if>
      <if test="updateBy != null">
        update_by = #{updateBy,jdbcType=VARCHAR},
      </if>
      <if test="updateTime != null">
        update_time = #{updateTime,jdbcType=TIMESTAMP},
      </if>
    </set>
    where id = #{id,jdbcType=BIGINT}
  </update>
  <update id="updateByPrimaryKey" parameterType="com.ekangji.policy.infrastructure.dao.dataobject.UserStarDO">
    update b_user_star
    set star_id = #{starId,jdbcType=BIGINT},
      nick_name = #{nickName,jdbcType=VARCHAR},
      user_id = #{userId,jdbcType=VARCHAR},
      user_phone = #{userPhone,jdbcType=VARCHAR},
      `sequence` = #{sequence,jdbcType=VARCHAR},
      chain_addr = #{chainAddr,jdbcType=VARCHAR},
      picture_url = #{pictureUrl,jdbcType=VARCHAR},
      file_id = #{fileId,jdbcType=VARCHAR},
      `status` = #{status,jdbcType=TINYINT},
      del_flag = #{delFlag,jdbcType=TINYINT},
      create_by = #{createBy,jdbcType=VARCHAR},
      create_time = #{createTime,jdbcType=TIMESTAMP},
      update_by = #{updateBy,jdbcType=VARCHAR},
      update_time = #{updateTime,jdbcType=TIMESTAMP}
    where id = #{id,jdbcType=BIGINT}
  </update>
  <select id="selectByExampleWithRowbounds" parameterType="com.ekangji.policy.infrastructure.dao.dataobject.UserStarDOExample" resultMap="BaseResultMap">
    select
    <if test="distinct">
      distinct
    </if>
    'true' as QUERYID,
    <include refid="Base_Column_List" />
    from b_user_star
    <if test="_parameter != null">
      <include refid="Example_Where_Clause" />
    </if>
    <if test="orderByClause != null">
      order by ${orderByClause}
    </if>
  </select>
  <insert id="batchInsert" keyColumn="id" keyProperty="id" parameterType="map" useGeneratedKeys="true">
    insert into b_user_star (star_id, nick_name, user_id, user_phone, `sequence`, chain_addr, picture_url, file_id, `status`, del_flag, create_by, create_time, update_by, update_time)
    values
    <foreach collection="list" item="item" separator=",">
       (#{item.starId,jdbcType=BIGINT}, #{item.nickName,jdbcType=VARCHAR}, #{item.userId,jdbcType=VARCHAR}, #{item.userPhone,jdbcType=VARCHAR}, #{item.sequence,jdbcType=VARCHAR}, #{item.chainAddr,jdbcType=VARCHAR}, #{item.pictureUrl,jdbcType=VARCHAR}, #{item.fileId,jdbcType=VARCHAR}, #{item.status,jdbcType=TINYINT}, #{item.delFlag,jdbcType=TINYINT}, #{item.createBy,jdbcType=VARCHAR}, #{item.createTime,jdbcType=TIMESTAMP}, #{item.updateBy,jdbcType=VARCHAR}, #{item.updateTime,jdbcType=TIMESTAMP})
    </foreach>
  </insert>
  <delete id="batchDelete" parameterType="java.lang.Long">
    delete from b_user_star where id in (
    <foreach collection="ids" index="index" item="item" separator=",">
      #{item}
    </foreach>
    )
  </delete>
  <update id="batchUpdate" parameterType="java.util.List">
    update b_user_star 
    <trim prefix="set" suffixOverrides=",">
      <trim prefix="star_id =case id" suffix="end,">
        <foreach collection="recordList" index="index" item="item">
          <if test="item.starId !=null ">
            when #{item.id,jdbcType=BIGINT} then #{item.starId,jdbcType=BIGINT}
          </if>
          <if test="item.starId ==null ">
            when #{item.id,jdbcType=BIGINT} then b_user_star.star_id
          </if>
        </foreach>
      </trim>
      <trim prefix="nick_name =case id" suffix="end,">
        <foreach collection="recordList" index="index" item="item">
          <if test="item.nickName !=null ">
            when #{item.id,jdbcType=BIGINT} then #{item.nickName,jdbcType=VARCHAR}
          </if>
          <if test="item.nickName ==null ">
            when #{item.id,jdbcType=BIGINT} then b_user_star.nick_name
          </if>
        </foreach>
      </trim>
      <trim prefix="user_id =case id" suffix="end,">
        <foreach collection="recordList" index="index" item="item">
          <if test="item.userId !=null ">
            when #{item.id,jdbcType=BIGINT} then #{item.userId,jdbcType=VARCHAR}
          </if>
          <if test="item.userId ==null ">
            when #{item.id,jdbcType=BIGINT} then b_user_star.user_id
          </if>
        </foreach>
      </trim>
      <trim prefix="user_phone =case id" suffix="end,">
        <foreach collection="recordList" index="index" item="item">
          <if test="item.userPhone !=null ">
            when #{item.id,jdbcType=BIGINT} then #{item.userPhone,jdbcType=VARCHAR}
          </if>
          <if test="item.userPhone ==null ">
            when #{item.id,jdbcType=BIGINT} then b_user_star.user_phone
          </if>
        </foreach>
      </trim>
      <trim prefix="sequence =case id" suffix="end,">
        <foreach collection="recordList" index="index" item="item">
          <if test="item.sequence !=null ">
            when #{item.id,jdbcType=BIGINT} then #{item.sequence,jdbcType=VARCHAR}
          </if>
          <if test="item.sequence ==null ">
            when #{item.id,jdbcType=BIGINT} then b_user_star.sequence
          </if>
        </foreach>
      </trim>
      <trim prefix="chain_addr =case id" suffix="end,">
        <foreach collection="recordList" index="index" item="item">
          <if test="item.chainAddr !=null ">
            when #{item.id,jdbcType=BIGINT} then #{item.chainAddr,jdbcType=VARCHAR}
          </if>
          <if test="item.chainAddr ==null ">
            when #{item.id,jdbcType=BIGINT} then b_user_star.chain_addr
          </if>
        </foreach>
      </trim>
      <trim prefix="picture_url =case id" suffix="end,">
        <foreach collection="recordList" index="index" item="item">
          <if test="item.pictureUrl !=null ">
            when #{item.id,jdbcType=BIGINT} then #{item.pictureUrl,jdbcType=VARCHAR}
          </if>
          <if test="item.pictureUrl ==null ">
            when #{item.id,jdbcType=BIGINT} then b_user_star.picture_url
          </if>
        </foreach>
      </trim>
      <trim prefix="file_id =case id" suffix="end,">
        <foreach collection="recordList" index="index" item="item">
          <if test="item.fileId !=null ">
            when #{item.id,jdbcType=BIGINT} then #{item.fileId,jdbcType=VARCHAR}
          </if>
          <if test="item.fileId ==null ">
            when #{item.id,jdbcType=BIGINT} then b_user_star.file_id
          </if>
        </foreach>
      </trim>
      <trim prefix="status =case id" suffix="end,">
        <foreach collection="recordList" index="index" item="item">
          <if test="item.status !=null ">
            when #{item.id,jdbcType=BIGINT} then #{item.status,jdbcType=TINYINT}
          </if>
          <if test="item.status ==null ">
            when #{item.id,jdbcType=BIGINT} then b_user_star.status
          </if>
        </foreach>
      </trim>
      <trim prefix="del_flag =case id" suffix="end,">
        <foreach collection="recordList" index="index" item="item">
          <if test="item.delFlag !=null ">
            when #{item.id,jdbcType=BIGINT} then #{item.delFlag,jdbcType=TINYINT}
          </if>
          <if test="item.delFlag ==null ">
            when #{item.id,jdbcType=BIGINT} then b_user_star.del_flag
          </if>
        </foreach>
      </trim>
      <trim prefix="create_by =case id" suffix="end,">
        <foreach collection="recordList" index="index" item="item">
          <if test="item.createBy !=null ">
            when #{item.id,jdbcType=BIGINT} then #{item.createBy,jdbcType=VARCHAR}
          </if>
          <if test="item.createBy ==null ">
            when #{item.id,jdbcType=BIGINT} then b_user_star.create_by
          </if>
        </foreach>
      </trim>
      <trim prefix="create_time =case id" suffix="end,">
        <foreach collection="recordList" index="index" item="item">
          <if test="item.createTime !=null ">
            when #{item.id,jdbcType=BIGINT} then #{item.createTime,jdbcType=TIMESTAMP}
          </if>
          <if test="item.createTime ==null ">
            when #{item.id,jdbcType=BIGINT} then b_user_star.create_time
          </if>
        </foreach>
      </trim>
      <trim prefix="update_by =case id" suffix="end,">
        <foreach collection="recordList" index="index" item="item">
          <if test="item.updateBy !=null ">
            when #{item.id,jdbcType=BIGINT} then #{item.updateBy,jdbcType=VARCHAR}
          </if>
          <if test="item.updateBy ==null ">
            when #{item.id,jdbcType=BIGINT} then b_user_star.update_by
          </if>
        </foreach>
      </trim>
      <trim prefix="update_time =case id" suffix="end,">
        <foreach collection="recordList" index="index" item="item">
          <if test="item.updateTime !=null ">
            when #{item.id,jdbcType=BIGINT} then #{item.updateTime,jdbcType=TIMESTAMP}
          </if>
          <if test="item.updateTime ==null ">
            when #{item.id,jdbcType=BIGINT} then b_user_star.update_time
          </if>
        </foreach>
      </trim>
    </trim>
    where id in(
    <foreach collection="recordList" index="index" item="item" separator=",">
      #{item.id,jdbcType=BIGINT}
    </foreach>
    )
  </update>
  <select id="selectOneByExample" parameterType="com.ekangji.policy.infrastructure.dao.dataobject.UserStarDOExample" resultMap="BaseResultMap">
    select
    'true' as QUERYID,
    <include refid="Base_Column_List" />
    from b_user_star
    <if test="_parameter != null">
      <include refid="Example_Where_Clause" />
    </if>
    <if test="orderByClause != null">
      order by ${orderByClause}
    </if>
    limit 1
  </select>
</mapper>