<?xml version="1.0" encoding="UTF-8"?>
<!DOCTYPE mapper PUBLIC "-//mybatis.org//DTD Mapper 3.0//EN" "http://mybatis.org/dtd/mybatis-3-mapper.dtd">
<mapper namespace="com.ekangji.policy.infrastructure.dao.policycenter.UserFamilyInfoMapper">
  <resultMap id="BaseResultMap" type="com.ekangji.policy.infrastructure.dao.dataobject.UserFamilyInfoDO">
    <id column="id" jdbcType="BIGINT" property="id" />
    <result column="member_id" jdbcType="BIGINT" property="memberId" />
    <result column="belong_user_id" jdbcType="VARCHAR" property="belongUserId" />
    <result column="nick_name" jdbcType="VARCHAR" property="nickName" />
    <result column="relation" jdbcType="TINYINT" property="relation" />
    <result column="channel_type" jdbcType="TINYINT" property="channelType" />
    <result column="name" jdbcType="VARCHAR" property="name" />
    <result column="phone_number" jdbcType="VARCHAR" property="phoneNumber" />
    <result column="user_phone_number" jdbcType="VARCHAR" property="userPhoneNumber" />
    <result column="social_security_flag" jdbcType="TINYINT" property="socialSecurityFlag" />
    <result column="identity_card_type" jdbcType="TINYINT" property="identityCardType" />
    <result column="identity_card_number" jdbcType="VARCHAR" property="identityCardNumber" />
    <result column="sex" jdbcType="TINYINT" property="sex" />
    <result column="birthday" jdbcType="TIMESTAMP" property="birthday" />
    <result column="status" jdbcType="TINYINT" property="status" />
    <result column="create_time" jdbcType="TIMESTAMP" property="createTime" />
    <result column="create_by" jdbcType="VARCHAR" property="createBy" />
    <result column="update_time" jdbcType="TIMESTAMP" property="updateTime" />
    <result column="update_by" jdbcType="VARCHAR" property="updateBy" />
    <result column="del_flag" jdbcType="TINYINT" property="delFlag" />
    <result column="user_photo" jdbcType="VARCHAR" property="userPhoto" />
    <result column="back_flag" jdbcType="TINYINT" property="backFlag" />
  </resultMap>
  <sql id="Example_Where_Clause">
    <where>
      <foreach collection="oredCriteria" item="criteria" separator="or">
        <if test="criteria.valid">
          <trim prefix="(" prefixOverrides="and" suffix=")">
            <foreach collection="criteria.criteria" item="criterion">
              <choose>
                <when test="criterion.noValue">
                  and ${criterion.condition}
                </when>
                <when test="criterion.singleValue">
                  and ${criterion.condition} #{criterion.value}
                </when>
                <when test="criterion.betweenValue">
                  and ${criterion.condition} #{criterion.value} and #{criterion.secondValue}
                </when>
                <when test="criterion.listValue">
                  and ${criterion.condition}
                  <foreach close=")" collection="criterion.value" item="listItem" open="(" separator=",">
                    #{listItem}
                  </foreach>
                </when>
              </choose>
            </foreach>
          </trim>
        </if>
      </foreach>
    </where>
  </sql>
  <sql id="Update_By_Example_Where_Clause">
    <where>
      <foreach collection="example.oredCriteria" item="criteria" separator="or">
        <if test="criteria.valid">
          <trim prefix="(" prefixOverrides="and" suffix=")">
            <foreach collection="criteria.criteria" item="criterion">
              <choose>
                <when test="criterion.noValue">
                  and ${criterion.condition}
                </when>
                <when test="criterion.singleValue">
                  and ${criterion.condition} #{criterion.value}
                </when>
                <when test="criterion.betweenValue">
                  and ${criterion.condition} #{criterion.value} and #{criterion.secondValue}
                </when>
                <when test="criterion.listValue">
                  and ${criterion.condition}
                  <foreach close=")" collection="criterion.value" item="listItem" open="(" separator=",">
                    #{listItem}
                  </foreach>
                </when>
              </choose>
            </foreach>
          </trim>
        </if>
      </foreach>
    </where>
  </sql>
  <sql id="Base_Column_List">
    id, member_id, belong_user_id, nick_name, relation, channel_type, `name`, phone_number, 
    user_phone_number, social_security_flag, identity_card_type, identity_card_number, 
    sex, birthday, `status`, create_time, create_by, update_time, update_by, del_flag, 
    user_photo, back_flag
  </sql>
  <select id="selectByExample" parameterType="com.ekangji.policy.infrastructure.dao.dataobject.UserFamilyInfoDOExample" resultMap="BaseResultMap">
    select
    <if test="distinct">
      distinct
    </if>
    'true' as QUERYID,
    <include refid="Base_Column_List" />
    from b_user_family_info
    <if test="_parameter != null">
      <include refid="Example_Where_Clause" />
    </if>
    <if test="orderByClause != null">
      order by ${orderByClause}
    </if>
  </select>
  <select id="selectByPrimaryKey" parameterType="java.lang.Long" resultMap="BaseResultMap">
    select 
    <include refid="Base_Column_List" />
    from b_user_family_info
    where id = #{id,jdbcType=BIGINT}
  </select>
  <delete id="deleteByPrimaryKey" parameterType="java.lang.Long">
    delete from b_user_family_info
    where id = #{id,jdbcType=BIGINT}
  </delete>
  <delete id="deleteByExample" parameterType="com.ekangji.policy.infrastructure.dao.dataobject.UserFamilyInfoDOExample">
    delete from b_user_family_info
    <if test="_parameter != null">
      <include refid="Example_Where_Clause" />
    </if>
  </delete>
  <insert id="insert" parameterType="com.ekangji.policy.infrastructure.dao.dataobject.UserFamilyInfoDO">
    <selectKey keyProperty="id" order="AFTER" resultType="java.lang.Long">
      SELECT LAST_INSERT_ID()
    </selectKey>
    insert into b_user_family_info (member_id, belong_user_id, nick_name, 
      relation, channel_type, `name`, 
      phone_number, user_phone_number, social_security_flag, 
      identity_card_type, identity_card_number, sex, 
      birthday, `status`, create_time, 
      create_by, update_time, update_by, 
      del_flag, user_photo, back_flag
      )
    values (#{memberId,jdbcType=BIGINT}, #{belongUserId,jdbcType=VARCHAR}, #{nickName,jdbcType=VARCHAR}, 
      #{relation,jdbcType=TINYINT}, #{channelType,jdbcType=TINYINT}, #{name,jdbcType=VARCHAR}, 
      #{phoneNumber,jdbcType=VARCHAR}, #{userPhoneNumber,jdbcType=VARCHAR}, #{socialSecurityFlag,jdbcType=TINYINT}, 
      #{identityCardType,jdbcType=TINYINT}, #{identityCardNumber,jdbcType=VARCHAR}, #{sex,jdbcType=TINYINT}, 
      #{birthday,jdbcType=TIMESTAMP}, #{status,jdbcType=TINYINT}, #{createTime,jdbcType=TIMESTAMP}, 
      #{createBy,jdbcType=VARCHAR}, #{updateTime,jdbcType=TIMESTAMP}, #{updateBy,jdbcType=VARCHAR}, 
      #{delFlag,jdbcType=TINYINT}, #{userPhoto,jdbcType=VARCHAR}, #{backFlag,jdbcType=TINYINT}
      )
  </insert>
  <insert id="insertSelective" parameterType="com.ekangji.policy.infrastructure.dao.dataobject.UserFamilyInfoDO">
    <selectKey keyProperty="id" order="AFTER" resultType="java.lang.Long">
      SELECT LAST_INSERT_ID()
    </selectKey>
    insert into b_user_family_info
    <trim prefix="(" suffix=")" suffixOverrides=",">
      <if test="memberId != null">
        member_id,
      </if>
      <if test="belongUserId != null">
        belong_user_id,
      </if>
      <if test="nickName != null">
        nick_name,
      </if>
      <if test="relation != null">
        relation,
      </if>
      <if test="channelType != null">
        channel_type,
      </if>
      <if test="name != null">
        `name`,
      </if>
      <if test="phoneNumber != null">
        phone_number,
      </if>
      <if test="userPhoneNumber != null">
        user_phone_number,
      </if>
      <if test="socialSecurityFlag != null">
        social_security_flag,
      </if>
      <if test="identityCardType != null">
        identity_card_type,
      </if>
      <if test="identityCardNumber != null">
        identity_card_number,
      </if>
      <if test="sex != null">
        sex,
      </if>
      <if test="birthday != null">
        birthday,
      </if>
      <if test="status != null">
        `status`,
      </if>
      <if test="createTime != null">
        create_time,
      </if>
      <if test="createBy != null">
        create_by,
      </if>
      <if test="updateTime != null">
        update_time,
      </if>
      <if test="updateBy != null">
        update_by,
      </if>
      <if test="delFlag != null">
        del_flag,
      </if>
      <if test="userPhoto != null">
        user_photo,
      </if>
      <if test="backFlag != null">
        back_flag,
      </if>
    </trim>
    <trim prefix="values (" suffix=")" suffixOverrides=",">
      <if test="memberId != null">
        #{memberId,jdbcType=BIGINT},
      </if>
      <if test="belongUserId != null">
        #{belongUserId,jdbcType=VARCHAR},
      </if>
      <if test="nickName != null">
        #{nickName,jdbcType=VARCHAR},
      </if>
      <if test="relation != null">
        #{relation,jdbcType=TINYINT},
      </if>
      <if test="channelType != null">
        #{channelType,jdbcType=TINYINT},
      </if>
      <if test="name != null">
        #{name,jdbcType=VARCHAR},
      </if>
      <if test="phoneNumber != null">
        #{phoneNumber,jdbcType=VARCHAR},
      </if>
      <if test="userPhoneNumber != null">
        #{userPhoneNumber,jdbcType=VARCHAR},
      </if>
      <if test="socialSecurityFlag != null">
        #{socialSecurityFlag,jdbcType=TINYINT},
      </if>
      <if test="identityCardType != null">
        #{identityCardType,jdbcType=TINYINT},
      </if>
      <if test="identityCardNumber != null">
        #{identityCardNumber,jdbcType=VARCHAR},
      </if>
      <if test="sex != null">
        #{sex,jdbcType=TINYINT},
      </if>
      <if test="birthday != null">
        #{birthday,jdbcType=TIMESTAMP},
      </if>
      <if test="status != null">
        #{status,jdbcType=TINYINT},
      </if>
      <if test="createTime != null">
        #{createTime,jdbcType=TIMESTAMP},
      </if>
      <if test="createBy != null">
        #{createBy,jdbcType=VARCHAR},
      </if>
      <if test="updateTime != null">
        #{updateTime,jdbcType=TIMESTAMP},
      </if>
      <if test="updateBy != null">
        #{updateBy,jdbcType=VARCHAR},
      </if>
      <if test="delFlag != null">
        #{delFlag,jdbcType=TINYINT},
      </if>
      <if test="userPhoto != null">
        #{userPhoto,jdbcType=VARCHAR},
      </if>
      <if test="backFlag != null">
        #{backFlag,jdbcType=TINYINT},
      </if>
    </trim>
  </insert>
  <select id="countByExample" parameterType="com.ekangji.policy.infrastructure.dao.dataobject.UserFamilyInfoDOExample" resultType="java.lang.Long">
    select count(*) from b_user_family_info
    <if test="_parameter != null">
      <include refid="Example_Where_Clause" />
    </if>
  </select>
  <update id="updateByExampleSelective" parameterType="map">
    update b_user_family_info
    <set>
      <if test="record.id != null">
        id = #{record.id,jdbcType=BIGINT},
      </if>
      <if test="record.memberId != null">
        member_id = #{record.memberId,jdbcType=BIGINT},
      </if>
      <if test="record.belongUserId != null">
        belong_user_id = #{record.belongUserId,jdbcType=VARCHAR},
      </if>
      <if test="record.nickName != null">
        nick_name = #{record.nickName,jdbcType=VARCHAR},
      </if>
      <if test="record.relation != null">
        relation = #{record.relation,jdbcType=TINYINT},
      </if>
      <if test="record.channelType != null">
        channel_type = #{record.channelType,jdbcType=TINYINT},
      </if>
      <if test="record.name != null">
        `name` = #{record.name,jdbcType=VARCHAR},
      </if>
      <if test="record.phoneNumber != null">
        phone_number = #{record.phoneNumber,jdbcType=VARCHAR},
      </if>
      <if test="record.userPhoneNumber != null">
        user_phone_number = #{record.userPhoneNumber,jdbcType=VARCHAR},
      </if>
      <if test="record.socialSecurityFlag != null">
        social_security_flag = #{record.socialSecurityFlag,jdbcType=TINYINT},
      </if>
      <if test="record.identityCardType != null">
        identity_card_type = #{record.identityCardType,jdbcType=TINYINT},
      </if>
      <if test="record.identityCardNumber != null">
        identity_card_number = #{record.identityCardNumber,jdbcType=VARCHAR},
      </if>
      <if test="record.sex != null">
        sex = #{record.sex,jdbcType=TINYINT},
      </if>
      <if test="record.birthday != null">
        birthday = #{record.birthday,jdbcType=TIMESTAMP},
      </if>
      <if test="record.status != null">
        `status` = #{record.status,jdbcType=TINYINT},
      </if>
      <if test="record.createTime != null">
        create_time = #{record.createTime,jdbcType=TIMESTAMP},
      </if>
      <if test="record.createBy != null">
        create_by = #{record.createBy,jdbcType=VARCHAR},
      </if>
      <if test="record.updateTime != null">
        update_time = #{record.updateTime,jdbcType=TIMESTAMP},
      </if>
      <if test="record.updateBy != null">
        update_by = #{record.updateBy,jdbcType=VARCHAR},
      </if>
      <if test="record.delFlag != null">
        del_flag = #{record.delFlag,jdbcType=TINYINT},
      </if>
      <if test="record.userPhoto != null">
        user_photo = #{record.userPhoto,jdbcType=VARCHAR},
      </if>
      <if test="record.backFlag != null">
        back_flag = #{record.backFlag,jdbcType=TINYINT},
      </if>
    </set>
    <if test="_parameter != null">
      <include refid="Update_By_Example_Where_Clause" />
    </if>
  </update>
  <update id="updateByExample" parameterType="map">
    update b_user_family_info
    set id = #{record.id,jdbcType=BIGINT},
      member_id = #{record.memberId,jdbcType=BIGINT},
      belong_user_id = #{record.belongUserId,jdbcType=VARCHAR},
      nick_name = #{record.nickName,jdbcType=VARCHAR},
      relation = #{record.relation,jdbcType=TINYINT},
      channel_type = #{record.channelType,jdbcType=TINYINT},
      `name` = #{record.name,jdbcType=VARCHAR},
      phone_number = #{record.phoneNumber,jdbcType=VARCHAR},
      user_phone_number = #{record.userPhoneNumber,jdbcType=VARCHAR},
      social_security_flag = #{record.socialSecurityFlag,jdbcType=TINYINT},
      identity_card_type = #{record.identityCardType,jdbcType=TINYINT},
      identity_card_number = #{record.identityCardNumber,jdbcType=VARCHAR},
      sex = #{record.sex,jdbcType=TINYINT},
      birthday = #{record.birthday,jdbcType=TIMESTAMP},
      `status` = #{record.status,jdbcType=TINYINT},
      create_time = #{record.createTime,jdbcType=TIMESTAMP},
      create_by = #{record.createBy,jdbcType=VARCHAR},
      update_time = #{record.updateTime,jdbcType=TIMESTAMP},
      update_by = #{record.updateBy,jdbcType=VARCHAR},
      del_flag = #{record.delFlag,jdbcType=TINYINT},
      user_photo = #{record.userPhoto,jdbcType=VARCHAR},
      back_flag = #{record.backFlag,jdbcType=TINYINT}
    <if test="_parameter != null">
      <include refid="Update_By_Example_Where_Clause" />
    </if>
  </update>
  <update id="updateByPrimaryKeySelective" parameterType="com.ekangji.policy.infrastructure.dao.dataobject.UserFamilyInfoDO">
    update b_user_family_info
    <set>
      <if test="memberId != null">
        member_id = #{memberId,jdbcType=BIGINT},
      </if>
      <if test="belongUserId != null">
        belong_user_id = #{belongUserId,jdbcType=VARCHAR},
      </if>
      <if test="nickName != null">
        nick_name = #{nickName,jdbcType=VARCHAR},
      </if>
      <if test="relation != null">
        relation = #{relation,jdbcType=TINYINT},
      </if>
      <if test="channelType != null">
        channel_type = #{channelType,jdbcType=TINYINT},
      </if>
      <if test="name != null">
        `name` = #{name,jdbcType=VARCHAR},
      </if>
      <if test="phoneNumber != null">
        phone_number = #{phoneNumber,jdbcType=VARCHAR},
      </if>
      <if test="userPhoneNumber != null">
        user_phone_number = #{userPhoneNumber,jdbcType=VARCHAR},
      </if>
      <if test="socialSecurityFlag != null">
        social_security_flag = #{socialSecurityFlag,jdbcType=TINYINT},
      </if>
      <if test="identityCardType != null">
        identity_card_type = #{identityCardType,jdbcType=TINYINT},
      </if>
      <if test="identityCardNumber != null">
        identity_card_number = #{identityCardNumber,jdbcType=VARCHAR},
      </if>
      <if test="sex != null">
        sex = #{sex,jdbcType=TINYINT},
      </if>
      <if test="birthday != null">
        birthday = #{birthday,jdbcType=TIMESTAMP},
      </if>
      <if test="status != null">
        `status` = #{status,jdbcType=TINYINT},
      </if>
      <if test="createTime != null">
        create_time = #{createTime,jdbcType=TIMESTAMP},
      </if>
      <if test="createBy != null">
        create_by = #{createBy,jdbcType=VARCHAR},
      </if>
      <if test="updateTime != null">
        update_time = #{updateTime,jdbcType=TIMESTAMP},
      </if>
      <if test="updateBy != null">
        update_by = #{updateBy,jdbcType=VARCHAR},
      </if>
      <if test="delFlag != null">
        del_flag = #{delFlag,jdbcType=TINYINT},
      </if>
      <if test="userPhoto != null">
        user_photo = #{userPhoto,jdbcType=VARCHAR},
      </if>
      <if test="backFlag != null">
        back_flag = #{backFlag,jdbcType=TINYINT},
      </if>
    </set>
    where id = #{id,jdbcType=BIGINT}
  </update>
  <update id="updateByPrimaryKey" parameterType="com.ekangji.policy.infrastructure.dao.dataobject.UserFamilyInfoDO">
    update b_user_family_info
    set member_id = #{memberId,jdbcType=BIGINT},
      belong_user_id = #{belongUserId,jdbcType=VARCHAR},
      nick_name = #{nickName,jdbcType=VARCHAR},
      relation = #{relation,jdbcType=TINYINT},
      channel_type = #{channelType,jdbcType=TINYINT},
      `name` = #{name,jdbcType=VARCHAR},
      phone_number = #{phoneNumber,jdbcType=VARCHAR},
      user_phone_number = #{userPhoneNumber,jdbcType=VARCHAR},
      social_security_flag = #{socialSecurityFlag,jdbcType=TINYINT},
      identity_card_type = #{identityCardType,jdbcType=TINYINT},
      identity_card_number = #{identityCardNumber,jdbcType=VARCHAR},
      sex = #{sex,jdbcType=TINYINT},
      birthday = #{birthday,jdbcType=TIMESTAMP},
      `status` = #{status,jdbcType=TINYINT},
      create_time = #{createTime,jdbcType=TIMESTAMP},
      create_by = #{createBy,jdbcType=VARCHAR},
      update_time = #{updateTime,jdbcType=TIMESTAMP},
      update_by = #{updateBy,jdbcType=VARCHAR},
      del_flag = #{delFlag,jdbcType=TINYINT},
      user_photo = #{userPhoto,jdbcType=VARCHAR},
      back_flag = #{backFlag,jdbcType=TINYINT}
    where id = #{id,jdbcType=BIGINT}
  </update>
  <select id="selectByExampleWithRowbounds" parameterType="com.ekangji.policy.infrastructure.dao.dataobject.UserFamilyInfoDOExample" resultMap="BaseResultMap">
    select
    <if test="distinct">
      distinct
    </if>
    'true' as QUERYID,
    <include refid="Base_Column_List" />
    from b_user_family_info
    <if test="_parameter != null">
      <include refid="Example_Where_Clause" />
    </if>
    <if test="orderByClause != null">
      order by ${orderByClause}
    </if>
  </select>
  <insert id="batchInsert" keyColumn="id" keyProperty="id" parameterType="map" useGeneratedKeys="true">
    insert into b_user_family_info (member_id, belong_user_id, nick_name, relation, channel_type, `name`, phone_number, user_phone_number, social_security_flag, identity_card_type, identity_card_number, sex, birthday, `status`, create_time, create_by, update_time, update_by, del_flag, user_photo, back_flag)
    values
    <foreach collection="list" item="item" separator=",">
       (#{item.memberId,jdbcType=BIGINT}, #{item.belongUserId,jdbcType=VARCHAR}, #{item.nickName,jdbcType=VARCHAR}, #{item.relation,jdbcType=TINYINT}, #{item.channelType,jdbcType=TINYINT}, #{item.name,jdbcType=VARCHAR}, #{item.phoneNumber,jdbcType=VARCHAR}, #{item.userPhoneNumber,jdbcType=VARCHAR}, #{item.socialSecurityFlag,jdbcType=TINYINT}, #{item.identityCardType,jdbcType=TINYINT}, #{item.identityCardNumber,jdbcType=VARCHAR}, #{item.sex,jdbcType=TINYINT}, #{item.birthday,jdbcType=TIMESTAMP}, #{item.status,jdbcType=TINYINT}, #{item.createTime,jdbcType=TIMESTAMP}, #{item.createBy,jdbcType=VARCHAR}, #{item.updateTime,jdbcType=TIMESTAMP}, #{item.updateBy,jdbcType=VARCHAR}, #{item.delFlag,jdbcType=TINYINT}, #{item.userPhoto,jdbcType=VARCHAR}, #{item.backFlag,jdbcType=TINYINT})
    </foreach>
  </insert>
  <delete id="batchDelete" parameterType="java.lang.Long">
    delete from b_user_family_info where id in (
    <foreach collection="ids" index="index" item="item" separator=",">
      #{item}
    </foreach>
    )
  </delete>
  <update id="batchUpdate" parameterType="java.util.List">
    update b_user_family_info 
    <trim prefix="set" suffixOverrides=",">
      <trim prefix="member_id =case id" suffix="end,">
        <foreach collection="recordList" index="index" item="item">
          <if test="item.memberId !=null ">
            when #{item.id,jdbcType=BIGINT} then #{item.memberId,jdbcType=BIGINT}
          </if>
          <if test="item.memberId ==null ">
            when #{item.id,jdbcType=BIGINT} then b_user_family_info.member_id
          </if>
        </foreach>
      </trim>
      <trim prefix="belong_user_id =case id" suffix="end,">
        <foreach collection="recordList" index="index" item="item">
          <if test="item.belongUserId !=null ">
            when #{item.id,jdbcType=BIGINT} then #{item.belongUserId,jdbcType=VARCHAR}
          </if>
          <if test="item.belongUserId ==null ">
            when #{item.id,jdbcType=BIGINT} then b_user_family_info.belong_user_id
          </if>
        </foreach>
      </trim>
      <trim prefix="nick_name =case id" suffix="end,">
        <foreach collection="recordList" index="index" item="item">
          <if test="item.nickName !=null ">
            when #{item.id,jdbcType=BIGINT} then #{item.nickName,jdbcType=VARCHAR}
          </if>
          <if test="item.nickName ==null ">
            when #{item.id,jdbcType=BIGINT} then b_user_family_info.nick_name
          </if>
        </foreach>
      </trim>
      <trim prefix="relation =case id" suffix="end,">
        <foreach collection="recordList" index="index" item="item">
          <if test="item.relation !=null ">
            when #{item.id,jdbcType=BIGINT} then #{item.relation,jdbcType=TINYINT}
          </if>
          <if test="item.relation ==null ">
            when #{item.id,jdbcType=BIGINT} then b_user_family_info.relation
          </if>
        </foreach>
      </trim>
      <trim prefix="channel_type =case id" suffix="end,">
        <foreach collection="recordList" index="index" item="item">
          <if test="item.channelType !=null ">
            when #{item.id,jdbcType=BIGINT} then #{item.channelType,jdbcType=TINYINT}
          </if>
          <if test="item.channelType ==null ">
            when #{item.id,jdbcType=BIGINT} then b_user_family_info.channel_type
          </if>
        </foreach>
      </trim>
      <trim prefix="name =case id" suffix="end,">
        <foreach collection="recordList" index="index" item="item">
          <if test="item.name !=null ">
            when #{item.id,jdbcType=BIGINT} then #{item.name,jdbcType=VARCHAR}
          </if>
          <if test="item.name ==null ">
            when #{item.id,jdbcType=BIGINT} then b_user_family_info.name
          </if>
        </foreach>
      </trim>
      <trim prefix="phone_number =case id" suffix="end,">
        <foreach collection="recordList" index="index" item="item">
          <if test="item.phoneNumber !=null ">
            when #{item.id,jdbcType=BIGINT} then #{item.phoneNumber,jdbcType=VARCHAR}
          </if>
          <if test="item.phoneNumber ==null ">
            when #{item.id,jdbcType=BIGINT} then b_user_family_info.phone_number
          </if>
        </foreach>
      </trim>
      <trim prefix="user_phone_number =case id" suffix="end,">
        <foreach collection="recordList" index="index" item="item">
          <if test="item.userPhoneNumber !=null ">
            when #{item.id,jdbcType=BIGINT} then #{item.userPhoneNumber,jdbcType=VARCHAR}
          </if>
          <if test="item.userPhoneNumber ==null ">
            when #{item.id,jdbcType=BIGINT} then b_user_family_info.user_phone_number
          </if>
        </foreach>
      </trim>
      <trim prefix="social_security_flag =case id" suffix="end,">
        <foreach collection="recordList" index="index" item="item">
          <if test="item.socialSecurityFlag !=null ">
            when #{item.id,jdbcType=BIGINT} then #{item.socialSecurityFlag,jdbcType=TINYINT}
          </if>
          <if test="item.socialSecurityFlag ==null ">
            when #{item.id,jdbcType=BIGINT} then b_user_family_info.social_security_flag
          </if>
        </foreach>
      </trim>
      <trim prefix="identity_card_type =case id" suffix="end,">
        <foreach collection="recordList" index="index" item="item">
          <if test="item.identityCardType !=null ">
            when #{item.id,jdbcType=BIGINT} then #{item.identityCardType,jdbcType=TINYINT}
          </if>
          <if test="item.identityCardType ==null ">
            when #{item.id,jdbcType=BIGINT} then b_user_family_info.identity_card_type
          </if>
        </foreach>
      </trim>
      <trim prefix="identity_card_number =case id" suffix="end,">
        <foreach collection="recordList" index="index" item="item">
          <if test="item.identityCardNumber !=null ">
            when #{item.id,jdbcType=BIGINT} then #{item.identityCardNumber,jdbcType=VARCHAR}
          </if>
          <if test="item.identityCardNumber ==null ">
            when #{item.id,jdbcType=BIGINT} then b_user_family_info.identity_card_number
          </if>
        </foreach>
      </trim>
      <trim prefix="sex =case id" suffix="end,">
        <foreach collection="recordList" index="index" item="item">
          <if test="item.sex !=null ">
            when #{item.id,jdbcType=BIGINT} then #{item.sex,jdbcType=TINYINT}
          </if>
          <if test="item.sex ==null ">
            when #{item.id,jdbcType=BIGINT} then b_user_family_info.sex
          </if>
        </foreach>
      </trim>
      <trim prefix="birthday =case id" suffix="end,">
        <foreach collection="recordList" index="index" item="item">
          <if test="item.birthday !=null ">
            when #{item.id,jdbcType=BIGINT} then #{item.birthday,jdbcType=TIMESTAMP}
          </if>
          <if test="item.birthday ==null ">
            when #{item.id,jdbcType=BIGINT} then b_user_family_info.birthday
          </if>
        </foreach>
      </trim>
      <trim prefix="status =case id" suffix="end,">
        <foreach collection="recordList" index="index" item="item">
          <if test="item.status !=null ">
            when #{item.id,jdbcType=BIGINT} then #{item.status,jdbcType=TINYINT}
          </if>
          <if test="item.status ==null ">
            when #{item.id,jdbcType=BIGINT} then b_user_family_info.status
          </if>
        </foreach>
      </trim>
      <trim prefix="create_time =case id" suffix="end,">
        <foreach collection="recordList" index="index" item="item">
          <if test="item.createTime !=null ">
            when #{item.id,jdbcType=BIGINT} then #{item.createTime,jdbcType=TIMESTAMP}
          </if>
          <if test="item.createTime ==null ">
            when #{item.id,jdbcType=BIGINT} then b_user_family_info.create_time
          </if>
        </foreach>
      </trim>
      <trim prefix="create_by =case id" suffix="end,">
        <foreach collection="recordList" index="index" item="item">
          <if test="item.createBy !=null ">
            when #{item.id,jdbcType=BIGINT} then #{item.createBy,jdbcType=VARCHAR}
          </if>
          <if test="item.createBy ==null ">
            when #{item.id,jdbcType=BIGINT} then b_user_family_info.create_by
          </if>
        </foreach>
      </trim>
      <trim prefix="update_time =case id" suffix="end,">
        <foreach collection="recordList" index="index" item="item">
          <if test="item.updateTime !=null ">
            when #{item.id,jdbcType=BIGINT} then #{item.updateTime,jdbcType=TIMESTAMP}
          </if>
          <if test="item.updateTime ==null ">
            when #{item.id,jdbcType=BIGINT} then b_user_family_info.update_time
          </if>
        </foreach>
      </trim>
      <trim prefix="update_by =case id" suffix="end,">
        <foreach collection="recordList" index="index" item="item">
          <if test="item.updateBy !=null ">
            when #{item.id,jdbcType=BIGINT} then #{item.updateBy,jdbcType=VARCHAR}
          </if>
          <if test="item.updateBy ==null ">
            when #{item.id,jdbcType=BIGINT} then b_user_family_info.update_by
          </if>
        </foreach>
      </trim>
      <trim prefix="del_flag =case id" suffix="end,">
        <foreach collection="recordList" index="index" item="item">
          <if test="item.delFlag !=null ">
            when #{item.id,jdbcType=BIGINT} then #{item.delFlag,jdbcType=TINYINT}
          </if>
          <if test="item.delFlag ==null ">
            when #{item.id,jdbcType=BIGINT} then b_user_family_info.del_flag
          </if>
        </foreach>
      </trim>
      <trim prefix="user_photo =case id" suffix="end,">
        <foreach collection="recordList" index="index" item="item">
          <if test="item.userPhoto !=null ">
            when #{item.id,jdbcType=BIGINT} then #{item.userPhoto,jdbcType=VARCHAR}
          </if>
          <if test="item.userPhoto ==null ">
            when #{item.id,jdbcType=BIGINT} then b_user_family_info.user_photo
          </if>
        </foreach>
      </trim>
      <trim prefix="back_flag =case id" suffix="end,">
        <foreach collection="recordList" index="index" item="item">
          <if test="item.backFlag !=null ">
            when #{item.id,jdbcType=BIGINT} then #{item.backFlag,jdbcType=TINYINT}
          </if>
          <if test="item.backFlag ==null ">
            when #{item.id,jdbcType=BIGINT} then b_user_family_info.back_flag
          </if>
        </foreach>
      </trim>
    </trim>
    where id in(
    <foreach collection="recordList" index="index" item="item" separator=",">
      #{item.id,jdbcType=BIGINT}
    </foreach>
    )
  </update>
  <select id="selectEntityByMemberId" parameterType="java.lang.Long"  resultMap="BaseResultMap">
    select
    <include refid="Base_Column_List" /> from b_user_family_info where member_id = #{memberId}
  </select>
  <select id="selectOneByExample" parameterType="com.ekangji.policy.infrastructure.dao.dataobject.UserFamilyInfoDOExample" resultMap="BaseResultMap">
    select
    'true' as QUERYID,
    <include refid="Base_Column_List" />
    from b_user_family_info
    <if test="_parameter != null">
      <include refid="Example_Where_Clause" />
    </if>
    <if test="orderByClause != null">
      order by ${orderByClause}
    </if>
    limit 1
  </select>
</mapper>