<?xml version="1.0" encoding="UTF-8"?>
<!DOCTYPE mapper PUBLIC "-//mybatis.org//DTD Mapper 3.0//EN" "http://mybatis.org/dtd/mybatis-3-mapper.dtd">
<mapper namespace="com.ekangji.policy.infrastructure.dao.policycenter.UserInviteInfoMapper">
  <resultMap id="BaseResultMap" type="com.ekangji.policy.infrastructure.dao.dataobject.UserInviteInfoDO">
    <id column="id" jdbcType="BIGINT" property="id" />
    <result column="invite_id" jdbcType="BIGINT" property="inviteId" />
    <result column="inviter_user_id" jdbcType="VARCHAR" property="inviterUserId" />
    <result column="invitee_user_id" jdbcType="VARCHAR" property="inviteeUserId" />
    <result column="policy_status" jdbcType="TINYINT" property="policyStatus" />
    <result column="status" jdbcType="TINYINT" property="status" />
    <result column="create_time" jdbcType="TIMESTAMP" property="createTime" />
    <result column="create_by" jdbcType="VARCHAR" property="createBy" />
    <result column="update_time" jdbcType="TIMESTAMP" property="updateTime" />
    <result column="update_by" jdbcType="VARCHAR" property="updateBy" />
    <result column="del_flag" jdbcType="TINYINT" property="delFlag" />
  </resultMap>
  <sql id="Example_Where_Clause">
    <where>
      <foreach collection="oredCriteria" item="criteria" separator="or">
        <if test="criteria.valid">
          <trim prefix="(" prefixOverrides="and" suffix=")">
            <foreach collection="criteria.criteria" item="criterion">
              <choose>
                <when test="criterion.noValue">
                  and ${criterion.condition}
                </when>
                <when test="criterion.singleValue">
                  and ${criterion.condition} #{criterion.value}
                </when>
                <when test="criterion.betweenValue">
                  and ${criterion.condition} #{criterion.value} and #{criterion.secondValue}
                </when>
                <when test="criterion.listValue">
                  and ${criterion.condition}
                  <foreach close=")" collection="criterion.value" item="listItem" open="(" separator=",">
                    #{listItem}
                  </foreach>
                </when>
              </choose>
            </foreach>
          </trim>
        </if>
      </foreach>
    </where>
  </sql>
  <sql id="Update_By_Example_Where_Clause">
    <where>
      <foreach collection="example.oredCriteria" item="criteria" separator="or">
        <if test="criteria.valid">
          <trim prefix="(" prefixOverrides="and" suffix=")">
            <foreach collection="criteria.criteria" item="criterion">
              <choose>
                <when test="criterion.noValue">
                  and ${criterion.condition}
                </when>
                <when test="criterion.singleValue">
                  and ${criterion.condition} #{criterion.value}
                </when>
                <when test="criterion.betweenValue">
                  and ${criterion.condition} #{criterion.value} and #{criterion.secondValue}
                </when>
                <when test="criterion.listValue">
                  and ${criterion.condition}
                  <foreach close=")" collection="criterion.value" item="listItem" open="(" separator=",">
                    #{listItem}
                  </foreach>
                </when>
              </choose>
            </foreach>
          </trim>
        </if>
      </foreach>
    </where>
  </sql>
  <sql id="Base_Column_List">
    id, invite_id, inviter_user_id, invitee_user_id, policy_status, `status`, create_time, 
    create_by, update_time, update_by, del_flag
  </sql>
  <select id="selectByExample" parameterType="com.ekangji.policy.infrastructure.dao.dataobject.UserInviteInfoDOExample" resultMap="BaseResultMap">
    select
    <if test="distinct">
      distinct
    </if>
    'true' as QUERYID,
    <include refid="Base_Column_List" />
    from b_user_invite_info
    <if test="_parameter != null">
      <include refid="Example_Where_Clause" />
    </if>
    <if test="orderByClause != null">
      order by ${orderByClause}
    </if>
  </select>
  <select id="selectByPrimaryKey" parameterType="java.lang.Long" resultMap="BaseResultMap">
    select 
    <include refid="Base_Column_List" />
    from b_user_invite_info
    where id = #{id,jdbcType=BIGINT}
  </select>
  <delete id="deleteByPrimaryKey" parameterType="java.lang.Long">
    delete from b_user_invite_info
    where id = #{id,jdbcType=BIGINT}
  </delete>
  <delete id="deleteByExample" parameterType="com.ekangji.policy.infrastructure.dao.dataobject.UserInviteInfoDOExample">
    delete from b_user_invite_info
    <if test="_parameter != null">
      <include refid="Example_Where_Clause" />
    </if>
  </delete>
  <insert id="insert" parameterType="com.ekangji.policy.infrastructure.dao.dataobject.UserInviteInfoDO">
    <selectKey keyProperty="id" order="AFTER" resultType="java.lang.Long">
      SELECT LAST_INSERT_ID()
    </selectKey>
    insert into b_user_invite_info (invite_id, inviter_user_id, invitee_user_id, 
      policy_status, `status`, create_time, 
      create_by, update_time, update_by, 
      del_flag)
    values (#{inviteId,jdbcType=BIGINT}, #{inviterUserId,jdbcType=VARCHAR}, #{inviteeUserId,jdbcType=VARCHAR}, 
      #{policyStatus,jdbcType=TINYINT}, #{status,jdbcType=TINYINT}, #{createTime,jdbcType=TIMESTAMP}, 
      #{createBy,jdbcType=VARCHAR}, #{updateTime,jdbcType=TIMESTAMP}, #{updateBy,jdbcType=VARCHAR}, 
      #{delFlag,jdbcType=TINYINT})
  </insert>
  <insert id="insertSelective" parameterType="com.ekangji.policy.infrastructure.dao.dataobject.UserInviteInfoDO">
    <selectKey keyProperty="id" order="AFTER" resultType="java.lang.Long">
      SELECT LAST_INSERT_ID()
    </selectKey>
    insert into b_user_invite_info
    <trim prefix="(" suffix=")" suffixOverrides=",">
      <if test="inviteId != null">
        invite_id,
      </if>
      <if test="inviterUserId != null">
        inviter_user_id,
      </if>
      <if test="inviteeUserId != null">
        invitee_user_id,
      </if>
      <if test="policyStatus != null">
        policy_status,
      </if>
      <if test="status != null">
        `status`,
      </if>
      <if test="createTime != null">
        create_time,
      </if>
      <if test="createBy != null">
        create_by,
      </if>
      <if test="updateTime != null">
        update_time,
      </if>
      <if test="updateBy != null">
        update_by,
      </if>
      <if test="delFlag != null">
        del_flag,
      </if>
    </trim>
    <trim prefix="values (" suffix=")" suffixOverrides=",">
      <if test="inviteId != null">
        #{inviteId,jdbcType=BIGINT},
      </if>
      <if test="inviterUserId != null">
        #{inviterUserId,jdbcType=VARCHAR},
      </if>
      <if test="inviteeUserId != null">
        #{inviteeUserId,jdbcType=VARCHAR},
      </if>
      <if test="policyStatus != null">
        #{policyStatus,jdbcType=TINYINT},
      </if>
      <if test="status != null">
        #{status,jdbcType=TINYINT},
      </if>
      <if test="createTime != null">
        #{createTime,jdbcType=TIMESTAMP},
      </if>
      <if test="createBy != null">
        #{createBy,jdbcType=VARCHAR},
      </if>
      <if test="updateTime != null">
        #{updateTime,jdbcType=TIMESTAMP},
      </if>
      <if test="updateBy != null">
        #{updateBy,jdbcType=VARCHAR},
      </if>
      <if test="delFlag != null">
        #{delFlag,jdbcType=TINYINT},
      </if>
    </trim>
  </insert>
  <select id="countByExample" parameterType="com.ekangji.policy.infrastructure.dao.dataobject.UserInviteInfoDOExample" resultType="java.lang.Long">
    select count(*) from b_user_invite_info
    <if test="_parameter != null">
      <include refid="Example_Where_Clause" />
    </if>
  </select>
  <update id="updateByExampleSelective" parameterType="map">
    update b_user_invite_info
    <set>
      <if test="record.id != null">
        id = #{record.id,jdbcType=BIGINT},
      </if>
      <if test="record.inviteId != null">
        invite_id = #{record.inviteId,jdbcType=BIGINT},
      </if>
      <if test="record.inviterUserId != null">
        inviter_user_id = #{record.inviterUserId,jdbcType=VARCHAR},
      </if>
      <if test="record.inviteeUserId != null">
        invitee_user_id = #{record.inviteeUserId,jdbcType=VARCHAR},
      </if>
      <if test="record.policyStatus != null">
        policy_status = #{record.policyStatus,jdbcType=TINYINT},
      </if>
      <if test="record.status != null">
        `status` = #{record.status,jdbcType=TINYINT},
      </if>
      <if test="record.createTime != null">
        create_time = #{record.createTime,jdbcType=TIMESTAMP},
      </if>
      <if test="record.createBy != null">
        create_by = #{record.createBy,jdbcType=VARCHAR},
      </if>
      <if test="record.updateTime != null">
        update_time = #{record.updateTime,jdbcType=TIMESTAMP},
      </if>
      <if test="record.updateBy != null">
        update_by = #{record.updateBy,jdbcType=VARCHAR},
      </if>
      <if test="record.delFlag != null">
        del_flag = #{record.delFlag,jdbcType=TINYINT},
      </if>
    </set>
    <if test="_parameter != null">
      <include refid="Update_By_Example_Where_Clause" />
    </if>
  </update>
  <update id="updateByExample" parameterType="map">
    update b_user_invite_info
    set id = #{record.id,jdbcType=BIGINT},
      invite_id = #{record.inviteId,jdbcType=BIGINT},
      inviter_user_id = #{record.inviterUserId,jdbcType=VARCHAR},
      invitee_user_id = #{record.inviteeUserId,jdbcType=VARCHAR},
      policy_status = #{record.policyStatus,jdbcType=TINYINT},
      `status` = #{record.status,jdbcType=TINYINT},
      create_time = #{record.createTime,jdbcType=TIMESTAMP},
      create_by = #{record.createBy,jdbcType=VARCHAR},
      update_time = #{record.updateTime,jdbcType=TIMESTAMP},
      update_by = #{record.updateBy,jdbcType=VARCHAR},
      del_flag = #{record.delFlag,jdbcType=TINYINT}
    <if test="_parameter != null">
      <include refid="Update_By_Example_Where_Clause" />
    </if>
  </update>
  <update id="updateByPrimaryKeySelective" parameterType="com.ekangji.policy.infrastructure.dao.dataobject.UserInviteInfoDO">
    update b_user_invite_info
    <set>
      <if test="inviteId != null">
        invite_id = #{inviteId,jdbcType=BIGINT},
      </if>
      <if test="inviterUserId != null">
        inviter_user_id = #{inviterUserId,jdbcType=VARCHAR},
      </if>
      <if test="inviteeUserId != null">
        invitee_user_id = #{inviteeUserId,jdbcType=VARCHAR},
      </if>
      <if test="policyStatus != null">
        policy_status = #{policyStatus,jdbcType=TINYINT},
      </if>
      <if test="status != null">
        `status` = #{status,jdbcType=TINYINT},
      </if>
      <if test="createTime != null">
        create_time = #{createTime,jdbcType=TIMESTAMP},
      </if>
      <if test="createBy != null">
        create_by = #{createBy,jdbcType=VARCHAR},
      </if>
      <if test="updateTime != null">
        update_time = #{updateTime,jdbcType=TIMESTAMP},
      </if>
      <if test="updateBy != null">
        update_by = #{updateBy,jdbcType=VARCHAR},
      </if>
      <if test="delFlag != null">
        del_flag = #{delFlag,jdbcType=TINYINT},
      </if>
    </set>
    where id = #{id,jdbcType=BIGINT}
  </update>
  <update id="updateByPrimaryKey" parameterType="com.ekangji.policy.infrastructure.dao.dataobject.UserInviteInfoDO">
    update b_user_invite_info
    set invite_id = #{inviteId,jdbcType=BIGINT},
      inviter_user_id = #{inviterUserId,jdbcType=VARCHAR},
      invitee_user_id = #{inviteeUserId,jdbcType=VARCHAR},
      policy_status = #{policyStatus,jdbcType=TINYINT},
      `status` = #{status,jdbcType=TINYINT},
      create_time = #{createTime,jdbcType=TIMESTAMP},
      create_by = #{createBy,jdbcType=VARCHAR},
      update_time = #{updateTime,jdbcType=TIMESTAMP},
      update_by = #{updateBy,jdbcType=VARCHAR},
      del_flag = #{delFlag,jdbcType=TINYINT}
    where id = #{id,jdbcType=BIGINT}
  </update>
  <select id="selectByExampleWithRowbounds" parameterType="com.ekangji.policy.infrastructure.dao.dataobject.UserInviteInfoDOExample" resultMap="BaseResultMap">
    select
    <if test="distinct">
      distinct
    </if>
    'true' as QUERYID,
    <include refid="Base_Column_List" />
    from b_user_invite_info
    <if test="_parameter != null">
      <include refid="Example_Where_Clause" />
    </if>
    <if test="orderByClause != null">
      order by ${orderByClause}
    </if>
  </select>
  <insert id="batchInsert" keyColumn="id" keyProperty="id" parameterType="map" useGeneratedKeys="true">
    insert into b_user_invite_info (invite_id, inviter_user_id, invitee_user_id, policy_status, `status`, create_time, create_by, update_time, update_by, del_flag)
    values
    <foreach collection="list" item="item" separator=",">
       (#{item.inviteId,jdbcType=BIGINT}, #{item.inviterUserId,jdbcType=VARCHAR}, #{item.inviteeUserId,jdbcType=VARCHAR}, #{item.policyStatus,jdbcType=TINYINT}, #{item.status,jdbcType=TINYINT}, #{item.createTime,jdbcType=TIMESTAMP}, #{item.createBy,jdbcType=VARCHAR}, #{item.updateTime,jdbcType=TIMESTAMP}, #{item.updateBy,jdbcType=VARCHAR}, #{item.delFlag,jdbcType=TINYINT})
    </foreach>
  </insert>
  <delete id="batchDelete" parameterType="java.lang.Long">
    delete from b_user_invite_info where id in (
    <foreach collection="ids" index="index" item="item" separator=",">
      #{item}
    </foreach>
    )
  </delete>
  <update id="batchUpdate" parameterType="java.util.List">
    update b_user_invite_info 
    <trim prefix="set" suffixOverrides=",">
      <trim prefix="invite_id =case id" suffix="end,">
        <foreach collection="recordList" index="index" item="item">
          <if test="item.inviteId !=null ">
            when #{item.id,jdbcType=BIGINT} then #{item.inviteId,jdbcType=BIGINT}
          </if>
          <if test="item.inviteId ==null ">
            when #{item.id,jdbcType=BIGINT} then b_user_invite_info.invite_id
          </if>
        </foreach>
      </trim>
      <trim prefix="inviter_user_id =case id" suffix="end,">
        <foreach collection="recordList" index="index" item="item">
          <if test="item.inviterUserId !=null ">
            when #{item.id,jdbcType=BIGINT} then #{item.inviterUserId,jdbcType=VARCHAR}
          </if>
          <if test="item.inviterUserId ==null ">
            when #{item.id,jdbcType=BIGINT} then b_user_invite_info.inviter_user_id
          </if>
        </foreach>
      </trim>
      <trim prefix="invitee_user_id =case id" suffix="end,">
        <foreach collection="recordList" index="index" item="item">
          <if test="item.inviteeUserId !=null ">
            when #{item.id,jdbcType=BIGINT} then #{item.inviteeUserId,jdbcType=VARCHAR}
          </if>
          <if test="item.inviteeUserId ==null ">
            when #{item.id,jdbcType=BIGINT} then b_user_invite_info.invitee_user_id
          </if>
        </foreach>
      </trim>
      <trim prefix="policy_status =case id" suffix="end,">
        <foreach collection="recordList" index="index" item="item">
          <if test="item.policyStatus !=null ">
            when #{item.id,jdbcType=BIGINT} then #{item.policyStatus,jdbcType=TINYINT}
          </if>
          <if test="item.policyStatus ==null ">
            when #{item.id,jdbcType=BIGINT} then b_user_invite_info.policy_status
          </if>
        </foreach>
      </trim>
      <trim prefix="status =case id" suffix="end,">
        <foreach collection="recordList" index="index" item="item">
          <if test="item.status !=null ">
            when #{item.id,jdbcType=BIGINT} then #{item.status,jdbcType=TINYINT}
          </if>
          <if test="item.status ==null ">
            when #{item.id,jdbcType=BIGINT} then b_user_invite_info.status
          </if>
        </foreach>
      </trim>
      <trim prefix="create_time =case id" suffix="end,">
        <foreach collection="recordList" index="index" item="item">
          <if test="item.createTime !=null ">
            when #{item.id,jdbcType=BIGINT} then #{item.createTime,jdbcType=TIMESTAMP}
          </if>
          <if test="item.createTime ==null ">
            when #{item.id,jdbcType=BIGINT} then b_user_invite_info.create_time
          </if>
        </foreach>
      </trim>
      <trim prefix="create_by =case id" suffix="end,">
        <foreach collection="recordList" index="index" item="item">
          <if test="item.createBy !=null ">
            when #{item.id,jdbcType=BIGINT} then #{item.createBy,jdbcType=VARCHAR}
          </if>
          <if test="item.createBy ==null ">
            when #{item.id,jdbcType=BIGINT} then b_user_invite_info.create_by
          </if>
        </foreach>
      </trim>
      <trim prefix="update_time =case id" suffix="end,">
        <foreach collection="recordList" index="index" item="item">
          <if test="item.updateTime !=null ">
            when #{item.id,jdbcType=BIGINT} then #{item.updateTime,jdbcType=TIMESTAMP}
          </if>
          <if test="item.updateTime ==null ">
            when #{item.id,jdbcType=BIGINT} then b_user_invite_info.update_time
          </if>
        </foreach>
      </trim>
      <trim prefix="update_by =case id" suffix="end,">
        <foreach collection="recordList" index="index" item="item">
          <if test="item.updateBy !=null ">
            when #{item.id,jdbcType=BIGINT} then #{item.updateBy,jdbcType=VARCHAR}
          </if>
          <if test="item.updateBy ==null ">
            when #{item.id,jdbcType=BIGINT} then b_user_invite_info.update_by
          </if>
        </foreach>
      </trim>
      <trim prefix="del_flag =case id" suffix="end,">
        <foreach collection="recordList" index="index" item="item">
          <if test="item.delFlag !=null ">
            when #{item.id,jdbcType=BIGINT} then #{item.delFlag,jdbcType=TINYINT}
          </if>
          <if test="item.delFlag ==null ">
            when #{item.id,jdbcType=BIGINT} then b_user_invite_info.del_flag
          </if>
        </foreach>
      </trim>
    </trim>
    where id in(
    <foreach collection="recordList" index="index" item="item" separator=",">
      #{item.id,jdbcType=BIGINT}
    </foreach>
    )
  </update>
  <select id="selectOneByExample" parameterType="com.ekangji.policy.infrastructure.dao.dataobject.UserInviteInfoDOExample" resultMap="BaseResultMap">
    select
    'true' as QUERYID,
    <include refid="Base_Column_List" />
    from b_user_invite_info
    <if test="_parameter != null">
      <include refid="Example_Where_Clause" />
    </if>
    <if test="orderByClause != null">
      order by ${orderByClause}
    </if>
    limit 1
  </select>
</mapper>