<?xml version="1.0" encoding="UTF-8"?>
<!DOCTYPE mapper PUBLIC "-//mybatis.org//DTD Mapper 3.0//EN" "http://mybatis.org/dtd/mybatis-3-mapper.dtd">
<mapper namespace="com.ekangji.manager.infrastructure.dao.primary.BannerMapper">
  <resultMap id="BaseResultMap" type="com.ekangji.policy.infrastructure.dao.dataobject.BannerDO">
    <id column="id" jdbcType="BIGINT" property="id" />
    <result column="client_channel" jdbcType="TINYINT" property="clientChannel" />
    <result column="show_postion" jdbcType="TINYINT" property="showPostion" />
    <result column="title" jdbcType="VARCHAR" property="title" />
    <result column="img_url" jdbcType="VARCHAR" property="imgUrl" />
    <result column="jump_url" jdbcType="VARCHAR" property="jumpUrl" />
    <result column="jump_type" jdbcType="TINYINT" property="jumpType" />
    <result column="status" jdbcType="TINYINT" property="status" />
    <result column="weight" jdbcType="INTEGER" property="weight" />
    <result column="banner_num" jdbcType="INTEGER" property="bannerNum" />
    <result column="create_time" jdbcType="TIMESTAMP" property="createTime" />
    <result column="create_by" jdbcType="VARCHAR" property="createBy" />
    <result column="update_time" jdbcType="TIMESTAMP" property="updateTime" />
    <result column="update_by" jdbcType="VARCHAR" property="updateBy" />
  </resultMap>
  <sql id="Example_Where_Clause">
    <where>
      <foreach collection="oredCriteria" item="criteria" separator="or">
        <if test="criteria.valid">
          <trim prefix="(" prefixOverrides="and" suffix=")">
            <foreach collection="criteria.criteria" item="criterion">
              <choose>
                <when test="criterion.noValue">
                  and ${criterion.condition}
                </when>
                <when test="criterion.singleValue">
                  and ${criterion.condition} #{criterion.value}
                </when>
                <when test="criterion.betweenValue">
                  and ${criterion.condition} #{criterion.value} and #{criterion.secondValue}
                </when>
                <when test="criterion.listValue">
                  and ${criterion.condition}
                  <foreach close=")" collection="criterion.value" item="listItem" open="(" separator=",">
                    #{listItem}
                  </foreach>
                </when>
              </choose>
            </foreach>
          </trim>
        </if>
      </foreach>
    </where>
  </sql>
  <sql id="Update_By_Example_Where_Clause">
    <where>
      <foreach collection="example.oredCriteria" item="criteria" separator="or">
        <if test="criteria.valid">
          <trim prefix="(" prefixOverrides="and" suffix=")">
            <foreach collection="criteria.criteria" item="criterion">
              <choose>
                <when test="criterion.noValue">
                  and ${criterion.condition}
                </when>
                <when test="criterion.singleValue">
                  and ${criterion.condition} #{criterion.value}
                </when>
                <when test="criterion.betweenValue">
                  and ${criterion.condition} #{criterion.value} and #{criterion.secondValue}
                </when>
                <when test="criterion.listValue">
                  and ${criterion.condition}
                  <foreach close=")" collection="criterion.value" item="listItem" open="(" separator=",">
                    #{listItem}
                  </foreach>
                </when>
              </choose>
            </foreach>
          </trim>
        </if>
      </foreach>
    </where>
  </sql>
  <sql id="Base_Column_List">
    id, client_channel, show_postion, title, img_url, jump_url, jump_type, `status`, 
    weight, banner_num, create_time, create_by, update_time, update_by
  </sql>
  <select id="selectByExample" parameterType="com.ekangji.policy.infrastructure.dao.dataobject.BannerDOExample" resultMap="BaseResultMap">
    select
    <if test="distinct">
      distinct
    </if>
    'true' as QUERYID,
    <include refid="Base_Column_List" />
    from b_banner
    <if test="_parameter != null">
      <include refid="Example_Where_Clause" />
    </if>
    <if test="orderByClause != null">
      order by ${orderByClause}
    </if>
  </select>
  <select id="selectByPrimaryKey" parameterType="java.lang.Long" resultMap="BaseResultMap">
    select 
    <include refid="Base_Column_List" />
    from b_banner
    where id = #{id,jdbcType=BIGINT}
  </select>
  <delete id="deleteByPrimaryKey" parameterType="java.lang.Long">
    delete from b_banner
    where id = #{id,jdbcType=BIGINT}
  </delete>
  <delete id="deleteByExample" parameterType="com.ekangji.policy.infrastructure.dao.dataobject.BannerDOExample">
    delete from b_banner
    <if test="_parameter != null">
      <include refid="Example_Where_Clause" />
    </if>
  </delete>
  <insert id="insert" parameterType="com.ekangji.policy.infrastructure.dao.dataobject.BannerDO">
    <selectKey keyProperty="id" order="AFTER" resultType="java.lang.Long">
      SELECT LAST_INSERT_ID()
    </selectKey>
    insert into b_banner (client_channel, show_postion, title, 
      img_url, jump_url, jump_type, 
      `status`, weight, banner_num,create_by,
      update_by)
    values (#{clientChannel,jdbcType=TINYINT}, #{showPostion,jdbcType=TINYINT}, #{title,jdbcType=VARCHAR}, 
      #{imgUrl,jdbcType=VARCHAR}, #{jumpUrl,jdbcType=VARCHAR}, #{jumpType,jdbcType=TINYINT}, 
      #{status,jdbcType=TINYINT}, #{weight,jdbcType=INTEGER}, #{bannerNum,jdbcType=INTEGER},  #{createBy,jdbcType=VARCHAR},
      #{updateBy,jdbcType=VARCHAR})
  </insert>
  <insert id="insertSelective" parameterType="com.ekangji.policy.infrastructure.dao.dataobject.BannerDO">
    <selectKey keyProperty="id" order="AFTER" resultType="java.lang.Long">
      SELECT LAST_INSERT_ID()
    </selectKey>
    insert into b_banner
    <trim prefix="(" suffix=")" suffixOverrides=",">
      <if test="clientChannel != null">
        client_channel,
      </if>
      <if test="showPostion != null">
        show_postion,
      </if>
      <if test="title != null">
        title,
      </if>
      <if test="imgUrl != null">
        img_url,
      </if>
      <if test="jumpUrl != null">
        jump_url,
      </if>
      <if test="jumpType != null">
        jump_type,
      </if>
      <if test="status != null">
        `status`,
      </if>
      <if test="weight != null">
        weight,
      </if>
      <if test="bannerNum != null">
        banner_num,
      </if>
      <if test="createTime != null">
        create_time,
      </if>
      <if test="createBy != null">
        create_by,
      </if>
      <if test="updateTime != null">
        update_time,
      </if>
      <if test="updateBy != null">
        update_by,
      </if>
    </trim>
    <trim prefix="values (" suffix=")" suffixOverrides=",">
      <if test="clientChannel != null">
        #{clientChannel,jdbcType=TINYINT},
      </if>
      <if test="showPostion != null">
        #{showPostion,jdbcType=TINYINT},
      </if>
      <if test="title != null">
        #{title,jdbcType=VARCHAR},
      </if>
      <if test="imgUrl != null">
        #{imgUrl,jdbcType=VARCHAR},
      </if>
      <if test="jumpUrl != null">
        #{jumpUrl,jdbcType=VARCHAR},
      </if>
      <if test="jumpType != null">
        #{jumpType,jdbcType=TINYINT},
      </if>
      <if test="status != null">
        #{status,jdbcType=TINYINT},
      </if>
      <if test="weight != null">
        #{weight,jdbcType=INTEGER},
      </if>
      <if test="bannerNum != null">
        #{bannerNum,jdbcType=INTEGER},
      </if>
      <if test="createTime != null">
        #{createTime,jdbcType=TIMESTAMP},
      </if>
      <if test="createBy != null">
        #{createBy,jdbcType=VARCHAR},
      </if>
      <if test="updateTime != null">
        #{updateTime,jdbcType=TIMESTAMP},
      </if>
      <if test="updateBy != null">
        #{updateBy,jdbcType=VARCHAR},
      </if>
    </trim>
  </insert>
  <select id="countByExample" parameterType="com.ekangji.policy.infrastructure.dao.dataobject.BannerDOExample" resultType="java.lang.Long">
    select count(*) from b_banner
    <if test="_parameter != null">
      <include refid="Example_Where_Clause" />
    </if>
  </select>
  <update id="updateByExampleSelective" parameterType="map">
    update b_banner
    <set>
      <if test="record.id != null">
        id = #{record.id,jdbcType=BIGINT},
      </if>
      <if test="record.clientChannel != null">
        client_channel = #{record.clientChannel,jdbcType=TINYINT},
      </if>
      <if test="record.showPostion != null">
        show_postion = #{record.showPostion,jdbcType=TINYINT},
      </if>
      <if test="record.title != null">
        title = #{record.title,jdbcType=VARCHAR},
      </if>
      <if test="record.imgUrl != null">
        img_url = #{record.imgUrl,jdbcType=VARCHAR},
      </if>
      <if test="record.jumpUrl != null">
        jump_url = #{record.jumpUrl,jdbcType=VARCHAR},
      </if>
      <if test="record.jumpType != null">
        jump_type = #{record.jumpType,jdbcType=TINYINT},
      </if>
      <if test="record.status != null">
        `status` = #{record.status,jdbcType=TINYINT},
      </if>
      <if test="record.weight != null">
        weight = #{record.weight,jdbcType=INTEGER},
      </if>
      <if test="record.bannerNum != null">
        banner_num = #{record.bannerNum,jdbcType=INTEGER},
      </if>
      <if test="record.createTime != null">
        create_time = #{record.createTime,jdbcType=TIMESTAMP},
      </if>
      <if test="record.createBy != null">
        create_by = #{record.createBy,jdbcType=VARCHAR},
      </if>
      <if test="record.updateTime != null">
        update_time = #{record.updateTime,jdbcType=TIMESTAMP},
      </if>
      <if test="record.updateBy != null">
        update_by = #{record.updateBy,jdbcType=VARCHAR},
      </if>
    </set>
    <if test="_parameter != null">
      <include refid="Update_By_Example_Where_Clause" />
    </if>
  </update>
  <update id="updateByExample" parameterType="map">
    update b_banner
    set id = #{record.id,jdbcType=BIGINT},
      client_channel = #{record.clientChannel,jdbcType=TINYINT},
      show_postion = #{record.showPostion,jdbcType=TINYINT},
      title = #{record.title,jdbcType=VARCHAR},
      img_url = #{record.imgUrl,jdbcType=VARCHAR},
      jump_url = #{record.jumpUrl,jdbcType=VARCHAR},
      jump_type = #{record.jumpType,jdbcType=TINYINT},
      `status` = #{record.status,jdbcType=TINYINT},
      weight = #{record.weight,jdbcType=INTEGER},
      banner_num = #{record.bannerNum,jdbcType=INTEGER},
      create_time = #{record.createTime,jdbcType=TIMESTAMP},
      create_by = #{record.createBy,jdbcType=VARCHAR},
      update_time = #{record.updateTime,jdbcType=TIMESTAMP},
      update_by = #{record.updateBy,jdbcType=VARCHAR}
    <if test="_parameter != null">
      <include refid="Update_By_Example_Where_Clause" />
    </if>
  </update>
  <update id="updateByPrimaryKeySelective" parameterType="com.ekangji.policy.infrastructure.dao.dataobject.BannerDO">
    update b_banner
    <set>
      <if test="clientChannel != null">
        client_channel = #{clientChannel,jdbcType=TINYINT},
      </if>
      <if test="showPostion != null">
        show_postion = #{showPostion,jdbcType=TINYINT},
      </if>
      <if test="title != null">
        title = #{title,jdbcType=VARCHAR},
      </if>
      <if test="imgUrl != null">
        img_url = #{imgUrl,jdbcType=VARCHAR},
      </if>
      <if test="jumpUrl != null">
        jump_url = #{jumpUrl,jdbcType=VARCHAR},
      </if>
      <if test="jumpType != null">
        jump_type = #{jumpType,jdbcType=TINYINT},
      </if>
      <if test="status != null">
        `status` = #{status,jdbcType=TINYINT},
      </if>
      <if test="weight != null">
        weight = #{weight,jdbcType=INTEGER},
      </if>
      <if test="bannerNum != null">
        banner_num = #{bannerNum,jdbcType=INTEGER},
      </if>
      <if test="createTime != null">
        create_time = #{createTime,jdbcType=TIMESTAMP},
      </if>
      <if test="createBy != null">
        create_by = #{createBy,jdbcType=VARCHAR},
      </if>
      <if test="updateTime != null">
        update_time = #{updateTime,jdbcType=TIMESTAMP},
      </if>
      <if test="updateBy != null">
        update_by = #{updateBy,jdbcType=VARCHAR},
      </if>
    </set>
    where id = #{id,jdbcType=BIGINT}
  </update>
  <update id="updateByPrimaryKey" parameterType="com.ekangji.policy.infrastructure.dao.dataobject.BannerDO">
    update b_banner
    set client_channel = #{clientChannel,jdbcType=TINYINT},
      show_postion = #{showPostion,jdbcType=TINYINT},
      title = #{title,jdbcType=VARCHAR},
      img_url = #{imgUrl,jdbcType=VARCHAR},
      jump_url = #{jumpUrl,jdbcType=VARCHAR},
      jump_type = #{jumpType,jdbcType=TINYINT},
      `status` = #{status,jdbcType=TINYINT},
      weight = #{weight,jdbcType=INTEGER},
      banner_num = #{bannerNum,jdbcType=INTEGER},
      create_time = #{createTime,jdbcType=TIMESTAMP},
      create_by = #{createBy,jdbcType=VARCHAR},
      update_time = #{updateTime,jdbcType=TIMESTAMP},
      update_by = #{updateBy,jdbcType=VARCHAR}
    where id = #{id,jdbcType=BIGINT}
  </update>
  <select id="selectByExampleWithRowbounds" parameterType="com.ekangji.policy.infrastructure.dao.dataobject.BannerDOExample" resultMap="BaseResultMap">
    select
    <if test="distinct">
      distinct
    </if>
    'true' as QUERYID,
    <include refid="Base_Column_List" />
    from b_banner
    <if test="_parameter != null">
      <include refid="Example_Where_Clause" />
    </if>
    <if test="orderByClause != null">
      order by ${orderByClause}
    </if>
  </select>
  <insert id="batchInsert" keyColumn="id" keyProperty="id" parameterType="map" useGeneratedKeys="true">
    insert into b_banner (client_channel, show_postion, title, img_url, jump_url, jump_type, `status`, weight, banner_num, create_time, create_by, update_time, update_by)
    values
    <foreach collection="list" item="item" separator=",">
       (#{item.clientChannel,jdbcType=TINYINT}, #{item.showPostion,jdbcType=TINYINT}, #{item.title,jdbcType=VARCHAR}, #{item.imgUrl,jdbcType=VARCHAR}, #{item.jumpUrl,jdbcType=VARCHAR}, #{item.jumpType,jdbcType=TINYINT}, #{item.status,jdbcType=TINYINT}, #{item.weight,jdbcType=INTEGER}, #{item.bannerNum,jdbcType=INTEGER}, #{item.createTime,jdbcType=TIMESTAMP}, #{item.createBy,jdbcType=VARCHAR}, #{item.updateTime,jdbcType=TIMESTAMP}, #{item.updateBy,jdbcType=VARCHAR})
    </foreach>
  </insert>
  <delete id="batchDelete" parameterType="java.lang.Long">
    delete from b_banner where id in (
    <foreach collection="ids" index="index" item="item" separator=",">
      #{item}
    </foreach>
    )
  </delete>
  <update id="batchUpdate" parameterType="java.util.List">
    update b_banner 
    <trim prefix="set" suffixOverrides=",">
      <trim prefix="client_channel =case id" suffix="end,">
        <foreach collection="recordList" index="index" item="item">
          <if test="item.clientChannel !=null ">
            when #{item.id,jdbcType=BIGINT} then #{item.clientChannel,jdbcType=TINYINT}
          </if>
          <if test="item.clientChannel ==null ">
            when #{item.id,jdbcType=BIGINT} then b_banner.client_channel
          </if>
        </foreach>
      </trim>
      <trim prefix="show_postion =case id" suffix="end,">
        <foreach collection="recordList" index="index" item="item">
          <if test="item.showPostion !=null ">
            when #{item.id,jdbcType=BIGINT} then #{item.showPostion,jdbcType=TINYINT}
          </if>
          <if test="item.showPostion ==null ">
            when #{item.id,jdbcType=BIGINT} then b_banner.show_postion
          </if>
        </foreach>
      </trim>
      <trim prefix="title =case id" suffix="end,">
        <foreach collection="recordList" index="index" item="item">
          <if test="item.title !=null ">
            when #{item.id,jdbcType=BIGINT} then #{item.title,jdbcType=VARCHAR}
          </if>
          <if test="item.title ==null ">
            when #{item.id,jdbcType=BIGINT} then b_banner.title
          </if>
        </foreach>
      </trim>
      <trim prefix="img_url =case id" suffix="end,">
        <foreach collection="recordList" index="index" item="item">
          <if test="item.imgUrl !=null ">
            when #{item.id,jdbcType=BIGINT} then #{item.imgUrl,jdbcType=VARCHAR}
          </if>
          <if test="item.imgUrl ==null ">
            when #{item.id,jdbcType=BIGINT} then b_banner.img_url
          </if>
        </foreach>
      </trim>
      <trim prefix="jump_url =case id" suffix="end,">
        <foreach collection="recordList" index="index" item="item">
          <if test="item.jumpUrl !=null ">
            when #{item.id,jdbcType=BIGINT} then #{item.jumpUrl,jdbcType=VARCHAR}
          </if>
          <if test="item.jumpUrl ==null ">
            when #{item.id,jdbcType=BIGINT} then b_banner.jump_url
          </if>
        </foreach>
      </trim>
      <trim prefix="jump_type =case id" suffix="end,">
        <foreach collection="recordList" index="index" item="item">
          <if test="item.jumpType !=null ">
            when #{item.id,jdbcType=BIGINT} then #{item.jumpType,jdbcType=TINYINT}
          </if>
          <if test="item.jumpType ==null ">
            when #{item.id,jdbcType=BIGINT} then b_banner.jump_type
          </if>
        </foreach>
      </trim>
      <trim prefix="status =case id" suffix="end,">
        <foreach collection="recordList" index="index" item="item">
          <if test="item.status !=null ">
            when #{item.id,jdbcType=BIGINT} then #{item.status,jdbcType=TINYINT}
          </if>
          <if test="item.status ==null ">
            when #{item.id,jdbcType=BIGINT} then b_banner.status
          </if>
        </foreach>
      </trim>
      <trim prefix="weight =case id" suffix="end,">
        <foreach collection="recordList" index="index" item="item">
          <if test="item.weight !=null ">
            when #{item.id,jdbcType=BIGINT} then #{item.weight,jdbcType=INTEGER}
          </if>
          <if test="item.weight ==null ">
            when #{item.id,jdbcType=BIGINT} then b_banner.weight
          </if>
        </foreach>
      </trim>
      <trim prefix="banner_num =case id" suffix="end,">
        <foreach collection="recordList" index="index" item="item">
          <if test="item.bannerNum !=null ">
            when #{item.id,jdbcType=BIGINT} then #{item.bannerNum,jdbcType=INTEGER}
          </if>
          <if test="item.bannerNum ==null ">
            when #{item.id,jdbcType=BIGINT} then b_banner.banner_num
          </if>
        </foreach>
      </trim>
      <trim prefix="create_time =case id" suffix="end,">
        <foreach collection="recordList" index="index" item="item">
          <if test="item.createTime !=null ">
            when #{item.id,jdbcType=BIGINT} then #{item.createTime,jdbcType=TIMESTAMP}
          </if>
          <if test="item.createTime ==null ">
            when #{item.id,jdbcType=BIGINT} then b_banner.create_time
          </if>
        </foreach>
      </trim>
      <trim prefix="create_by =case id" suffix="end,">
        <foreach collection="recordList" index="index" item="item">
          <if test="item.createBy !=null ">
            when #{item.id,jdbcType=BIGINT} then #{item.createBy,jdbcType=VARCHAR}
          </if>
          <if test="item.createBy ==null ">
            when #{item.id,jdbcType=BIGINT} then b_banner.create_by
          </if>
        </foreach>
      </trim>
      <trim prefix="update_time =case id" suffix="end,">
        <foreach collection="recordList" index="index" item="item">
          <if test="item.updateTime !=null ">
            when #{item.id,jdbcType=BIGINT} then #{item.updateTime,jdbcType=TIMESTAMP}
          </if>
          <if test="item.updateTime ==null ">
            when #{item.id,jdbcType=BIGINT} then b_banner.update_time
          </if>
        </foreach>
      </trim>
      <trim prefix="update_by =case id" suffix="end,">
        <foreach collection="recordList" index="index" item="item">
          <if test="item.updateBy !=null ">
            when #{item.id,jdbcType=BIGINT} then #{item.updateBy,jdbcType=VARCHAR}
          </if>
          <if test="item.updateBy ==null ">
            when #{item.id,jdbcType=BIGINT} then b_banner.update_by
          </if>
        </foreach>
      </trim>
    </trim>
    where id in(
    <foreach collection="recordList" index="index" item="item" separator=",">
      #{item.id,jdbcType=BIGINT}
    </foreach>
    )
  </update>
  <select id="selectOneByExample" parameterType="com.ekangji.policy.infrastructure.dao.dataobject.BannerDOExample" resultMap="BaseResultMap">
    select
    'true' as QUERYID,
    <include refid="Base_Column_List" />
    from b_banner
    <if test="_parameter != null">
      <include refid="Example_Where_Clause" />
    </if>
    <if test="orderByClause != null">
      order by ${orderByClause}
    </if>
    limit 1
  </select>
</mapper>