<?xml version="1.0" encoding="UTF-8"?>
<!DOCTYPE mapper PUBLIC "-//mybatis.org//DTD Mapper 3.0//EN" "http://mybatis.org/dtd/mybatis-3-mapper.dtd">
<mapper namespace="com.ekangji.policy.infrastructure.dao.primary.DictTypeMapper">
  <resultMap id="BaseResultMap" type="com.ekangji.policy.infrastructure.dao.dataobject.DictTypeDO">
    <id column="dict_id" jdbcType="BIGINT" property="dictId" />
    <result column="dict_name" jdbcType="VARCHAR" property="dictName" />
    <result column="dict_type" jdbcType="VARCHAR" property="dictType" />
    <result column="status" jdbcType="BIT" property="status" />
    <result column="create_by" jdbcType="VARCHAR" property="createBy" />
    <result column="create_time" jdbcType="TIMESTAMP" property="createTime" />
    <result column="update_by" jdbcType="VARCHAR" property="updateBy" />
    <result column="update_time" jdbcType="TIMESTAMP" property="updateTime" />
    <result column="remark" jdbcType="VARCHAR" property="remark" />
  </resultMap>
  <sql id="Example_Where_Clause">
    <where>
      <foreach collection="oredCriteria" item="criteria" separator="or">
        <if test="criteria.valid">
          <trim prefix="(" prefixOverrides="and" suffix=")">
            <foreach collection="criteria.criteria" item="criterion">
              <choose>
                <when test="criterion.noValue">
                  and ${criterion.condition}
                </when>
                <when test="criterion.singleValue">
                  and ${criterion.condition} #{criterion.value}
                </when>
                <when test="criterion.betweenValue">
                  and ${criterion.condition} #{criterion.value} and #{criterion.secondValue}
                </when>
                <when test="criterion.listValue">
                  and ${criterion.condition}
                  <foreach close=")" collection="criterion.value" item="listItem" open="(" separator=",">
                    #{listItem}
                  </foreach>
                </when>
              </choose>
            </foreach>
          </trim>
        </if>
      </foreach>
    </where>
  </sql>
  <sql id="Update_By_Example_Where_Clause">
    <where>
      <foreach collection="example.oredCriteria" item="criteria" separator="or">
        <if test="criteria.valid">
          <trim prefix="(" prefixOverrides="and" suffix=")">
            <foreach collection="criteria.criteria" item="criterion">
              <choose>
                <when test="criterion.noValue">
                  and ${criterion.condition}
                </when>
                <when test="criterion.singleValue">
                  and ${criterion.condition} #{criterion.value}
                </when>
                <when test="criterion.betweenValue">
                  and ${criterion.condition} #{criterion.value} and #{criterion.secondValue}
                </when>
                <when test="criterion.listValue">
                  and ${criterion.condition}
                  <foreach close=")" collection="criterion.value" item="listItem" open="(" separator=",">
                    #{listItem}
                  </foreach>
                </when>
              </choose>
            </foreach>
          </trim>
        </if>
      </foreach>
    </where>
  </sql>
  <sql id="Base_Column_List">
    dict_id, dict_name, dict_type, `status`, create_by, create_time, update_by, update_time, 
    remark
  </sql>
  <select id="selectByExample" parameterType="com.ekangji.policy.infrastructure.dao.dataobject.DictTypeDOExample" resultMap="BaseResultMap">
    select
    <if test="distinct">
      distinct
    </if>
    'true' as QUERYID,
    <include refid="Base_Column_List" />
    from dict_type
    <if test="_parameter != null">
      <include refid="Example_Where_Clause" />
    </if>
    <if test="orderByClause != null">
      order by ${orderByClause}
    </if>
  </select>
  <select id="selectByPrimaryKey" parameterType="java.lang.Long" resultMap="BaseResultMap">
    select 
    <include refid="Base_Column_List" />
    from dict_type
    where dict_id = #{dictId,jdbcType=BIGINT}
  </select>
  <delete id="deleteByPrimaryKey" parameterType="java.lang.Long">
    delete from dict_type
    where dict_id = #{dictId,jdbcType=BIGINT}
  </delete>
  <delete id="deleteByExample" parameterType="com.ekangji.policy.infrastructure.dao.dataobject.DictTypeDOExample">
    delete from dict_type
    <if test="_parameter != null">
      <include refid="Example_Where_Clause" />
    </if>
  </delete>
  <insert id="insert" parameterType="com.ekangji.policy.infrastructure.dao.dataobject.DictTypeDO">
    <selectKey keyProperty="dictId" order="AFTER" resultType="java.lang.Long">
      SELECT LAST_INSERT_ID()
    </selectKey>
    insert into dict_type (dict_name, dict_type, `status`, 
      create_by, create_time, update_by, 
      update_time, remark)
    values (#{dictName,jdbcType=VARCHAR}, #{dictType,jdbcType=VARCHAR}, #{status,jdbcType=BIT}, 
      #{createBy,jdbcType=VARCHAR}, #{createTime,jdbcType=TIMESTAMP}, #{updateBy,jdbcType=VARCHAR}, 
      #{updateTime,jdbcType=TIMESTAMP}, #{remark,jdbcType=VARCHAR})
  </insert>
  <insert id="insertSelective" parameterType="com.ekangji.policy.infrastructure.dao.dataobject.DictTypeDO">
    <selectKey keyProperty="dictId" order="AFTER" resultType="java.lang.Long">
      SELECT LAST_INSERT_ID()
    </selectKey>
    insert into dict_type
    <trim prefix="(" suffix=")" suffixOverrides=",">
      <if test="dictName != null">
        dict_name,
      </if>
      <if test="dictType != null">
        dict_type,
      </if>
      <if test="status != null">
        `status`,
      </if>
      <if test="createBy != null">
        create_by,
      </if>
      <if test="createTime != null">
        create_time,
      </if>
      <if test="updateBy != null">
        update_by,
      </if>
      <if test="updateTime != null">
        update_time,
      </if>
      <if test="remark != null">
        remark,
      </if>
    </trim>
    <trim prefix="values (" suffix=")" suffixOverrides=",">
      <if test="dictName != null">
        #{dictName,jdbcType=VARCHAR},
      </if>
      <if test="dictType != null">
        #{dictType,jdbcType=VARCHAR},
      </if>
      <if test="status != null">
        #{status,jdbcType=BIT},
      </if>
      <if test="createBy != null">
        #{createBy,jdbcType=VARCHAR},
      </if>
      <if test="createTime != null">
        #{createTime,jdbcType=TIMESTAMP},
      </if>
      <if test="updateBy != null">
        #{updateBy,jdbcType=VARCHAR},
      </if>
      <if test="updateTime != null">
        #{updateTime,jdbcType=TIMESTAMP},
      </if>
      <if test="remark != null">
        #{remark,jdbcType=VARCHAR},
      </if>
    </trim>
  </insert>
  <select id="countByExample" parameterType="com.ekangji.policy.infrastructure.dao.dataobject.DictTypeDOExample" resultType="java.lang.Long">
    select count(*) from dict_type
    <if test="_parameter != null">
      <include refid="Example_Where_Clause" />
    </if>
  </select>
  <update id="updateByExampleSelective" parameterType="map">
    update dict_type
    <set>
      <if test="record.dictId != null">
        dict_id = #{record.dictId,jdbcType=BIGINT},
      </if>
      <if test="record.dictName != null">
        dict_name = #{record.dictName,jdbcType=VARCHAR},
      </if>
      <if test="record.dictType != null">
        dict_type = #{record.dictType,jdbcType=VARCHAR},
      </if>
      <if test="record.status != null">
        `status` = #{record.status,jdbcType=BIT},
      </if>
      <if test="record.createBy != null">
        create_by = #{record.createBy,jdbcType=VARCHAR},
      </if>
      <if test="record.createTime != null">
        create_time = #{record.createTime,jdbcType=TIMESTAMP},
      </if>
      <if test="record.updateBy != null">
        update_by = #{record.updateBy,jdbcType=VARCHAR},
      </if>
      <if test="record.updateTime != null">
        update_time = #{record.updateTime,jdbcType=TIMESTAMP},
      </if>
      <if test="record.remark != null">
        remark = #{record.remark,jdbcType=VARCHAR},
      </if>
    </set>
    <if test="_parameter != null">
      <include refid="Update_By_Example_Where_Clause" />
    </if>
  </update>
  <update id="updateByExample" parameterType="map">
    update dict_type
    set dict_id = #{record.dictId,jdbcType=BIGINT},
      dict_name = #{record.dictName,jdbcType=VARCHAR},
      dict_type = #{record.dictType,jdbcType=VARCHAR},
      `status` = #{record.status,jdbcType=BIT},
      create_by = #{record.createBy,jdbcType=VARCHAR},
      create_time = #{record.createTime,jdbcType=TIMESTAMP},
      update_by = #{record.updateBy,jdbcType=VARCHAR},
      update_time = #{record.updateTime,jdbcType=TIMESTAMP},
      remark = #{record.remark,jdbcType=VARCHAR}
    <if test="_parameter != null">
      <include refid="Update_By_Example_Where_Clause" />
    </if>
  </update>
  <update id="updateByPrimaryKeySelective" parameterType="com.ekangji.policy.infrastructure.dao.dataobject.DictTypeDO">
    update dict_type
    <set>
      <if test="dictName != null">
        dict_name = #{dictName,jdbcType=VARCHAR},
      </if>
      <if test="dictType != null">
        dict_type = #{dictType,jdbcType=VARCHAR},
      </if>
      <if test="status != null">
        `status` = #{status,jdbcType=BIT},
      </if>
      <if test="createBy != null">
        create_by = #{createBy,jdbcType=VARCHAR},
      </if>
      <if test="createTime != null">
        create_time = #{createTime,jdbcType=TIMESTAMP},
      </if>
      <if test="updateBy != null">
        update_by = #{updateBy,jdbcType=VARCHAR},
      </if>
      <if test="updateTime != null">
        update_time = #{updateTime,jdbcType=TIMESTAMP},
      </if>
      <if test="remark != null">
        remark = #{remark,jdbcType=VARCHAR},
      </if>
    </set>
    where dict_id = #{dictId,jdbcType=BIGINT}
  </update>
  <update id="updateByPrimaryKey" parameterType="com.ekangji.policy.infrastructure.dao.dataobject.DictTypeDO">
    update dict_type
    set dict_name = #{dictName,jdbcType=VARCHAR},
      dict_type = #{dictType,jdbcType=VARCHAR},
      `status` = #{status,jdbcType=BIT},
      create_by = #{createBy,jdbcType=VARCHAR},
      create_time = #{createTime,jdbcType=TIMESTAMP},
      update_by = #{updateBy,jdbcType=VARCHAR},
      update_time = #{updateTime,jdbcType=TIMESTAMP},
      remark = #{remark,jdbcType=VARCHAR}
    where dict_id = #{dictId,jdbcType=BIGINT}
  </update>
  <select id="selectByExampleWithRowbounds" parameterType="com.ekangji.policy.infrastructure.dao.dataobject.DictTypeDOExample" resultMap="BaseResultMap">
    select
    <if test="distinct">
      distinct
    </if>
    'true' as QUERYID,
    <include refid="Base_Column_List" />
    from dict_type
    <if test="_parameter != null">
      <include refid="Example_Where_Clause" />
    </if>
    <if test="orderByClause != null">
      order by ${orderByClause}
    </if>
  </select>
</mapper>