<?xml version="1.0" encoding="UTF-8"?>
<!DOCTYPE mapper PUBLIC "-//mybatis.org//DTD Mapper 3.0//EN" "http://mybatis.org/dtd/mybatis-3-mapper.dtd">
<mapper namespace="com.ekangji.policy.infrastructure.dao.primary.InsuranceInfoMapper">
  <resultMap id="BaseResultMap" type="com.ekangji.policy.infrastructure.dao.dataobject.InsuranceInfoDO">
    <id column="id" jdbcType="BIGINT" property="id" />
    <result column="quotation_no" jdbcType="VARCHAR" property="quotationNo" />
    <result column="premium" jdbcType="DECIMAL" property="premium" />
    <result column="channel_name" jdbcType="VARCHAR" property="channelName" />
    <result column="is_public" jdbcType="TINYINT" property="isPublic" />
    <result column="age" jdbcType="TINYINT" property="age" />
    <result column="sex" jdbcType="TINYINT" property="sex" />
    <result column="id_no" jdbcType="VARCHAR" property="idNo" />
    <result column="sale_channel_type" jdbcType="CHAR" property="saleChannelType" />
    <result column="create_time" jdbcType="TIMESTAMP" property="createTime" />
  </resultMap>
  <sql id="Example_Where_Clause">
    <where>
      <foreach collection="oredCriteria" item="criteria" separator="or">
        <if test="criteria.valid">
          <trim prefix="(" prefixOverrides="and" suffix=")">
            <foreach collection="criteria.criteria" item="criterion">
              <choose>
                <when test="criterion.noValue">
                  and ${criterion.condition}
                </when>
                <when test="criterion.singleValue">
                  and ${criterion.condition} #{criterion.value}
                </when>
                <when test="criterion.betweenValue">
                  and ${criterion.condition} #{criterion.value} and #{criterion.secondValue}
                </when>
                <when test="criterion.listValue">
                  and ${criterion.condition}
                  <foreach close=")" collection="criterion.value" item="listItem" open="(" separator=",">
                    #{listItem}
                  </foreach>
                </when>
              </choose>
            </foreach>
          </trim>
        </if>
      </foreach>
    </where>
  </sql>
  <sql id="Update_By_Example_Where_Clause">
    <where>
      <foreach collection="example.oredCriteria" item="criteria" separator="or">
        <if test="criteria.valid">
          <trim prefix="(" prefixOverrides="and" suffix=")">
            <foreach collection="criteria.criteria" item="criterion">
              <choose>
                <when test="criterion.noValue">
                  and ${criterion.condition}
                </when>
                <when test="criterion.singleValue">
                  and ${criterion.condition} #{criterion.value}
                </when>
                <when test="criterion.betweenValue">
                  and ${criterion.condition} #{criterion.value} and #{criterion.secondValue}
                </when>
                <when test="criterion.listValue">
                  and ${criterion.condition}
                  <foreach close=")" collection="criterion.value" item="listItem" open="(" separator=",">
                    #{listItem}
                  </foreach>
                </when>
              </choose>
            </foreach>
          </trim>
        </if>
      </foreach>
    </where>
  </sql>
  <sql id="Base_Column_List">
    id, quotation_no, premium, channel_name, is_public, age, sex, id_no, sale_channel_type,
    create_time
  </sql>
  <select id="selectByExample" parameterType="com.ekangji.policy.infrastructure.dao.dataobject.InsuranceInfoDOExample" resultMap="BaseResultMap">
    select
    <if test="distinct">
      distinct
    </if>
    'true' as QUERYID,
    <include refid="Base_Column_List" />
    from insurance_info
    <if test="_parameter != null">
      <include refid="Example_Where_Clause" />
    </if>
    <if test="orderByClause != null">
      order by ${orderByClause}
    </if>
  </select>
  <select id="selectByPrimaryKey" parameterType="java.lang.Long" resultMap="BaseResultMap">
    select
    <include refid="Base_Column_List" />
    from insurance_info
    where id = #{id,jdbcType=BIGINT}
  </select>
  <delete id="deleteByPrimaryKey" parameterType="java.lang.Long">
    delete from insurance_info
    where id = #{id,jdbcType=BIGINT}
  </delete>
  <delete id="deleteByExample" parameterType="com.ekangji.policy.infrastructure.dao.dataobject.InsuranceInfoDOExample">
    delete from insurance_info
    <if test="_parameter != null">
      <include refid="Example_Where_Clause" />
    </if>
  </delete>
  <insert id="insert" parameterType="com.ekangji.policy.infrastructure.dao.dataobject.InsuranceInfoDO">
    <selectKey keyProperty="id" order="AFTER" resultType="java.lang.Long">
      SELECT LAST_INSERT_ID()
    </selectKey>
    insert into insurance_info (quotation_no, premium, channel_name,
    is_public, age, sex,
    id_no, sale_channel_type, create_time
    )
    values (#{quotationNo,jdbcType=VARCHAR}, #{premium,jdbcType=DECIMAL}, #{channelName,jdbcType=VARCHAR},
    #{isPublic,jdbcType=TINYINT}, #{age,jdbcType=TINYINT}, #{sex,jdbcType=TINYINT},
    #{idNo,jdbcType=VARCHAR}, #{saleChannelType,jdbcType=CHAR}, #{createTime,jdbcType=TIMESTAMP}
    )
  </insert>
  <insert id="insertSelective" parameterType="com.ekangji.policy.infrastructure.dao.dataobject.InsuranceInfoDO">
    <selectKey keyProperty="id" order="AFTER" resultType="java.lang.Long">
      SELECT LAST_INSERT_ID()
    </selectKey>
    insert into insurance_info
    <trim prefix="(" suffix=")" suffixOverrides=",">
      <if test="quotationNo != null">
        quotation_no,
      </if>
      <if test="premium != null">
        premium,
      </if>
      <if test="channelName != null">
        channel_name,
      </if>
      <if test="isPublic != null">
        is_public,
      </if>
      <if test="age != null">
        age,
      </if>
      <if test="sex != null">
        sex,
      </if>
      <if test="idNo != null">
        id_no,
      </if>
      <if test="saleChannelType != null">
        sale_channel_type,
      </if>
      <if test="createTime != null">
        create_time,
      </if>
    </trim>
    <trim prefix="values (" suffix=")" suffixOverrides=",">
      <if test="quotationNo != null">
        #{quotationNo,jdbcType=VARCHAR},
      </if>
      <if test="premium != null">
        #{premium,jdbcType=DECIMAL},
      </if>
      <if test="channelName != null">
        #{channelName,jdbcType=VARCHAR},
      </if>
      <if test="isPublic != null">
        #{isPublic,jdbcType=TINYINT},
      </if>
      <if test="age != null">
        #{age,jdbcType=TINYINT},
      </if>
      <if test="sex != null">
        #{sex,jdbcType=TINYINT},
      </if>
      <if test="idNo != null">
        #{idNo,jdbcType=VARCHAR},
      </if>
      <if test="saleChannelType != null">
        #{saleChannelType,jdbcType=CHAR},
      </if>
      <if test="createTime != null">
        #{createTime,jdbcType=TIMESTAMP},
      </if>
    </trim>
  </insert>
  <select id="countByExample" parameterType="com.ekangji.policy.infrastructure.dao.dataobject.InsuranceInfoDOExample" resultType="java.lang.Long">
    select count(*) from insurance_info
    <if test="_parameter != null">
      <include refid="Example_Where_Clause" />
    </if>
  </select>
  <update id="updateByExampleSelective" parameterType="map">
    update insurance_info
    <set>
      <if test="record.id != null">
        id = #{record.id,jdbcType=BIGINT},
      </if>
      <if test="record.quotationNo != null">
        quotation_no = #{record.quotationNo,jdbcType=VARCHAR},
      </if>
      <if test="record.premium != null">
        premium = #{record.premium,jdbcType=DECIMAL},
      </if>
      <if test="record.channelName != null">
        channel_name = #{record.channelName,jdbcType=VARCHAR},
      </if>
      <if test="record.isPublic != null">
        is_public = #{record.isPublic,jdbcType=TINYINT},
      </if>
      <if test="record.age != null">
        age = #{record.age,jdbcType=TINYINT},
      </if>
      <if test="record.sex != null">
        sex = #{record.sex,jdbcType=TINYINT},
      </if>
      <if test="record.idNo != null">
        id_no = #{record.idNo,jdbcType=VARCHAR},
      </if>
      <if test="record.saleChannelType != null">
        sale_channel_type = #{record.saleChannelType,jdbcType=CHAR},
      </if>
      <if test="record.createTime != null">
        create_time = #{record.createTime,jdbcType=TIMESTAMP},
      </if>
    </set>
    <if test="_parameter != null">
      <include refid="Update_By_Example_Where_Clause" />
    </if>
  </update>
  <update id="updateByExample" parameterType="map">
    update insurance_info
    set id = #{record.id,jdbcType=BIGINT},
    quotation_no = #{record.quotationNo,jdbcType=VARCHAR},
    premium = #{record.premium,jdbcType=DECIMAL},
    channel_name = #{record.channelName,jdbcType=VARCHAR},
    is_public = #{record.isPublic,jdbcType=TINYINT},
    age = #{record.age,jdbcType=TINYINT},
    sex = #{record.sex,jdbcType=TINYINT},
    id_no = #{record.idNo,jdbcType=VARCHAR},
    sale_channel_type = #{record.saleChannelType,jdbcType=CHAR},
    create_time = #{record.createTime,jdbcType=TIMESTAMP}
    <if test="_parameter != null">
      <include refid="Update_By_Example_Where_Clause" />
    </if>
  </update>
  <update id="updateByPrimaryKeySelective" parameterType="com.ekangji.policy.infrastructure.dao.dataobject.InsuranceInfoDO">
    update insurance_info
    <set>
      <if test="quotationNo != null">
        quotation_no = #{quotationNo,jdbcType=VARCHAR},
      </if>
      <if test="premium != null">
        premium = #{premium,jdbcType=DECIMAL},
      </if>
      <if test="channelName != null">
        channel_name = #{channelName,jdbcType=VARCHAR},
      </if>
      <if test="isPublic != null">
        is_public = #{isPublic,jdbcType=TINYINT},
      </if>
      <if test="age != null">
        age = #{age,jdbcType=TINYINT},
      </if>
      <if test="sex != null">
        sex = #{sex,jdbcType=TINYINT},
      </if>
      <if test="idNo != null">
        id_no = #{idNo,jdbcType=VARCHAR},
      </if>
      <if test="saleChannelType != null">
        sale_channel_type = #{saleChannelType,jdbcType=CHAR},
      </if>
      <if test="createTime != null">
        create_time = #{createTime,jdbcType=TIMESTAMP},
      </if>
    </set>
    where id = #{id,jdbcType=BIGINT}
  </update>
  <update id="updateByPrimaryKey" parameterType="com.ekangji.policy.infrastructure.dao.dataobject.InsuranceInfoDO">
    update insurance_info
    set quotation_no = #{quotationNo,jdbcType=VARCHAR},
        premium = #{premium,jdbcType=DECIMAL},
        channel_name = #{channelName,jdbcType=VARCHAR},
        is_public = #{isPublic,jdbcType=TINYINT},
        age = #{age,jdbcType=TINYINT},
        sex = #{sex,jdbcType=TINYINT},
        id_no = #{idNo,jdbcType=VARCHAR},
        sale_channel_type = #{saleChannelType,jdbcType=CHAR},
        create_time = #{createTime,jdbcType=TIMESTAMP}
    where id = #{id,jdbcType=BIGINT}
  </update>
  <select id="selectByExampleWithRowbounds" parameterType="com.ekangji.policy.infrastructure.dao.dataobject.InsuranceInfoDOExample" resultMap="BaseResultMap">
    select
    <if test="distinct">
      distinct
    </if>
    'true' as QUERYID,
    <include refid="Base_Column_List" />
    from insurance_info
    <if test="_parameter != null">
      <include refid="Example_Where_Clause" />
    </if>
    <if test="orderByClause != null">
      order by ${orderByClause}
    </if>
  </select>
  <insert id="batchInsert" keyColumn="id" keyProperty="id" parameterType="map" useGeneratedKeys="true">
    insert into insurance_info (quotation_no, premium, channel_name, is_public, age, sex, id_no, sale_channel_type, create_time)
    values
    <foreach collection="list" item="item" separator=",">
      (#{item.quotationNo,jdbcType=VARCHAR}, #{item.premium,jdbcType=DECIMAL}, #{item.channelName,jdbcType=VARCHAR}, #{item.isPublic,jdbcType=TINYINT}, #{item.age,jdbcType=TINYINT}, #{item.sex,jdbcType=TINYINT}, #{item.idNo,jdbcType=VARCHAR}, #{item.saleChannelType,jdbcType=CHAR}, #{item.createTime,jdbcType=TIMESTAMP})
    </foreach>
  </insert>
  <delete id="batchDelete" parameterType="java.lang.Long">
    delete from insurance_info where id in (
    <foreach collection="ids" index="index" item="item" separator=",">
      #{item}
    </foreach>
    )
  </delete>
  <update id="batchUpdate" parameterType="java.util.List">
    update insurance_info
    <trim prefix="set" suffixOverrides=",">
      <trim prefix="quotation_no =case id" suffix="end,">
        <foreach collection="recordList" index="index" item="item">
          <if test="item.quotationNo !=null ">
            when #{item.id,jdbcType=BIGINT} then #{item.quotationNo,jdbcType=VARCHAR}
          </if>
          <if test="item.quotationNo ==null ">
            when #{item.id,jdbcType=BIGINT} then insurance_info.quotation_no
          </if>
        </foreach>
      </trim>
      <trim prefix="premium =case id" suffix="end,">
        <foreach collection="recordList" index="index" item="item">
          <if test="item.premium !=null ">
            when #{item.id,jdbcType=BIGINT} then #{item.premium,jdbcType=DECIMAL}
          </if>
          <if test="item.premium ==null ">
            when #{item.id,jdbcType=BIGINT} then insurance_info.premium
          </if>
        </foreach>
      </trim>
      <trim prefix="channel_name =case id" suffix="end,">
        <foreach collection="recordList" index="index" item="item">
          <if test="item.channelName !=null ">
            when #{item.id,jdbcType=BIGINT} then #{item.channelName,jdbcType=VARCHAR}
          </if>
          <if test="item.channelName ==null ">
            when #{item.id,jdbcType=BIGINT} then insurance_info.channel_name
          </if>
        </foreach>
      </trim>
      <trim prefix="is_public =case id" suffix="end,">
        <foreach collection="recordList" index="index" item="item">
          <if test="item.isPublic !=null ">
            when #{item.id,jdbcType=BIGINT} then #{item.isPublic,jdbcType=TINYINT}
          </if>
          <if test="item.isPublic ==null ">
            when #{item.id,jdbcType=BIGINT} then insurance_info.is_public
          </if>
        </foreach>
      </trim>
      <trim prefix="age =case id" suffix="end,">
        <foreach collection="recordList" index="index" item="item">
          <if test="item.age !=null ">
            when #{item.id,jdbcType=BIGINT} then #{item.age,jdbcType=TINYINT}
          </if>
          <if test="item.age ==null ">
            when #{item.id,jdbcType=BIGINT} then insurance_info.age
          </if>
        </foreach>
      </trim>
      <trim prefix="sex =case id" suffix="end,">
        <foreach collection="recordList" index="index" item="item">
          <if test="item.sex !=null ">
            when #{item.id,jdbcType=BIGINT} then #{item.sex,jdbcType=TINYINT}
          </if>
          <if test="item.sex ==null ">
            when #{item.id,jdbcType=BIGINT} then insurance_info.sex
          </if>
        </foreach>
      </trim>
      <trim prefix="id_no =case id" suffix="end,">
        <foreach collection="recordList" index="index" item="item">
          <if test="item.idNo !=null ">
            when #{item.id,jdbcType=BIGINT} then #{item.idNo,jdbcType=VARCHAR}
          </if>
          <if test="item.idNo ==null ">
            when #{item.id,jdbcType=BIGINT} then insurance_info.id_no
          </if>
        </foreach>
      </trim>
      <trim prefix="sale_channel_type =case id" suffix="end,">
        <foreach collection="recordList" index="index" item="item">
          <if test="item.saleChannelType !=null ">
            when #{item.id,jdbcType=BIGINT} then #{item.saleChannelType,jdbcType=CHAR}
          </if>
          <if test="item.saleChannelType ==null ">
            when #{item.id,jdbcType=BIGINT} then insurance_info.sale_channel_type
          </if>
        </foreach>
      </trim>
      <trim prefix="create_time =case id" suffix="end,">
        <foreach collection="recordList" index="index" item="item">
          <if test="item.createTime !=null ">
            when #{item.id,jdbcType=BIGINT} then #{item.createTime,jdbcType=TIMESTAMP}
          </if>
          <if test="item.createTime ==null ">
            when #{item.id,jdbcType=BIGINT} then insurance_info.create_time
          </if>
        </foreach>
      </trim>
    </trim>
    where id in(
    <foreach collection="recordList" index="index" item="item" separator=",">
      #{item.id,jdbcType=BIGINT}
    </foreach>
    )
  </update>
  <select id="selectOneByExample" parameterType="com.ekangji.policy.infrastructure.dao.dataobject.InsuranceInfoDOExample" resultMap="BaseResultMap">
    select
    'true' as QUERYID,
    <include refid="Base_Column_List" />
    from insurance_info
    <if test="_parameter != null">
      <include refid="Example_Where_Clause" />
    </if>
    <if test="orderByClause != null">
      order by ${orderByClause}
    </if>
    limit 1
  </select>
</mapper>