<?xml version="1.0" encoding="UTF-8"?>
<!DOCTYPE mapper PUBLIC "-//mybatis.org//DTD Mapper 3.0//EN" "http://mybatis.org/dtd/mybatis-3-mapper.dtd">
<mapper namespace="com.ekangji.policy.infrastructure.dao.primary.RelPolicyPeopleMapper">
  <resultMap id="BaseResultMap" type="com.ekangji.policy.infrastructure.dao.dataobject.RelPolicyPeopleDO">
    <id column="id" jdbcType="BIGINT" property="id" />
    <result column="quotation_no" jdbcType="VARCHAR" property="quotationNo" />
    <result column="product_code" jdbcType="VARCHAR" property="productCode" />
    <result column="name" jdbcType="VARCHAR" property="name" />
    <result column="id_no" jdbcType="VARCHAR" property="idNo" />
    <result column="age" jdbcType="INTEGER" property="age" />
    <result column="sex" jdbcType="TINYINT" property="sex" />
    <result column="role_flag" jdbcType="TINYINT" property="roleFlag" />
    <result column="mobile" jdbcType="VARCHAR" property="mobile" />
    <result column="create_by" jdbcType="VARCHAR" property="createBy" />
    <result column="create_time" jdbcType="TIMESTAMP" property="createTime" />
    <result column="update_by" jdbcType="VARCHAR" property="updateBy" />
    <result column="update_time" jdbcType="TIMESTAMP" property="updateTime" />
    <result column="status" jdbcType="TINYINT" property="status" />
    <result column="del_flag" jdbcType="TINYINT" property="delFlag" />
  </resultMap>
  <sql id="Example_Where_Clause">
    <where>
      <foreach collection="oredCriteria" item="criteria" separator="or">
        <if test="criteria.valid">
          <trim prefix="(" prefixOverrides="and" suffix=")">
            <foreach collection="criteria.criteria" item="criterion">
              <choose>
                <when test="criterion.noValue">
                  and ${criterion.condition}
                </when>
                <when test="criterion.singleValue">
                  and ${criterion.condition} #{criterion.value}
                </when>
                <when test="criterion.betweenValue">
                  and ${criterion.condition} #{criterion.value} and #{criterion.secondValue}
                </when>
                <when test="criterion.listValue">
                  and ${criterion.condition}
                  <foreach close=")" collection="criterion.value" item="listItem" open="(" separator=",">
                    #{listItem}
                  </foreach>
                </when>
              </choose>
            </foreach>
          </trim>
        </if>
      </foreach>
    </where>
  </sql>
  <sql id="Update_By_Example_Where_Clause">
    <where>
      <foreach collection="example.oredCriteria" item="criteria" separator="or">
        <if test="criteria.valid">
          <trim prefix="(" prefixOverrides="and" suffix=")">
            <foreach collection="criteria.criteria" item="criterion">
              <choose>
                <when test="criterion.noValue">
                  and ${criterion.condition}
                </when>
                <when test="criterion.singleValue">
                  and ${criterion.condition} #{criterion.value}
                </when>
                <when test="criterion.betweenValue">
                  and ${criterion.condition} #{criterion.value} and #{criterion.secondValue}
                </when>
                <when test="criterion.listValue">
                  and ${criterion.condition}
                  <foreach close=")" collection="criterion.value" item="listItem" open="(" separator=",">
                    #{listItem}
                  </foreach>
                </when>
              </choose>
            </foreach>
          </trim>
        </if>
      </foreach>
    </where>
  </sql>
  <sql id="Base_Column_List">
    id, quotation_no, product_code, `name`, id_no, age, sex, role_flag, mobile, create_by, 
    create_time, update_by, update_time, `status`, del_flag
  </sql>
  <select id="selectByExample" parameterType="com.ekangji.policy.infrastructure.dao.dataobject.RelPolicyPeopleDOExample" resultMap="BaseResultMap">
    select
    <if test="distinct">
      distinct
    </if>
    'true' as QUERYID,
    <include refid="Base_Column_List" />
    from rel_policy_people
    <if test="_parameter != null">
      <include refid="Example_Where_Clause" />
    </if>
    <if test="orderByClause != null">
      order by ${orderByClause}
    </if>
  </select>
  <select id="selectByPrimaryKey" parameterType="java.lang.Long" resultMap="BaseResultMap">
    select 
    <include refid="Base_Column_List" />
    from rel_policy_people
    where id = #{id,jdbcType=BIGINT}
  </select>
  <delete id="deleteByPrimaryKey" parameterType="java.lang.Long">
    delete from rel_policy_people
    where id = #{id,jdbcType=BIGINT}
  </delete>
  <delete id="deleteByExample" parameterType="com.ekangji.policy.infrastructure.dao.dataobject.RelPolicyPeopleDOExample">
    delete from rel_policy_people
    <if test="_parameter != null">
      <include refid="Example_Where_Clause" />
    </if>
  </delete>
  <insert id="insert" parameterType="com.ekangji.policy.infrastructure.dao.dataobject.RelPolicyPeopleDO">
    <selectKey keyProperty="id" order="AFTER" resultType="java.lang.Long">
      SELECT LAST_INSERT_ID()
    </selectKey>
    insert into rel_policy_people (quotation_no, product_code, `name`, 
      id_no, age, sex, role_flag, 
      mobile, create_by, create_time, 
      update_by, update_time, `status`, 
      del_flag)
    values (#{quotationNo,jdbcType=VARCHAR}, #{productCode,jdbcType=VARCHAR}, #{name,jdbcType=VARCHAR}, 
      #{idNo,jdbcType=VARCHAR}, #{age,jdbcType=INTEGER}, #{sex,jdbcType=TINYINT}, #{roleFlag,jdbcType=TINYINT}, 
      #{mobile,jdbcType=VARCHAR}, #{createBy,jdbcType=VARCHAR}, #{createTime,jdbcType=TIMESTAMP}, 
      #{updateBy,jdbcType=VARCHAR}, #{updateTime,jdbcType=TIMESTAMP}, #{status,jdbcType=TINYINT}, 
      #{delFlag,jdbcType=TINYINT})
  </insert>
  <insert id="insertSelective" parameterType="com.ekangji.policy.infrastructure.dao.dataobject.RelPolicyPeopleDO">
    <selectKey keyProperty="id" order="AFTER" resultType="java.lang.Long">
      SELECT LAST_INSERT_ID()
    </selectKey>
    insert into rel_policy_people
    <trim prefix="(" suffix=")" suffixOverrides=",">
      <if test="quotationNo != null">
        quotation_no,
      </if>
      <if test="productCode != null">
        product_code,
      </if>
      <if test="name != null">
        `name`,
      </if>
      <if test="idNo != null">
        id_no,
      </if>
      <if test="age != null">
        age,
      </if>
      <if test="sex != null">
        sex,
      </if>
      <if test="roleFlag != null">
        role_flag,
      </if>
      <if test="mobile != null">
        mobile,
      </if>
      <if test="createBy != null">
        create_by,
      </if>
      <if test="createTime != null">
        create_time,
      </if>
      <if test="updateBy != null">
        update_by,
      </if>
      <if test="updateTime != null">
        update_time,
      </if>
      <if test="status != null">
        `status`,
      </if>
      <if test="delFlag != null">
        del_flag,
      </if>
    </trim>
    <trim prefix="values (" suffix=")" suffixOverrides=",">
      <if test="quotationNo != null">
        #{quotationNo,jdbcType=VARCHAR},
      </if>
      <if test="productCode != null">
        #{productCode,jdbcType=VARCHAR},
      </if>
      <if test="name != null">
        #{name,jdbcType=VARCHAR},
      </if>
      <if test="idNo != null">
        #{idNo,jdbcType=VARCHAR},
      </if>
      <if test="age != null">
        #{age,jdbcType=INTEGER},
      </if>
      <if test="sex != null">
        #{sex,jdbcType=TINYINT},
      </if>
      <if test="roleFlag != null">
        #{roleFlag,jdbcType=TINYINT},
      </if>
      <if test="mobile != null">
        #{mobile,jdbcType=VARCHAR},
      </if>
      <if test="createBy != null">
        #{createBy,jdbcType=VARCHAR},
      </if>
      <if test="createTime != null">
        #{createTime,jdbcType=TIMESTAMP},
      </if>
      <if test="updateBy != null">
        #{updateBy,jdbcType=VARCHAR},
      </if>
      <if test="updateTime != null">
        #{updateTime,jdbcType=TIMESTAMP},
      </if>
      <if test="status != null">
        #{status,jdbcType=TINYINT},
      </if>
      <if test="delFlag != null">
        #{delFlag,jdbcType=TINYINT},
      </if>
    </trim>
  </insert>
  <select id="countByExample" parameterType="com.ekangji.policy.infrastructure.dao.dataobject.RelPolicyPeopleDOExample" resultType="java.lang.Long">
    select count(*) from rel_policy_people
    <if test="_parameter != null">
      <include refid="Example_Where_Clause" />
    </if>
  </select>
  <update id="updateByExampleSelective" parameterType="map">
    update rel_policy_people
    <set>
      <if test="record.id != null">
        id = #{record.id,jdbcType=BIGINT},
      </if>
      <if test="record.quotationNo != null">
        quotation_no = #{record.quotationNo,jdbcType=VARCHAR},
      </if>
      <if test="record.productCode != null">
        product_code = #{record.productCode,jdbcType=VARCHAR},
      </if>
      <if test="record.name != null">
        `name` = #{record.name,jdbcType=VARCHAR},
      </if>
      <if test="record.idNo != null">
        id_no = #{record.idNo,jdbcType=VARCHAR},
      </if>
      <if test="record.age != null">
        age = #{record.age,jdbcType=INTEGER},
      </if>
      <if test="record.sex != null">
        sex = #{record.sex,jdbcType=TINYINT},
      </if>
      <if test="record.roleFlag != null">
        role_flag = #{record.roleFlag,jdbcType=TINYINT},
      </if>
      <if test="record.mobile != null">
        mobile = #{record.mobile,jdbcType=VARCHAR},
      </if>
      <if test="record.createBy != null">
        create_by = #{record.createBy,jdbcType=VARCHAR},
      </if>
      <if test="record.createTime != null">
        create_time = #{record.createTime,jdbcType=TIMESTAMP},
      </if>
      <if test="record.updateBy != null">
        update_by = #{record.updateBy,jdbcType=VARCHAR},
      </if>
      <if test="record.updateTime != null">
        update_time = #{record.updateTime,jdbcType=TIMESTAMP},
      </if>
      <if test="record.status != null">
        `status` = #{record.status,jdbcType=TINYINT},
      </if>
      <if test="record.delFlag != null">
        del_flag = #{record.delFlag,jdbcType=TINYINT},
      </if>
    </set>
    <if test="_parameter != null">
      <include refid="Update_By_Example_Where_Clause" />
    </if>
  </update>
  <update id="updateByExample" parameterType="map">
    update rel_policy_people
    set id = #{record.id,jdbcType=BIGINT},
      quotation_no = #{record.quotationNo,jdbcType=VARCHAR},
      product_code = #{record.productCode,jdbcType=VARCHAR},
      `name` = #{record.name,jdbcType=VARCHAR},
      id_no = #{record.idNo,jdbcType=VARCHAR},
      age = #{record.age,jdbcType=INTEGER},
      sex = #{record.sex,jdbcType=TINYINT},
      role_flag = #{record.roleFlag,jdbcType=TINYINT},
      mobile = #{record.mobile,jdbcType=VARCHAR},
      create_by = #{record.createBy,jdbcType=VARCHAR},
      create_time = #{record.createTime,jdbcType=TIMESTAMP},
      update_by = #{record.updateBy,jdbcType=VARCHAR},
      update_time = #{record.updateTime,jdbcType=TIMESTAMP},
      `status` = #{record.status,jdbcType=TINYINT},
      del_flag = #{record.delFlag,jdbcType=TINYINT}
    <if test="_parameter != null">
      <include refid="Update_By_Example_Where_Clause" />
    </if>
  </update>
  <update id="updateByPrimaryKeySelective" parameterType="com.ekangji.policy.infrastructure.dao.dataobject.RelPolicyPeopleDO">
    update rel_policy_people
    <set>
      <if test="quotationNo != null">
        quotation_no = #{quotationNo,jdbcType=VARCHAR},
      </if>
      <if test="productCode != null">
        product_code = #{productCode,jdbcType=VARCHAR},
      </if>
      <if test="name != null">
        `name` = #{name,jdbcType=VARCHAR},
      </if>
      <if test="idNo != null">
        id_no = #{idNo,jdbcType=VARCHAR},
      </if>
      <if test="age != null">
        age = #{age,jdbcType=INTEGER},
      </if>
      <if test="sex != null">
        sex = #{sex,jdbcType=TINYINT},
      </if>
      <if test="roleFlag != null">
        role_flag = #{roleFlag,jdbcType=TINYINT},
      </if>
      <if test="mobile != null">
        mobile = #{mobile,jdbcType=VARCHAR},
      </if>
      <if test="createBy != null">
        create_by = #{createBy,jdbcType=VARCHAR},
      </if>
      <if test="createTime != null">
        create_time = #{createTime,jdbcType=TIMESTAMP},
      </if>
      <if test="updateBy != null">
        update_by = #{updateBy,jdbcType=VARCHAR},
      </if>
      <if test="updateTime != null">
        update_time = #{updateTime,jdbcType=TIMESTAMP},
      </if>
      <if test="status != null">
        `status` = #{status,jdbcType=TINYINT},
      </if>
      <if test="delFlag != null">
        del_flag = #{delFlag,jdbcType=TINYINT},
      </if>
    </set>
    where id = #{id,jdbcType=BIGINT}
  </update>
  <update id="updateByPrimaryKey" parameterType="com.ekangji.policy.infrastructure.dao.dataobject.RelPolicyPeopleDO">
    update rel_policy_people
    set quotation_no = #{quotationNo,jdbcType=VARCHAR},
      product_code = #{productCode,jdbcType=VARCHAR},
      `name` = #{name,jdbcType=VARCHAR},
      id_no = #{idNo,jdbcType=VARCHAR},
      age = #{age,jdbcType=INTEGER},
      sex = #{sex,jdbcType=TINYINT},
      role_flag = #{roleFlag,jdbcType=TINYINT},
      mobile = #{mobile,jdbcType=VARCHAR},
      create_by = #{createBy,jdbcType=VARCHAR},
      create_time = #{createTime,jdbcType=TIMESTAMP},
      update_by = #{updateBy,jdbcType=VARCHAR},
      update_time = #{updateTime,jdbcType=TIMESTAMP},
      `status` = #{status,jdbcType=TINYINT},
      del_flag = #{delFlag,jdbcType=TINYINT}
    where id = #{id,jdbcType=BIGINT}
  </update>
  <select id="selectByExampleWithRowbounds" parameterType="com.ekangji.policy.infrastructure.dao.dataobject.RelPolicyPeopleDOExample" resultMap="BaseResultMap">
    select
    <if test="distinct">
      distinct
    </if>
    'true' as QUERYID,
    <include refid="Base_Column_List" />
    from rel_policy_people
    <if test="_parameter != null">
      <include refid="Example_Where_Clause" />
    </if>
    <if test="orderByClause != null">
      order by ${orderByClause}
    </if>
  </select>
  <insert id="batchInsert" keyColumn="id" keyProperty="id" parameterType="map" useGeneratedKeys="true">
    insert into rel_policy_people (quotation_no, product_code, `name`, id_no, age, sex, role_flag, mobile, create_by, create_time, update_by, update_time, `status`, del_flag)
    values
    <foreach collection="list" item="item" separator=",">
       (#{item.quotationNo,jdbcType=VARCHAR}, #{item.productCode,jdbcType=VARCHAR}, #{item.name,jdbcType=VARCHAR}, #{item.idNo,jdbcType=VARCHAR}, #{item.age,jdbcType=INTEGER}, #{item.sex,jdbcType=TINYINT}, #{item.roleFlag,jdbcType=TINYINT}, #{item.mobile,jdbcType=VARCHAR}, #{item.createBy,jdbcType=VARCHAR}, #{item.createTime,jdbcType=TIMESTAMP}, #{item.updateBy,jdbcType=VARCHAR}, #{item.updateTime,jdbcType=TIMESTAMP}, #{item.status,jdbcType=TINYINT}, #{item.delFlag,jdbcType=TINYINT})
    </foreach>
  </insert>
  <delete id="batchDelete" parameterType="java.lang.Long">
    delete from rel_policy_people where id in (
    <foreach collection="ids" index="index" item="item" separator=",">
      #{item}
    </foreach>
    )
  </delete>
  <update id="batchUpdate" parameterType="java.util.List">
    update rel_policy_people 
    <trim prefix="set" suffixOverrides=",">
      <trim prefix="quotation_no =case id" suffix="end,">
        <foreach collection="recordList" index="index" item="item">
          <if test="item.quotationNo !=null ">
            when #{item.id,jdbcType=BIGINT} then #{item.quotationNo,jdbcType=VARCHAR}
          </if>
          <if test="item.quotationNo ==null ">
            when #{item.id,jdbcType=BIGINT} then rel_policy_people.quotation_no
          </if>
        </foreach>
      </trim>
      <trim prefix="product_code =case id" suffix="end,">
        <foreach collection="recordList" index="index" item="item">
          <if test="item.productCode !=null ">
            when #{item.id,jdbcType=BIGINT} then #{item.productCode,jdbcType=VARCHAR}
          </if>
          <if test="item.productCode ==null ">
            when #{item.id,jdbcType=BIGINT} then rel_policy_people.product_code
          </if>
        </foreach>
      </trim>
      <trim prefix="name =case id" suffix="end,">
        <foreach collection="recordList" index="index" item="item">
          <if test="item.name !=null ">
            when #{item.id,jdbcType=BIGINT} then #{item.name,jdbcType=VARCHAR}
          </if>
          <if test="item.name ==null ">
            when #{item.id,jdbcType=BIGINT} then rel_policy_people.name
          </if>
        </foreach>
      </trim>
      <trim prefix="id_no =case id" suffix="end,">
        <foreach collection="recordList" index="index" item="item">
          <if test="item.idNo !=null ">
            when #{item.id,jdbcType=BIGINT} then #{item.idNo,jdbcType=VARCHAR}
          </if>
          <if test="item.idNo ==null ">
            when #{item.id,jdbcType=BIGINT} then rel_policy_people.id_no
          </if>
        </foreach>
      </trim>
      <trim prefix="age =case id" suffix="end,">
        <foreach collection="recordList" index="index" item="item">
          <if test="item.age !=null ">
            when #{item.id,jdbcType=BIGINT} then #{item.age,jdbcType=INTEGER}
          </if>
          <if test="item.age ==null ">
            when #{item.id,jdbcType=BIGINT} then rel_policy_people.age
          </if>
        </foreach>
      </trim>
      <trim prefix="sex =case id" suffix="end,">
        <foreach collection="recordList" index="index" item="item">
          <if test="item.sex !=null ">
            when #{item.id,jdbcType=BIGINT} then #{item.sex,jdbcType=TINYINT}
          </if>
          <if test="item.sex ==null ">
            when #{item.id,jdbcType=BIGINT} then rel_policy_people.sex
          </if>
        </foreach>
      </trim>
      <trim prefix="role_flag =case id" suffix="end,">
        <foreach collection="recordList" index="index" item="item">
          <if test="item.roleFlag !=null ">
            when #{item.id,jdbcType=BIGINT} then #{item.roleFlag,jdbcType=TINYINT}
          </if>
          <if test="item.roleFlag ==null ">
            when #{item.id,jdbcType=BIGINT} then rel_policy_people.role_flag
          </if>
        </foreach>
      </trim>
      <trim prefix="mobile =case id" suffix="end,">
        <foreach collection="recordList" index="index" item="item">
          <if test="item.mobile !=null ">
            when #{item.id,jdbcType=BIGINT} then #{item.mobile,jdbcType=VARCHAR}
          </if>
          <if test="item.mobile ==null ">
            when #{item.id,jdbcType=BIGINT} then rel_policy_people.mobile
          </if>
        </foreach>
      </trim>
      <trim prefix="create_by =case id" suffix="end,">
        <foreach collection="recordList" index="index" item="item">
          <if test="item.createBy !=null ">
            when #{item.id,jdbcType=BIGINT} then #{item.createBy,jdbcType=VARCHAR}
          </if>
          <if test="item.createBy ==null ">
            when #{item.id,jdbcType=BIGINT} then rel_policy_people.create_by
          </if>
        </foreach>
      </trim>
      <trim prefix="create_time =case id" suffix="end,">
        <foreach collection="recordList" index="index" item="item">
          <if test="item.createTime !=null ">
            when #{item.id,jdbcType=BIGINT} then #{item.createTime,jdbcType=TIMESTAMP}
          </if>
          <if test="item.createTime ==null ">
            when #{item.id,jdbcType=BIGINT} then rel_policy_people.create_time
          </if>
        </foreach>
      </trim>
      <trim prefix="update_by =case id" suffix="end,">
        <foreach collection="recordList" index="index" item="item">
          <if test="item.updateBy !=null ">
            when #{item.id,jdbcType=BIGINT} then #{item.updateBy,jdbcType=VARCHAR}
          </if>
          <if test="item.updateBy ==null ">
            when #{item.id,jdbcType=BIGINT} then rel_policy_people.update_by
          </if>
        </foreach>
      </trim>
      <trim prefix="update_time =case id" suffix="end,">
        <foreach collection="recordList" index="index" item="item">
          <if test="item.updateTime !=null ">
            when #{item.id,jdbcType=BIGINT} then #{item.updateTime,jdbcType=TIMESTAMP}
          </if>
          <if test="item.updateTime ==null ">
            when #{item.id,jdbcType=BIGINT} then rel_policy_people.update_time
          </if>
        </foreach>
      </trim>
      <trim prefix="status =case id" suffix="end,">
        <foreach collection="recordList" index="index" item="item">
          <if test="item.status !=null ">
            when #{item.id,jdbcType=BIGINT} then #{item.status,jdbcType=TINYINT}
          </if>
          <if test="item.status ==null ">
            when #{item.id,jdbcType=BIGINT} then rel_policy_people.status
          </if>
        </foreach>
      </trim>
      <trim prefix="del_flag =case id" suffix="end,">
        <foreach collection="recordList" index="index" item="item">
          <if test="item.delFlag !=null ">
            when #{item.id,jdbcType=BIGINT} then #{item.delFlag,jdbcType=TINYINT}
          </if>
          <if test="item.delFlag ==null ">
            when #{item.id,jdbcType=BIGINT} then rel_policy_people.del_flag
          </if>
        </foreach>
      </trim>
    </trim>
    where id in(
    <foreach collection="recordList" index="index" item="item" separator=",">
      #{item.id,jdbcType=BIGINT}
    </foreach>
    )
  </update>
  <select id="selectOneByExample" parameterType="com.ekangji.policy.infrastructure.dao.dataobject.RelPolicyPeopleDOExample" resultMap="BaseResultMap">
    select
    'true' as QUERYID,
    <include refid="Base_Column_List" />
    from rel_policy_people
    <if test="_parameter != null">
      <include refid="Example_Where_Clause" />
    </if>
    <if test="orderByClause != null">
      order by ${orderByClause}
    </if>
    limit 1
  </select>

  <select id="queryInsuredInLine" resultType="java.lang.Long">
    select t.orderNumber FROM  (select @rownum := @rownum + 1 as orderNumber,`rel_policy_people`.`id` as id
                                     from (select @rownum := 0) r, `rel_policy_people`  WHERE product_code = 'GXYLYHB' and `role_flag` = 2 ORDER BY id) t WHERE t.id =#{_parameter}
  </select>
</mapper>