<?xml version="1.0" encoding="UTF-8"?>
<!DOCTYPE mapper PUBLIC "-//mybatis.org//DTD Mapper 3.0//EN" "http://mybatis.org/dtd/mybatis-3-mapper.dtd">
<mapper namespace="com.ekangji.policy.infrastructure.dao.primary.UserMapper">
  <resultMap id="BaseResultMap" type="com.ekangji.policy.infrastructure.dao.dataobject.UserDO">
    <id column="id" jdbcType="BIGINT" property="id" />
    <result column="user_id" jdbcType="BIGINT" property="userId" />
    <result column="dept_id" jdbcType="BIGINT" property="deptId" />
    <result column="login_name" jdbcType="VARCHAR" property="loginName" />
    <result column="user_name" jdbcType="VARCHAR" property="userName" />
    <result column="email" jdbcType="VARCHAR" property="email" />
    <result column="phone" jdbcType="VARCHAR" property="phone" />
    <result column="sex" jdbcType="BIT" property="sex" />
    <result column="avatar" jdbcType="VARCHAR" property="avatar" />
    <result column="password" jdbcType="VARCHAR" property="password" />
    <result column="salt" jdbcType="VARCHAR" property="salt" />
    <result column="status" jdbcType="BIT" property="status" />
    <result column="del_flag" jdbcType="BIT" property="delFlag" />
    <result column="login_ip" jdbcType="VARCHAR" property="loginIp" />
    <result column="login_date" jdbcType="TIMESTAMP" property="loginDate" />
    <result column="pwd_update_date" jdbcType="TIMESTAMP" property="pwdUpdateDate" />
    <result column="create_by" jdbcType="VARCHAR" property="createBy" />
    <result column="create_time" jdbcType="TIMESTAMP" property="createTime" />
    <result column="update_by" jdbcType="VARCHAR" property="updateBy" />
    <result column="update_time" jdbcType="TIMESTAMP" property="updateTime" />
    <result column="remark" jdbcType="VARCHAR" property="remark" />
  </resultMap>
  <sql id="Example_Where_Clause">
    <where>
      <foreach collection="oredCriteria" item="criteria" separator="or">
        <if test="criteria.valid">
          <trim prefix="(" prefixOverrides="and" suffix=")">
            <foreach collection="criteria.criteria" item="criterion">
              <choose>
                <when test="criterion.noValue">
                  and ${criterion.condition}
                </when>
                <when test="criterion.singleValue">
                  and ${criterion.condition} #{criterion.value}
                </when>
                <when test="criterion.betweenValue">
                  and ${criterion.condition} #{criterion.value} and #{criterion.secondValue}
                </when>
                <when test="criterion.listValue">
                  and ${criterion.condition}
                  <foreach close=")" collection="criterion.value" item="listItem" open="(" separator=",">
                    #{listItem}
                  </foreach>
                </when>
              </choose>
            </foreach>
          </trim>
        </if>
      </foreach>
    </where>
  </sql>
  <sql id="Update_By_Example_Where_Clause">
    <where>
      <foreach collection="example.oredCriteria" item="criteria" separator="or">
        <if test="criteria.valid">
          <trim prefix="(" prefixOverrides="and" suffix=")">
            <foreach collection="criteria.criteria" item="criterion">
              <choose>
                <when test="criterion.noValue">
                  and ${criterion.condition}
                </when>
                <when test="criterion.singleValue">
                  and ${criterion.condition} #{criterion.value}
                </when>
                <when test="criterion.betweenValue">
                  and ${criterion.condition} #{criterion.value} and #{criterion.secondValue}
                </when>
                <when test="criterion.listValue">
                  and ${criterion.condition}
                  <foreach close=")" collection="criterion.value" item="listItem" open="(" separator=",">
                    #{listItem}
                  </foreach>
                </when>
              </choose>
            </foreach>
          </trim>
        </if>
      </foreach>
    </where>
  </sql>
  <sql id="Base_Column_List">
    id, user_id, dept_id, login_name, user_name, email, phone, sex, avatar, `password`, 
    salt, `status`, del_flag, login_ip, login_date, pwd_update_date, create_by, create_time, 
    update_by, update_time, remark
  </sql>
  <select id="selectByExample" parameterType="com.ekangji.policy.infrastructure.dao.dataobject.UserDOExample" resultMap="BaseResultMap">
    select
    <if test="distinct">
      distinct
    </if>
    'true' as QUERYID,
    <include refid="Base_Column_List" />
    from user
    <if test="_parameter != null">
      <include refid="Example_Where_Clause" />
    </if>
    <if test="orderByClause != null">
      order by ${orderByClause}
    </if>
  </select>

  <select id="selectOneByExample" parameterType="com.ekangji.policy.infrastructure.dao.dataobject.UserDOExample" resultMap="BaseResultMap">
    select
    'true' as QUERYID,
    <include refid="Base_Column_List" />
    from user
    <if test="_parameter != null">
      <include refid="Example_Where_Clause" />
    </if>
    <if test="orderByClause != null">
      order by ${orderByClause}
    </if>
    limit 1
  </select>

  <select id="selectByPrimaryKey" parameterType="java.lang.Long" resultMap="BaseResultMap">
    select 
    <include refid="Base_Column_List" />
    from user
    where id = #{id,jdbcType=BIGINT}
  </select>
  <delete id="deleteByPrimaryKey" parameterType="java.lang.Long">
    delete from user
    where id = #{id,jdbcType=BIGINT}
  </delete>
  <delete id="deleteByExample" parameterType="com.ekangji.policy.infrastructure.dao.dataobject.UserDOExample">
    delete from user
    <if test="_parameter != null">
      <include refid="Example_Where_Clause" />
    </if>
  </delete>
  <insert id="insert" parameterType="com.ekangji.policy.infrastructure.dao.dataobject.UserDO">
    <selectKey keyProperty="id" order="AFTER" resultType="java.lang.Long">
      SELECT LAST_INSERT_ID()
    </selectKey>
    insert into user (user_id, dept_id, login_name, 
      user_name, email, phone, 
      sex, avatar, `password`, 
      salt, `status`, del_flag, login_ip, 
      login_date, pwd_update_date, create_by, 
      create_time, update_by, update_time, 
      remark)
    values (#{userId,jdbcType=BIGINT}, #{deptId,jdbcType=BIGINT}, #{loginName,jdbcType=VARCHAR}, 
      #{userName,jdbcType=VARCHAR}, #{email,jdbcType=VARCHAR}, #{phone,jdbcType=VARCHAR}, 
      #{sex,jdbcType=BIT}, #{avatar,jdbcType=VARCHAR}, #{password,jdbcType=VARCHAR}, 
      #{salt,jdbcType=VARCHAR}, #{status,jdbcType=BIT}, #{delFlag,jdbcType=BIT}, #{loginIp,jdbcType=VARCHAR}, 
      #{loginDate,jdbcType=TIMESTAMP}, #{pwdUpdateDate,jdbcType=TIMESTAMP}, #{createBy,jdbcType=VARCHAR}, 
      #{createTime,jdbcType=TIMESTAMP}, #{updateBy,jdbcType=VARCHAR}, #{updateTime,jdbcType=TIMESTAMP}, 
      #{remark,jdbcType=VARCHAR})
  </insert>
  <insert id="insertSelective" parameterType="com.ekangji.policy.infrastructure.dao.dataobject.UserDO">
    <selectKey keyProperty="id" order="AFTER" resultType="java.lang.Long">
      SELECT LAST_INSERT_ID()
    </selectKey>
    insert into user
    <trim prefix="(" suffix=")" suffixOverrides=",">
      <if test="userId != null">
        user_id,
      </if>
      <if test="deptId != null">
        dept_id,
      </if>
      <if test="loginName != null">
        login_name,
      </if>
      <if test="userName != null">
        user_name,
      </if>
      <if test="email != null">
        email,
      </if>
      <if test="phone != null">
        phone,
      </if>
      <if test="sex != null">
        sex,
      </if>
      <if test="avatar != null">
        avatar,
      </if>
      <if test="password != null">
        `password`,
      </if>
      <if test="salt != null">
        salt,
      </if>
      <if test="status != null">
        `status`,
      </if>
      <if test="delFlag != null">
        del_flag,
      </if>
      <if test="loginIp != null">
        login_ip,
      </if>
      <if test="loginDate != null">
        login_date,
      </if>
      <if test="pwdUpdateDate != null">
        pwd_update_date,
      </if>
      <if test="createBy != null">
        create_by,
      </if>
      <if test="createTime != null">
        create_time,
      </if>
      <if test="updateBy != null">
        update_by,
      </if>
      <if test="updateTime != null">
        update_time,
      </if>
      <if test="remark != null">
        remark,
      </if>
    </trim>
    <trim prefix="values (" suffix=")" suffixOverrides=",">
      <if test="userId != null">
        #{userId,jdbcType=BIGINT},
      </if>
      <if test="deptId != null">
        #{deptId,jdbcType=BIGINT},
      </if>
      <if test="loginName != null">
        #{loginName,jdbcType=VARCHAR},
      </if>
      <if test="userName != null">
        #{userName,jdbcType=VARCHAR},
      </if>
      <if test="email != null">
        #{email,jdbcType=VARCHAR},
      </if>
      <if test="phone != null">
        #{phone,jdbcType=VARCHAR},
      </if>
      <if test="sex != null">
        #{sex,jdbcType=BIT},
      </if>
      <if test="avatar != null">
        #{avatar,jdbcType=VARCHAR},
      </if>
      <if test="password != null">
        #{password,jdbcType=VARCHAR},
      </if>
      <if test="salt != null">
        #{salt,jdbcType=VARCHAR},
      </if>
      <if test="status != null">
        #{status,jdbcType=BIT},
      </if>
      <if test="delFlag != null">
        #{delFlag,jdbcType=BIT},
      </if>
      <if test="loginIp != null">
        #{loginIp,jdbcType=VARCHAR},
      </if>
      <if test="loginDate != null">
        #{loginDate,jdbcType=TIMESTAMP},
      </if>
      <if test="pwdUpdateDate != null">
        #{pwdUpdateDate,jdbcType=TIMESTAMP},
      </if>
      <if test="createBy != null">
        #{createBy,jdbcType=VARCHAR},
      </if>
      <if test="createTime != null">
        #{createTime,jdbcType=TIMESTAMP},
      </if>
      <if test="updateBy != null">
        #{updateBy,jdbcType=VARCHAR},
      </if>
      <if test="updateTime != null">
        #{updateTime,jdbcType=TIMESTAMP},
      </if>
      <if test="remark != null">
        #{remark,jdbcType=VARCHAR},
      </if>
    </trim>
  </insert>
  <select id="countByExample" parameterType="com.ekangji.policy.infrastructure.dao.dataobject.UserDOExample" resultType="java.lang.Long">
    select count(*) from user
    <if test="_parameter != null">
      <include refid="Example_Where_Clause" />
    </if>
  </select>
  <update id="updateByExampleSelective" parameterType="map">
    update user
    <set>
      <if test="record.id != null">
        id = #{record.id,jdbcType=BIGINT},
      </if>
      <if test="record.userId != null">
        user_id = #{record.userId,jdbcType=BIGINT},
      </if>
      <if test="record.deptId != null">
        dept_id = #{record.deptId,jdbcType=BIGINT},
      </if>
      <if test="record.loginName != null">
        login_name = #{record.loginName,jdbcType=VARCHAR},
      </if>
      <if test="record.userName != null">
        user_name = #{record.userName,jdbcType=VARCHAR},
      </if>
      <if test="record.email != null">
        email = #{record.email,jdbcType=VARCHAR},
      </if>
      <if test="record.phone != null">
        phone = #{record.phone,jdbcType=VARCHAR},
      </if>
      <if test="record.sex != null">
        sex = #{record.sex,jdbcType=BIT},
      </if>
      <if test="record.avatar != null">
        avatar = #{record.avatar,jdbcType=VARCHAR},
      </if>
      <if test="record.password != null">
        `password` = #{record.password,jdbcType=VARCHAR},
      </if>
      <if test="record.salt != null">
        salt = #{record.salt,jdbcType=VARCHAR},
      </if>
      <if test="record.status != null">
        `status` = #{record.status,jdbcType=BIT},
      </if>
      <if test="record.delFlag != null">
        del_flag = #{record.delFlag,jdbcType=BIT},
      </if>
      <if test="record.loginIp != null">
        login_ip = #{record.loginIp,jdbcType=VARCHAR},
      </if>
      <if test="record.loginDate != null">
        login_date = #{record.loginDate,jdbcType=TIMESTAMP},
      </if>
      <if test="record.pwdUpdateDate != null">
        pwd_update_date = #{record.pwdUpdateDate,jdbcType=TIMESTAMP},
      </if>
      <if test="record.createBy != null">
        create_by = #{record.createBy,jdbcType=VARCHAR},
      </if>
      <if test="record.createTime != null">
        create_time = #{record.createTime,jdbcType=TIMESTAMP},
      </if>
      <if test="record.updateBy != null">
        update_by = #{record.updateBy,jdbcType=VARCHAR},
      </if>
      <if test="record.updateTime != null">
        update_time = #{record.updateTime,jdbcType=TIMESTAMP},
      </if>
      <if test="record.remark != null">
        remark = #{record.remark,jdbcType=VARCHAR},
      </if>
    </set>
    <if test="_parameter != null">
      <include refid="Update_By_Example_Where_Clause" />
    </if>
  </update>
  <update id="updateByExample" parameterType="map">
    update user
    set id = #{record.id,jdbcType=BIGINT},
      user_id = #{record.userId,jdbcType=BIGINT},
      dept_id = #{record.deptId,jdbcType=BIGINT},
      login_name = #{record.loginName,jdbcType=VARCHAR},
      user_name = #{record.userName,jdbcType=VARCHAR},
      email = #{record.email,jdbcType=VARCHAR},
      phone = #{record.phone,jdbcType=VARCHAR},
      sex = #{record.sex,jdbcType=BIT},
      avatar = #{record.avatar,jdbcType=VARCHAR},
      `password` = #{record.password,jdbcType=VARCHAR},
      salt = #{record.salt,jdbcType=VARCHAR},
      `status` = #{record.status,jdbcType=BIT},
      del_flag = #{record.delFlag,jdbcType=BIT},
      login_ip = #{record.loginIp,jdbcType=VARCHAR},
      login_date = #{record.loginDate,jdbcType=TIMESTAMP},
      pwd_update_date = #{record.pwdUpdateDate,jdbcType=TIMESTAMP},
      create_by = #{record.createBy,jdbcType=VARCHAR},
      create_time = #{record.createTime,jdbcType=TIMESTAMP},
      update_by = #{record.updateBy,jdbcType=VARCHAR},
      update_time = #{record.updateTime,jdbcType=TIMESTAMP},
      remark = #{record.remark,jdbcType=VARCHAR}
    <if test="_parameter != null">
      <include refid="Update_By_Example_Where_Clause" />
    </if>
  </update>
  <update id="updateByPrimaryKeySelective" parameterType="com.ekangji.policy.infrastructure.dao.dataobject.UserDO">
    update user
    <set>
      <if test="userId != null">
        user_id = #{userId,jdbcType=BIGINT},
      </if>
      <if test="deptId != null">
        dept_id = #{deptId,jdbcType=BIGINT},
      </if>
      <if test="loginName != null">
        login_name = #{loginName,jdbcType=VARCHAR},
      </if>
      <if test="userName != null">
        user_name = #{userName,jdbcType=VARCHAR},
      </if>
      <if test="email != null">
        email = #{email,jdbcType=VARCHAR},
      </if>
      <if test="phone != null">
        phone = #{phone,jdbcType=VARCHAR},
      </if>
      <if test="sex != null">
        sex = #{sex,jdbcType=BIT},
      </if>
      <if test="avatar != null">
        avatar = #{avatar,jdbcType=VARCHAR},
      </if>
      <if test="password != null">
        `password` = #{password,jdbcType=VARCHAR},
      </if>
      <if test="salt != null">
        salt = #{salt,jdbcType=VARCHAR},
      </if>
      <if test="status != null">
        `status` = #{status,jdbcType=BIT},
      </if>
      <if test="delFlag != null">
        del_flag = #{delFlag,jdbcType=BIT},
      </if>
      <if test="loginIp != null">
        login_ip = #{loginIp,jdbcType=VARCHAR},
      </if>
      <if test="loginDate != null">
        login_date = #{loginDate,jdbcType=TIMESTAMP},
      </if>
      <if test="pwdUpdateDate != null">
        pwd_update_date = #{pwdUpdateDate,jdbcType=TIMESTAMP},
      </if>
      <if test="createBy != null">
        create_by = #{createBy,jdbcType=VARCHAR},
      </if>
      <if test="createTime != null">
        create_time = #{createTime,jdbcType=TIMESTAMP},
      </if>
      <if test="updateBy != null">
        update_by = #{updateBy,jdbcType=VARCHAR},
      </if>
      <if test="updateTime != null">
        update_time = #{updateTime,jdbcType=TIMESTAMP},
      </if>
      <if test="remark != null">
        remark = #{remark,jdbcType=VARCHAR},
      </if>
    </set>
    where id = #{id,jdbcType=BIGINT}
  </update>
  <update id="updateByPrimaryKey" parameterType="com.ekangji.policy.infrastructure.dao.dataobject.UserDO">
    update user
    set user_id = #{userId,jdbcType=BIGINT},
      dept_id = #{deptId,jdbcType=BIGINT},
      login_name = #{loginName,jdbcType=VARCHAR},
      user_name = #{userName,jdbcType=VARCHAR},
      email = #{email,jdbcType=VARCHAR},
      phone = #{phone,jdbcType=VARCHAR},
      sex = #{sex,jdbcType=BIT},
      avatar = #{avatar,jdbcType=VARCHAR},
      `password` = #{password,jdbcType=VARCHAR},
      salt = #{salt,jdbcType=VARCHAR},
      `status` = #{status,jdbcType=BIT},
      del_flag = #{delFlag,jdbcType=BIT},
      login_ip = #{loginIp,jdbcType=VARCHAR},
      login_date = #{loginDate,jdbcType=TIMESTAMP},
      pwd_update_date = #{pwdUpdateDate,jdbcType=TIMESTAMP},
      create_by = #{createBy,jdbcType=VARCHAR},
      create_time = #{createTime,jdbcType=TIMESTAMP},
      update_by = #{updateBy,jdbcType=VARCHAR},
      update_time = #{updateTime,jdbcType=TIMESTAMP},
      remark = #{remark,jdbcType=VARCHAR}
    where id = #{id,jdbcType=BIGINT}
  </update>
  <select id="selectByExampleWithRowbounds" parameterType="com.ekangji.policy.infrastructure.dao.dataobject.UserDOExample" resultMap="BaseResultMap">
    select
    <if test="distinct">
      distinct
    </if>
    'true' as QUERYID,
    <include refid="Base_Column_List" />
    from user
    <if test="_parameter != null">
      <include refid="Example_Where_Clause" />
    </if>
    <if test="orderByClause != null">
      order by ${orderByClause}
    </if>
  </select>
</mapper>