<?xml version="1.0" encoding="UTF-8"?>
<!DOCTYPE generatorConfiguration
        PUBLIC "-//mybatis.org//DTD MyBatis Generator Configuration 1.0//EN"
        "http://mybatis.org/dtd/mybatis-generator-config_1_0.dtd">
<!-- 配置生成器 -->
<generatorConfiguration>
    <!--classPathEntry:数据库的JDBC驱动,换成你自己的驱动位置 可选 -->
<!--    <classPathEntry location="/Users/wangjianxin/Documents/repository/mysql/mysql-connector-java/5.1.48/mysql-connector-java-5.1.48.jar" />-->
<!--    <classPathEntry location ="D:\repository\mysql\mysql-connector-java\5.1.48\mysql-connector-java-5.1.48.jar" />-->
    <!-- <classPathEntry location ="D:\Users\seven\.m2\repository\mysql\mysql-connector-java\5.1.48\mysql-connector-java-5.1.48.jar" />-->

     <!-- 一个数据库一个context -->
    <!--defaultModelType="flat" 大数据字段，不分表 -->
    <context id="MysqlTables" targetRuntime="MyBatis3" defaultModelType="flat">

        <!-- 自动识别数据库关键字，默认false，如果设置为true，根据SqlReservedWords中定义的关键字列表；
        一般保留默认值，遇到数据库关键字（Java关键字），使用columnOverride覆盖 -->
        <property name="autoDelimitKeywords" value="true" />

        <!-- 生成的Java文件的编码 -->
        <property name="javaFileEncoding" value="utf-8" />
        <!-- beginningDelimiter和endingDelimiter：指明数据库的用于标记数据库对象名的符号，比如ORACLE就是双引号，MYSQL默认是`反引号； -->
        <property name="beginningDelimiter" value="`" />
        <property name="endingDelimiter" value="`" />

        <!-- 格式化java代码 -->
        <property name="javaFormatter" value="org.mybatis.generator.api.dom.DefaultJavaFormatter"/>
        <!-- 格式化XML代码 -->
        <property name="xmlFormatter" value="org.mybatis.generator.api.dom.DefaultXmlFormatter"/>

        <plugin type="org.mybatis.generator.plugins.SerializablePlugin" />

        <plugin type="org.mybatis.generator.plugins.ToStringPlugin" />

        <plugin type="org.mybatis.generator.plugins.RowBoundsPlugin" />

        <plugin type="com.ekangji.mybatis.generator.plugin.ModelColumnPlugin"/>

        <plugin type="com.ekangji.mybatis.generator.plugin.ModelBuilderPlugin"/>

        <!-- 批量插入插件 -->
        <plugin type="com.ekangji.mybatis.generator.plugin.BatchInsertPlugin"/>

        <plugin type="com.ekangji.mybatis.generator.plugin.BatchDeletePlugin"/>

        <plugin type="com.ekangji.mybatis.generator.plugin.BatchUpdatePlugin"/>

        <plugin type="com.ekangji.mybatis.generator.plugin.SelectOneByExamplePlugin"/>

        <!-- 注释 -->
        <commentGenerator type="com.ekangji.mybatis.generator.CommentGenerator">
            <property name="author" value="wjx"/>
            <property name="allArgsConstructor" value="true"/>
            <property name="noArgsConstructor" value="true"/>
            <property name="builder.toBuilder" value="true"/>
            <property name="builder" value="true"/>
        </commentGenerator>

        <!-- jdbc连接 -->
        <jdbcConnection
                driverClass="com.mysql.jdbc.Driver"
                connectionURL="jdbc:mysql://rm-2zep6ew45734v78h86o.mysql.rds.aliyuncs.com:3306/policy_center?useUnicode=true&amp;characterEncoding=utf8&amp;zeroDateTimeBehavior=convertToNull&amp;useSSL=false&amp;serverTimezone=GMT%2B8"
                userId="root"
                password="Yikangji123@"
        />
        <!-- 类型转换 -->
        <javaTypeResolver>
            <!-- 是否使用bigDecimal， false可自动转化以下类型（Long, Integer, Short, etc.） -->
            <property name="forceBigDecimals" value="false"/>
        </javaTypeResolver>

        <!-- 生成实体类地址 -->
        <javaModelGenerator targetPackage="com.ekangji.policy.infrastructure.dao.dataobject" targetProject="../policy-infrastructure/src/main/java" >
            <property name="enableSubPackages" value="false"/>
            <property name="trimStrings" value="true"/>
        </javaModelGenerator>
        <!-- 生成mapxml文件 -->
        <sqlMapGenerator targetPackage="mapper" targetProject="../policy-infrastructure/src/main/resources/mybatis" >
            <property name="enableSubPackages" value="false" />
        </sqlMapGenerator>
        <!-- 生成mapxml对应client，也就是接口dao -->
        <javaClientGenerator targetPackage="com.ekangji.policy.infrastructure.dao" targetProject="../policy-infrastructure/src/main/java" type="XMLMAPPER" >
            <property name="enableSubPackages" value="false" />
        </javaClientGenerator>
        <!-- table可以有多个,每个数据库中的表都可以写一个table，tableName表示要匹配的数据库表,也可以在tableName属性中通过使用%通配符来匹配所有数据库表,只有匹配的表才会自动生成文件 -->

        <table tableName="rel_star_chain" domainObjectName="RelStarChainDO" mapperName="RelStarChainMapper"
               enableCountByExample="true"
               enableUpdateByExample="true"
               enableDeleteByExample="true"
               enableSelectByExample="true"
               enableDeleteByPrimaryKey="true"
               enableUpdateByPrimaryKey="true"
               selectByExampleQueryId="true">
            <property name="useActualColumnNames" value="false" />
            <generatedKey column="id" sqlStatement="Mysql" identity="true" />
            <columnOverride column="status" javaType="java.lang.Integer" jdbcType="TINYINT"/>
            <columnOverride column="del_flag" javaType="java.lang.Integer" jdbcType="TINYINT"/>
        </table>

        <!--
                <table tableName="b_policy_attchment" domainObjectName="PolicyAttchmentDO" mapperName="PolicyAttchmentMapper"
                       enableCountByExample="true"
                       enableUpdateByExample="true"
                       enableDeleteByExample="true"
                       enableSelectByExample="true"
                       enableDeleteByPrimaryKey="true"
                       enableUpdateByPrimaryKey="true"
                       selectByExampleQueryId="true">
                    <property name="useActualColumnNames" value="false" />
                    <generatedKey column="id" sqlStatement="Mysql" identity="true" />
                    <columnOverride column="status" javaType="java.lang.Integer" jdbcType="TINYINT"/>
                    <columnOverride column="del_flag" javaType="java.lang.Integer" jdbcType="TINYINT"/>
                </table>

                <table tableName="b_policy_insurant" domainObjectName="PolicyInsurantDO" mapperName="PolicyInsurantMapper"
                       enableCountByExample="true"
                       enableUpdateByExample="true"
                       enableDeleteByExample="true"
                       enableSelectByExample="true"
                       enableDeleteByPrimaryKey="true"
                       enableUpdateByPrimaryKey="true"
                       selectByExampleQueryId="true">
                    <property name="useActualColumnNames" value="false" />
                    <generatedKey column="id" sqlStatement="Mysql" identity="true" />
                    <columnOverride column="insurance_type" javaType="java.lang.Integer" jdbcType="TINYINT"/>
                    <columnOverride column="status" javaType="java.lang.Integer" jdbcType="TINYINT"/>
                    <columnOverride column="del_flag" javaType="java.lang.Integer" jdbcType="TINYINT"/>
                </table>

                <table tableName="b_policy_additional" domainObjectName="PolicyAdditionalDO" mapperName="PolicyAdditionalMapper"
                       enableCountByExample="true"
                       enableUpdateByExample="true"
                       enableDeleteByExample="true"
                       enableSelectByExample="true"
                       enableDeleteByPrimaryKey="true"
                       enableUpdateByPrimaryKey="true"
                       selectByExampleQueryId="true">
                    <property name="useActualColumnNames" value="false" />
                    <generatedKey column="id" sqlStatement="Mysql" identity="true" />

                    <columnOverride column="guarantee_period" javaType="java.lang.Integer" jdbcType="SMALLINT"/>
                    <columnOverride column="guarantee_period_unit" javaType="java.lang.Integer" jdbcType="TINYINT"/>
                    <columnOverride column="pay_period_unit" javaType="java.lang.Integer" jdbcType="TINYINT"/>
                    <columnOverride column="status" javaType="java.lang.Integer" jdbcType="TINYINT"/>
                    <columnOverride column="del_flag" javaType="java.lang.Integer" jdbcType="TINYINT"/>
                </table>


                <table tableName="b_policy" domainObjectName="PolicyDO" mapperName="PolicyMapper"
                       enableCountByExample="true"
                       enableUpdateByExample="true"
                       enableDeleteByExample="true"
                       enableSelectByExample="true"
                       enableDeleteByPrimaryKey="true"
                       enableUpdateByPrimaryKey="true"
                       selectByExampleQueryId="true">
                    <property name="useActualColumnNames" value="false" />
                    <generatedKey column="id" sqlStatement="Mysql" identity="true" />

                    <columnOverride column="platform" javaType="java.lang.Integer" jdbcType="TINYINT"/>
                    <columnOverride column="source_type" javaType="java.lang.Integer" jdbcType="TINYINT"/>
                    <columnOverride column="beneficiary_type" javaType="java.lang.Integer" jdbcType="TINYINT"/>
                    <columnOverride column="guarantee_period" javaType="java.lang.Integer" jdbcType="SMALLINT"/>
                    <columnOverride column="guarantee_period_unit" javaType="java.lang.Integer" jdbcType="TINYINT"/>
                    <columnOverride column="pay_cycle" javaType="java.lang.Integer" jdbcType="TINYINT"/>
                    <columnOverride column="pay_period_unit" javaType="java.lang.Integer" jdbcType="TINYINT"/>

                    <columnOverride column="status" javaType="java.lang.Integer" jdbcType="TINYINT"/>
                    <columnOverride column="del_flag" javaType="java.lang.Integer" jdbcType="TINYINT"/>
                </table>

                <table tableName="b_policy_backup_record" domainObjectName="PolicyBackupRecordDO" mapperName="PolicyBackupRecordMapper"
                       enableCountByExample="true"
                       enableUpdateByExample="true"
                       enableDeleteByExample="true"
                       enableSelectByExample="true"
                       enableDeleteByPrimaryKey="true"
                       enableUpdateByPrimaryKey="true"
                       selectByExampleQueryId="true">
                    <property name="useActualColumnNames" value="false" />
                    <generatedKey column="id" sqlStatement="Mysql" identity="true" />
                    <columnOverride column="status" javaType="java.lang.Integer" jdbcType="TINYINT"/>
                    <columnOverride column="del_flag" javaType="java.lang.Integer" jdbcType="TINYINT"/>
                </table>

                <table tableName="b_policy_insurant" domainObjectName="PolicyInsurantDO" mapperName="PolicyInsurantMapper"
                       enableCountByExample="true"
                       enableUpdateByExample="true"
                       enableDeleteByExample="true"
                       enableSelectByExample="true"
                       enableDeleteByPrimaryKey="true"
                       enableUpdateByPrimaryKey="true"
                       selectByExampleQueryId="true">
                    <property name="useActualColumnNames" value="false" />
                    <generatedKey column="id" sqlStatement="Mysql" identity="true" />
                    <columnOverride column="status" javaType="java.lang.Integer" jdbcType="TINYINT"/>
                    <columnOverride column="del_flag" javaType="java.lang.Integer" jdbcType="TINYINT"/>
                </table>

                <table tableName="b_policy_beneficiary" domainObjectName="PolicyBeneficiaryDO" mapperName="PolicyBeneficiaryMapper"
                       enableCountByExample="true"
                       enableUpdateByExample="true"
                       enableDeleteByExample="true"
                       enableSelectByExample="true"
                       enableDeleteByPrimaryKey="true"
                       enableUpdateByPrimaryKey="true"
                       selectByExampleQueryId="true">
                    <property name="useActualColumnNames" value="false" />
                    <generatedKey column="id" sqlStatement="Mysql" identity="true" />
                    <columnOverride column="status" javaType="java.lang.Integer" jdbcType="TINYINT"/>
                    <columnOverride column="del_flag" javaType="java.lang.Integer" jdbcType="TINYINT"/>
                </table>
        -->
<!--        <table tableName="b_user_family_info" domainObjectName="UserFamilyInfoDO" mapperName="UserFamilyInfoMapper"-->
<!--               enableCountByExample="true"-->
<!--               enableUpdateByExample="true"-->
<!--               enableDeleteByExample="true"-->
<!--               enableSelectByExample="true"-->
<!--               enableDeleteByPrimaryKey="true"-->
<!--               enableUpdateByPrimaryKey="true"-->
<!--               selectByExampleQueryId="true">-->
<!--            <property name="useActualColumnNames" value="false" />-->
<!--            <generatedKey column="id" sqlStatement="Mysql" identity="true" />-->
<!--            <columnOverride column="relation" javaType="java.lang.Integer" jdbcType="TINYINT"/>-->
<!--            <columnOverride column="channel_type" javaType="java.lang.Integer" jdbcType="TINYINT"/>-->
<!--            <columnOverride column="back_flag" javaType="java.lang.Integer" jdbcType="TINYINT"/>-->
<!--            <columnOverride column="social_security_flag" javaType="java.lang.Integer" jdbcType="TINYINT"/>-->
<!--            <columnOverride column="identity_card_type" javaType="java.lang.Integer" jdbcType="TINYINT"/>-->
<!--            <columnOverride column="sex" javaType="java.lang.Integer" jdbcType="TINYINT"/>-->
<!--            <columnOverride column="status" javaType="java.lang.Integer" jdbcType="TINYINT"/>-->
<!--            <columnOverride column="del_flag" javaType="java.lang.Integer" jdbcType="TINYINT"/>-->
<!--        </table>-->


    </context>
</generatorConfiguration>