<?xml version="1.0" encoding="UTF-8"?>
<!DOCTYPE mapper PUBLIC "-//mybatis.org//DTD Mapper 3.0//EN" "http://mybatis.org/dtd/mybatis-3-mapper.dtd">
<mapper namespace="com.ekangji.policy.infrastructure.dao.productcenter.InsuranceProductBusinessMapper">

  <resultMap id="productCompanyResultMap" type="com.ekangji.policy.infrastructure.dao.dataobject.InsuranceProductDO">
    <id column="id" jdbcType="BIGINT" property="id" />
    <result column="company_name" jdbcType="VARCHAR" property="companyName" />
    <result column="product_id" jdbcType="VARCHAR" property="productId" />
    <result column="company_id" jdbcType="VARCHAR" property="companyId" />
    <result column="product_name" jdbcType="VARCHAR" property="productName" />
    <result column="one_level_type" jdbcType="VARCHAR" property="oneLevelType" />
    <result column="two_level_type" jdbcType="VARCHAR" property="twoLevelType" />
    <result column="three_level_type" jdbcType="VARCHAR" property="threeLevelType" />
    <result column="four_level_type" jdbcType="VARCHAR" property="fourLevelType" />
    <result column="design_type" jdbcType="VARCHAR" property="designType" />
    <result column="product_special" jdbcType="VARCHAR" property="productSpecial" />
    <result column="time_type" jdbcType="VARCHAR" property="timeType" />
    <result column="clause_code" jdbcType="VARCHAR" property="clauseCode" />
    <result column="clause_file_name" jdbcType="VARCHAR" property="clauseFileName" />
    <result column="clause_file_id" jdbcType="VARCHAR" property="clauseFileId" />
    <result column="insurance_style" jdbcType="VARCHAR" property="insuranceStyle" />
    <result column="pay_way" jdbcType="VARCHAR" property="payWay" />
    <result column="stop_date" jdbcType="DATE" property="stopDate" />
    <result column="sale_status" jdbcType="VARCHAR" property="saleStatus" />
    <result column="is_ dismantle" jdbcType="INTEGER" property="isDismantle" />
    <result column="del_flag" jdbcType="INTEGER" property="delFlag" />
    <result column="create_by" jdbcType="VARCHAR" property="createBy" />
    <result column="create_time" jdbcType="TIMESTAMP" property="createTime" />
    <result column="update_by" jdbcType="VARCHAR" property="updateBy" />
    <result column="update_time" jdbcType="TIMESTAMP" property="updateTime" />
    <result column="status" jdbcType="INTEGER" property="status" />
  </resultMap>

<!--  <resultMap id="DismantleTemplateResultMap" type="com.ekangji.policy.infrastructure.dao.dataobject.DismantleProductRecordDO">-->
<!--    <id column="id" jdbcType="BIGINT" property="id" />-->
<!--    <result column="dpr_id" jdbcType="VARCHAR" property="dprId" />-->
<!--    <result column="template_id" jdbcType="VARCHAR" property="templateId" />-->
<!--    <result column="product_id" jdbcType="VARCHAR" property="productId" />-->
<!--    <result column="create_by" jdbcType="VARCHAR" property="createBy" />-->
<!--    <result column="create_time" jdbcType="TIMESTAMP" property="createTime" />-->
<!--    <result column="update_by" jdbcType="VARCHAR" property="updateBy" />-->
<!--    <result column="update_time" jdbcType="TIMESTAMP" property="updateTime" />-->
<!--    <result column="status" jdbcType="BIT" property="status" />-->
<!--    <result column="del_flag" jdbcType="BIT" property="delFlag" />-->
<!--  </resultMap>-->

<!--  <resultMap id="TemplateGroupAttrResultMap" type="com.ekangji.policy.infrastructure.dao.dataobject.TemplateGroupAttrDO">-->
<!--    <result column="attribute_group_id" jdbcType="VARCHAR" property="attributeGroupId" />-->
<!--    <result column="group_name" jdbcType="VARCHAR" property="groupName" />-->
<!--    <result column="attribute_id" jdbcType="VARCHAR" property="attributeId" />-->
<!--    <result column="attribute_name" jdbcType="VARCHAR" property="attributeName" />-->
<!--    <result column="attribute_type" jdbcType="VARCHAR" property="attributeType" />-->
<!--    <result column="form_type" jdbcType="BIT" property="formType" />-->
<!--    <result column="template_id" jdbcType="VARCHAR" property="templateId" />-->
<!--  </resultMap>-->


  <select id="selectProductByCompanyId" parameterType="com.ekangji.policy.infrastructure.dao.dataobject.InsuranceProductDO" resultMap="productCompanyResultMap">
    select product_id,product_name
    from insurance_product
    where company_id = #{companyId}
      AND status = #{status,jdbcType=INTEGER}
      AND del_flag = #{delFlag,jdbcType=INTEGER}
  </select>

  <select id="listByProduct" parameterType="com.ekangji.policy.infrastructure.dao.dataobject.InsuranceProductDO" resultMap="productCompanyResultMap">
    select product.*,company.company_name
    from insurance_product product
    left join insurance_company company
    on company.company_id=product.company_id
    where 1=1
    <if test="oneLevelType != null and oneLevelType !=''">
      and product.one_level_type = #{oneLevelType,jdbcType=VARCHAR}
    </if>
    <if test="companyName != null and companyName !=''">
      and company.company_name like '%${companyName}%'
    </if>
    <if test="productName != null and productName !=''">
      and product.product_name like '%${productName}%'
    </if>
    <if test="clauseCode != null and clauseCode !=''">
      and product.clause_code like '%${clauseCode}%'
    </if>
    <if test="clauseFileName != null and clauseFileName !=''">
      and product.clause_file_name like '%${clauseFileName}%'
    </if>
    <if test="productSpecial != null and productSpecial !=''">
      and product.product_special like '%${productSpecial}%'
    </if>
    <if test="insuranceStyle != null and insuranceStyle !=''">
      and product.insurance_style = #{insuranceStyle,jdbcType=VARCHAR}
    </if>
    <if test="payWays != null and payWays.size() > 0">
      and pay_way in
      <foreach collection="payWays" item="payWay" index="index" open="(" close=")" separator=",">
            #{payWay,jdbcType=VARCHAR}
      </foreach>
    </if>
    <if test="timeType != null and timeType !=''">
      and product.time_type = #{timeType,jdbcType=VARCHAR}
    </if>
    <if test="designType != null and designType !=''">
      and product.design_type = #{designType,jdbcType=VARCHAR}
    </if>
    <if test="twoLevelType != null and twoLevelType !=''">
      and product.two_level_type = #{twoLevelType,jdbcType=VARCHAR}
    </if>
    <if test="threeLevelType != null and threeLevelType !=''">
      and product.three_level_type = #{threeLevelType,jdbcType=VARCHAR}
    </if>
    <if test="fourLevelType != null and fourLevelType !=''">
      and product.four_level_type = #{fourLevelType,jdbcType=VARCHAR}
    </if>
    <if test="saleStatus != null and saleStatus !=''">
      and product.sale_status = #{saleStatus,jdbcType=VARCHAR}
    </if>
    <if test="status != null">
      and product.status = #{status,jdbcType=INTEGER}
    </if>
    <if test="isDismantle != null">
      and product.`is_ dismantle` = #{isDismantle,jdbcType=INTEGER}
    </if>
    <if test="associated != null and associated == 1">
      and product.clause_file_id is not null and product.clause_file_id !=''
    </if>
    <if test="associated != null and associated == 0">
      and product.clause_file_id is null or product.clause_file_id=''
    </if>
    order by id desc
  </select>

<!--  <select id="listDismantleTemplate"-->
<!--  parameterType="com.ekangji.policy.infrastructure.dao.dataobject.InsuranceProductDO"-->
<!--  resultMap="DismantleTemplateResultMap">-->

<!--    select record.dpr_id,template.template_id,template.template_name,record.product_id,record.create_time,record.update_time,record.update_by,record.create_by-->
<!--    from product_category_template template left join (select *-->
<!--    from dismantle_product_record record-->
<!--    where record.product_id=#{productId,jdbcType=VARCHAR}) record-->
<!--    on template.template_id = record.template_id-->
<!--    where 1=1-->
<!--    <if test="oneLevelType != null and oneLevelType !=''">-->
<!--      and template.one_level_type = #{oneLevelType,jdbcType=VARCHAR}-->
<!--    </if>-->
<!--    <if test="twoLevelType != null and twoLevelType !=''">-->
<!--      and template.two_level_type = #{twoLevelType,jdbcType=VARCHAR}-->
<!--    </if>-->
<!--    <if test="threeLevelType != null and threeLevelType !=''">-->
<!--      and template.three_level_type = #{threeLevelType,jdbcType=VARCHAR}-->
<!--    </if>-->
<!--    <if test="fourLevelType != null and fourLevelType !=''">-->
<!--      and template.four_level_type = #{fourLevelType,jdbcType=VARCHAR}-->
<!--    </if>-->
<!--  </select>-->

<!--  <select id="listGroupWithAttrForTemplate"-->
<!--  parameterType="com.ekangji.policy.infrastructure.dao.dataobject.TemplateGroupAttrDO"-->
<!--    resultMap="TemplateGroupAttrResultMap">-->
<!--    select distinct RAttrGroup.*,relTem.template_id-->
<!--    from-->
<!--    (select attrGroup.attribute_group_id,attrGroup.group_name,attr.attribute_id,attr.attribute_name,attr.attribute_type,attr.form_type,attr.required-->
<!--    from attribute_group attrGroup,attribute attr,rel_attribute_group_attribute relGroup-->
<!--    where relGroup.attribute_group_id=attrGroup.attribute_group_id-->
<!--    and relGroup.attribute_id = attr.attribute_id) RAttrGroup,-->
<!--         rel_template_attribute_group relTem-->
<!--    where RAttrGroup.attribute_group_id = relTem.attribute_group_id and relTem.del_flag=1 and relTem.status=1-->
<!--    and relTem.template_id=#{templateId,jdbcType=VARCHAR}-->
<!--    </select>-->
</mapper>