<?xml version="1.0" encoding="UTF-8"?>
<!DOCTYPE mapper PUBLIC "-//mybatis.org//DTD Mapper 3.0//EN" "http://mybatis.org/dtd/mybatis-3-mapper.dtd">
<mapper namespace="com.ekangji.policy.infrastructure.dao.productcenter.InsuranceProductDictMapper">
  <resultMap id="BaseResultMap" type="com.ekangji.policy.infrastructure.dao.dataobject.InsuranceProductDictDO">
    <id column="id" jdbcType="BIGINT" property="id" />
    <result column="dict_type" jdbcType="VARCHAR" property="dictType" />
    <result column="dict_value" jdbcType="VARCHAR" property="dictValue" />
    <result column="dict_name" jdbcType="VARCHAR" property="dictName" />
    <result column="parent_id" jdbcType="BIGINT" property="parentId" />
    <result column="sort" jdbcType="INTEGER" property="sort" />
  </resultMap>
  <sql id="Example_Where_Clause">
    <where>
      <foreach collection="oredCriteria" item="criteria" separator="or">
        <if test="criteria.valid">
          <trim prefix="(" prefixOverrides="and" suffix=")">
            <foreach collection="criteria.criteria" item="criterion">
              <choose>
                <when test="criterion.noValue">
                  and ${criterion.condition}
                </when>
                <when test="criterion.singleValue">
                  and ${criterion.condition} #{criterion.value}
                </when>
                <when test="criterion.betweenValue">
                  and ${criterion.condition} #{criterion.value} and #{criterion.secondValue}
                </when>
                <when test="criterion.listValue">
                  and ${criterion.condition}
                  <foreach close=")" collection="criterion.value" item="listItem" open="(" separator=",">
                    #{listItem}
                  </foreach>
                </when>
              </choose>
            </foreach>
          </trim>
        </if>
      </foreach>
    </where>
  </sql>
  <sql id="Update_By_Example_Where_Clause">
    <where>
      <foreach collection="example.oredCriteria" item="criteria" separator="or">
        <if test="criteria.valid">
          <trim prefix="(" prefixOverrides="and" suffix=")">
            <foreach collection="criteria.criteria" item="criterion">
              <choose>
                <when test="criterion.noValue">
                  and ${criterion.condition}
                </when>
                <when test="criterion.singleValue">
                  and ${criterion.condition} #{criterion.value}
                </when>
                <when test="criterion.betweenValue">
                  and ${criterion.condition} #{criterion.value} and #{criterion.secondValue}
                </when>
                <when test="criterion.listValue">
                  and ${criterion.condition}
                  <foreach close=")" collection="criterion.value" item="listItem" open="(" separator=",">
                    #{listItem}
                  </foreach>
                </when>
              </choose>
            </foreach>
          </trim>
        </if>
      </foreach>
    </where>
  </sql>
  <sql id="Base_Column_List">
    id, dict_type, dict_value, dict_name, parent_id, sort
  </sql>
  <select id="selectByExample" parameterType="com.ekangji.policy.infrastructure.dao.dataobject.InsuranceProductDictDOExample" resultMap="BaseResultMap">
    select
    <if test="distinct">
      distinct
    </if>
    'true' as QUERYID,
    <include refid="Base_Column_List" />
    from insurance_product_dict
    <if test="_parameter != null">
      <include refid="Example_Where_Clause" />
    </if>
    <if test="orderByClause != null">
      order by ${orderByClause}
    </if>
  </select>
  <select id="selectByPrimaryKey" parameterType="java.lang.Long" resultMap="BaseResultMap">
    select 
    <include refid="Base_Column_List" />
    from insurance_product_dict
    where id = #{id,jdbcType=BIGINT}
  </select>
  <delete id="deleteByPrimaryKey" parameterType="java.lang.Long">
    delete from insurance_product_dict
    where id = #{id,jdbcType=BIGINT}
  </delete>
  <delete id="deleteByExample" parameterType="com.ekangji.policy.infrastructure.dao.dataobject.InsuranceProductDictDOExample">
    delete from insurance_product_dict
    <if test="_parameter != null">
      <include refid="Example_Where_Clause" />
    </if>
  </delete>
  <insert id="insert" parameterType="com.ekangji.policy.infrastructure.dao.dataobject.InsuranceProductDictDO">
    <selectKey keyProperty="id" order="AFTER" resultType="java.lang.Long">
      SELECT LAST_INSERT_ID()
    </selectKey>
    insert into insurance_product_dict (dict_type, dict_value, dict_name, 
      parent_id, sort)
    values (#{dictType,jdbcType=VARCHAR}, #{dictValue,jdbcType=VARCHAR}, #{dictName,jdbcType=VARCHAR}, 
      #{parentId,jdbcType=BIGINT}, #{sort,jdbcType=INTEGER})
  </insert>
  <insert id="insertSelective" parameterType="com.ekangji.policy.infrastructure.dao.dataobject.InsuranceProductDictDO">
    <selectKey keyProperty="id" order="AFTER" resultType="java.lang.Long">
      SELECT LAST_INSERT_ID()
    </selectKey>
    insert into insurance_product_dict
    <trim prefix="(" suffix=")" suffixOverrides=",">
      <if test="dictType != null">
        dict_type,
      </if>
      <if test="dictValue != null">
        dict_value,
      </if>
      <if test="dictName != null">
        dict_name,
      </if>
      <if test="parentId != null">
        parent_id,
      </if>
      <if test="sort != null">
        sort,
      </if>
    </trim>
    <trim prefix="values (" suffix=")" suffixOverrides=",">
      <if test="dictType != null">
        #{dictType,jdbcType=VARCHAR},
      </if>
      <if test="dictValue != null">
        #{dictValue,jdbcType=VARCHAR},
      </if>
      <if test="dictName != null">
        #{dictName,jdbcType=VARCHAR},
      </if>
      <if test="parentId != null">
        #{parentId,jdbcType=BIGINT},
      </if>
      <if test="sort != null">
        #{sort,jdbcType=INTEGER},
      </if>
    </trim>
  </insert>
  <select id="countByExample" parameterType="com.ekangji.policy.infrastructure.dao.dataobject.InsuranceProductDictDOExample" resultType="java.lang.Long">
    select count(*) from insurance_product_dict
    <if test="_parameter != null">
      <include refid="Example_Where_Clause" />
    </if>
  </select>
  <update id="updateByExampleSelective" parameterType="map">
    update insurance_product_dict
    <set>
      <if test="record.id != null">
        id = #{record.id,jdbcType=BIGINT},
      </if>
      <if test="record.dictType != null">
        dict_type = #{record.dictType,jdbcType=VARCHAR},
      </if>
      <if test="record.dictValue != null">
        dict_value = #{record.dictValue,jdbcType=VARCHAR},
      </if>
      <if test="record.dictName != null">
        dict_name = #{record.dictName,jdbcType=VARCHAR},
      </if>
      <if test="record.parentId != null">
        parent_id = #{record.parentId,jdbcType=BIGINT},
      </if>
      <if test="record.sort != null">
        sort = #{record.sort,jdbcType=INTEGER},
      </if>
    </set>
    <if test="_parameter != null">
      <include refid="Update_By_Example_Where_Clause" />
    </if>
  </update>
  <update id="updateByExample" parameterType="map">
    update insurance_product_dict
    set id = #{record.id,jdbcType=BIGINT},
      dict_type = #{record.dictType,jdbcType=VARCHAR},
      dict_value = #{record.dictValue,jdbcType=VARCHAR},
      dict_name = #{record.dictName,jdbcType=VARCHAR},
      parent_id = #{record.parentId,jdbcType=BIGINT},
      sort = #{record.sort,jdbcType=INTEGER}
    <if test="_parameter != null">
      <include refid="Update_By_Example_Where_Clause" />
    </if>
  </update>
  <update id="updateByPrimaryKeySelective" parameterType="com.ekangji.policy.infrastructure.dao.dataobject.InsuranceProductDictDO">
    update insurance_product_dict
    <set>
      <if test="dictType != null">
        dict_type = #{dictType,jdbcType=VARCHAR},
      </if>
      <if test="dictValue != null">
        dict_value = #{dictValue,jdbcType=VARCHAR},
      </if>
      <if test="dictName != null">
        dict_name = #{dictName,jdbcType=VARCHAR},
      </if>
      <if test="parentId != null">
        parent_id = #{parentId,jdbcType=BIGINT},
      </if>
      <if test="sort != null">
        sort = #{sort,jdbcType=INTEGER},
      </if>
    </set>
    where id = #{id,jdbcType=BIGINT}
  </update>
  <update id="updateByPrimaryKey" parameterType="com.ekangji.policy.infrastructure.dao.dataobject.InsuranceProductDictDO">
    update insurance_product_dict
    set dict_type = #{dictType,jdbcType=VARCHAR},
      dict_value = #{dictValue,jdbcType=VARCHAR},
      dict_name = #{dictName,jdbcType=VARCHAR},
      parent_id = #{parentId,jdbcType=BIGINT},
      sort = #{sort,jdbcType=INTEGER}
    where id = #{id,jdbcType=BIGINT}
  </update>
  <select id="selectByExampleWithRowbounds" parameterType="com.ekangji.policy.infrastructure.dao.dataobject.InsuranceProductDictDOExample" resultMap="BaseResultMap">
    select
    <if test="distinct">
      distinct
    </if>
    'true' as QUERYID,
    <include refid="Base_Column_List" />
    from insurance_product_dict
    <if test="_parameter != null">
      <include refid="Example_Where_Clause" />
    </if>
    <if test="orderByClause != null">
      order by ${orderByClause}
    </if>
  </select>
  <insert id="batchInsert" keyColumn="id" keyProperty="id" parameterType="map" useGeneratedKeys="true">
    insert into insurance_product_dict (dict_type, dict_value, dict_name, parent_id, sort)
    values
    <foreach collection="list" item="item" separator=",">
       (#{item.dictType,jdbcType=VARCHAR}, #{item.dictValue,jdbcType=VARCHAR}, #{item.dictName,jdbcType=VARCHAR}, #{item.parentId,jdbcType=BIGINT}, #{item.sort,jdbcType=INTEGER})
    </foreach>
  </insert>
  <delete id="batchDelete" parameterType="java.lang.Long">
    delete from insurance_product_dict where id in (
    <foreach collection="ids" index="index" item="item" separator=",">
      #{item}
    </foreach>
    )
  </delete>
  <update id="batchUpdate" parameterType="java.util.List">
    update insurance_product_dict 
    <trim prefix="set" suffixOverrides=",">
      <trim prefix="dict_type =case id" suffix="end,">
        <foreach collection="recordList" index="index" item="item">
          <if test="item.dictType !=null ">
            when #{item.id,jdbcType=BIGINT} then #{item.dictType,jdbcType=VARCHAR}
          </if>
          <if test="item.dictType ==null ">
            when #{item.id,jdbcType=BIGINT} then insurance_product_dict.dict_type
          </if>
        </foreach>
      </trim>
      <trim prefix="dict_value =case id" suffix="end,">
        <foreach collection="recordList" index="index" item="item">
          <if test="item.dictValue !=null ">
            when #{item.id,jdbcType=BIGINT} then #{item.dictValue,jdbcType=VARCHAR}
          </if>
          <if test="item.dictValue ==null ">
            when #{item.id,jdbcType=BIGINT} then insurance_product_dict.dict_value
          </if>
        </foreach>
      </trim>
      <trim prefix="dict_name =case id" suffix="end,">
        <foreach collection="recordList" index="index" item="item">
          <if test="item.dictName !=null ">
            when #{item.id,jdbcType=BIGINT} then #{item.dictName,jdbcType=VARCHAR}
          </if>
          <if test="item.dictName ==null ">
            when #{item.id,jdbcType=BIGINT} then insurance_product_dict.dict_name
          </if>
        </foreach>
      </trim>
      <trim prefix="parent_id =case id" suffix="end,">
        <foreach collection="recordList" index="index" item="item">
          <if test="item.parentId !=null ">
            when #{item.id,jdbcType=BIGINT} then #{item.parentId,jdbcType=BIGINT}
          </if>
          <if test="item.parentId ==null ">
            when #{item.id,jdbcType=BIGINT} then insurance_product_dict.parent_id
          </if>
        </foreach>
      </trim>
      <trim prefix="sort =case id" suffix="end,">
        <foreach collection="recordList" index="index" item="item">
          <if test="item.sort !=null ">
            when #{item.id,jdbcType=BIGINT} then #{item.sort,jdbcType=INTEGER}
          </if>
          <if test="item.sort ==null ">
            when #{item.id,jdbcType=BIGINT} then insurance_product_dict.sort
          </if>
        </foreach>
      </trim>
    </trim>
    where id in(
    <foreach collection="recordList" index="index" item="item" separator=",">
      #{item.id,jdbcType=BIGINT}
    </foreach>
    )
  </update>
  <select id="selectOneByExample" parameterType="com.ekangji.policy.infrastructure.dao.dataobject.InsuranceProductDictDOExample" resultMap="BaseResultMap">
    select
    'true' as QUERYID,
    <include refid="Base_Column_List" />
    from insurance_product_dict
    <if test="_parameter != null">
      <include refid="Example_Where_Clause" />
    </if>
    <if test="orderByClause != null">
      order by ${orderByClause}
    </if>
    limit 1
  </select>
</mapper>