<?xml version="1.0" encoding="UTF-8"?>
<!DOCTYPE mapper PUBLIC "-//mybatis.org//DTD Mapper 3.0//EN" "http://mybatis.org/dtd/mybatis-3-mapper.dtd">
<mapper namespace="com.ekangji.policy.infrastructure.dao.productcenter.InsuranceCompanyMapper">
  <resultMap id="BaseResultMap" type="com.ekangji.policy.infrastructure.dao.dataobject.InsuranceCompanyDO">
    <id column="id" jdbcType="BIGINT" property="id" />
    <result column="company_id" jdbcType="VARCHAR" property="companyId" />
    <result column="company_name" jdbcType="VARCHAR" property="companyName" />
    <result column="company_name_short" jdbcType="VARCHAR" property="companyNameShort" />
    <result column="company_name_en" jdbcType="VARCHAR" property="companyNameEn" />
    <result column="file_id" jdbcType="VARCHAR" property="fileId" />
    <result column="company_type" jdbcType="VARCHAR" property="companyType" />
    <result column="province_code" jdbcType="VARCHAR" property="provinceCode" />
    <result column="city_code" jdbcType="VARCHAR" property="cityCode" />
    <result column="phone" jdbcType="VARCHAR" property="phone" />
    <result column="del_flag" jdbcType="BIT" property="delFlag" />
    <result column="create_by" jdbcType="VARCHAR" property="createBy" />
    <result column="create_time" jdbcType="TIMESTAMP" property="createTime" />
    <result column="update_by" jdbcType="VARCHAR" property="updateBy" />
    <result column="update_time" jdbcType="TIMESTAMP" property="updateTime" />
    <result column="status" jdbcType="BIT" property="status" />
  </resultMap>
  <sql id="Example_Where_Clause">
    <where>
      <foreach collection="oredCriteria" item="criteria" separator="or">
        <if test="criteria.valid">
          <trim prefix="(" prefixOverrides="and" suffix=")">
            <foreach collection="criteria.criteria" item="criterion">
              <choose>
                <when test="criterion.noValue">
                  and ${criterion.condition}
                </when>
                <when test="criterion.singleValue">
                  and ${criterion.condition} #{criterion.value}
                </when>
                <when test="criterion.betweenValue">
                  and ${criterion.condition} #{criterion.value} and #{criterion.secondValue}
                </when>
                <when test="criterion.listValue">
                  and ${criterion.condition}
                  <foreach close=")" collection="criterion.value" item="listItem" open="(" separator=",">
                    #{listItem}
                  </foreach>
                </when>
              </choose>
            </foreach>
          </trim>
        </if>
      </foreach>
    </where>
  </sql>
  <sql id="Update_By_Example_Where_Clause">
    <where>
      <foreach collection="example.oredCriteria" item="criteria" separator="or">
        <if test="criteria.valid">
          <trim prefix="(" prefixOverrides="and" suffix=")">
            <foreach collection="criteria.criteria" item="criterion">
              <choose>
                <when test="criterion.noValue">
                  and ${criterion.condition}
                </when>
                <when test="criterion.singleValue">
                  and ${criterion.condition} #{criterion.value}
                </when>
                <when test="criterion.betweenValue">
                  and ${criterion.condition} #{criterion.value} and #{criterion.secondValue}
                </when>
                <when test="criterion.listValue">
                  and ${criterion.condition}
                  <foreach close=")" collection="criterion.value" item="listItem" open="(" separator=",">
                    #{listItem}
                  </foreach>
                </when>
              </choose>
            </foreach>
          </trim>
        </if>
      </foreach>
    </where>
  </sql>
  <sql id="Base_Column_List">
    id, company_id, company_name, company_name_short, company_name_en, file_id, company_type, 
    province_code, city_code, phone, del_flag, create_by, create_time, update_by, update_time, 
    `status`
  </sql>
  <select id="selectByExample" parameterType="com.ekangji.policy.infrastructure.dao.dataobject.InsuranceCompanyDOExample" resultMap="BaseResultMap">
    select
    <if test="distinct">
      distinct
    </if>
    'true' as QUERYID,
    <include refid="Base_Column_List" />
    from insurance_company
    <if test="_parameter != null">
      <include refid="Example_Where_Clause" />
    </if>
    <if test="orderByClause != null">
      order by ${orderByClause}
    </if>
  </select>
  <select id="selectByPrimaryKey" parameterType="java.lang.Long" resultMap="BaseResultMap">
    select 
    <include refid="Base_Column_List" />
    from insurance_company
    where id = #{id,jdbcType=BIGINT}
  </select>
  <delete id="deleteByPrimaryKey" parameterType="java.lang.Long">
    delete from insurance_company
    where id = #{id,jdbcType=BIGINT}
  </delete>
  <delete id="deleteByExample" parameterType="com.ekangji.policy.infrastructure.dao.dataobject.InsuranceCompanyDOExample">
    delete from insurance_company
    <if test="_parameter != null">
      <include refid="Example_Where_Clause" />
    </if>
  </delete>
  <insert id="insert" parameterType="com.ekangji.policy.infrastructure.dao.dataobject.InsuranceCompanyDO">
    <selectKey keyProperty="id" order="AFTER" resultType="java.lang.Long">
      SELECT LAST_INSERT_ID()
    </selectKey>
    insert into insurance_company (company_id, company_name, company_name_short, 
      company_name_en, file_id, company_type, 
      province_code, city_code, phone, 
      del_flag, create_by, create_time, 
      update_by, update_time, `status`
      )
    values (#{companyId,jdbcType=VARCHAR}, #{companyName,jdbcType=VARCHAR}, #{companyNameShort,jdbcType=VARCHAR}, 
      #{companyNameEn,jdbcType=VARCHAR}, #{fileId,jdbcType=VARCHAR}, #{companyType,jdbcType=VARCHAR}, 
      #{provinceCode,jdbcType=VARCHAR}, #{cityCode,jdbcType=VARCHAR}, #{phone,jdbcType=VARCHAR}, 
      #{delFlag,jdbcType=BIT}, #{createBy,jdbcType=VARCHAR}, #{createTime,jdbcType=TIMESTAMP}, 
      #{updateBy,jdbcType=VARCHAR}, #{updateTime,jdbcType=TIMESTAMP}, #{status,jdbcType=BIT}
      )
  </insert>
  <insert id="insertSelective" parameterType="com.ekangji.policy.infrastructure.dao.dataobject.InsuranceCompanyDO">
    <selectKey keyProperty="id" order="AFTER" resultType="java.lang.Long">
      SELECT LAST_INSERT_ID()
    </selectKey>
    insert into insurance_company
    <trim prefix="(" suffix=")" suffixOverrides=",">
      <if test="companyId != null">
        company_id,
      </if>
      <if test="companyName != null">
        company_name,
      </if>
      <if test="companyNameShort != null">
        company_name_short,
      </if>
      <if test="companyNameEn != null">
        company_name_en,
      </if>
      <if test="fileId != null">
        file_id,
      </if>
      <if test="companyType != null">
        company_type,
      </if>
      <if test="provinceCode != null">
        province_code,
      </if>
      <if test="cityCode != null">
        city_code,
      </if>
      <if test="phone != null">
        phone,
      </if>
      <if test="delFlag != null">
        del_flag,
      </if>
      <if test="createBy != null">
        create_by,
      </if>
      <if test="createTime != null">
        create_time,
      </if>
      <if test="updateBy != null">
        update_by,
      </if>
      <if test="updateTime != null">
        update_time,
      </if>
      <if test="status != null">
        `status`,
      </if>
    </trim>
    <trim prefix="values (" suffix=")" suffixOverrides=",">
      <if test="companyId != null">
        #{companyId,jdbcType=VARCHAR},
      </if>
      <if test="companyName != null">
        #{companyName,jdbcType=VARCHAR},
      </if>
      <if test="companyNameShort != null">
        #{companyNameShort,jdbcType=VARCHAR},
      </if>
      <if test="companyNameEn != null">
        #{companyNameEn,jdbcType=VARCHAR},
      </if>
      <if test="fileId != null">
        #{fileId,jdbcType=VARCHAR},
      </if>
      <if test="companyType != null">
        #{companyType,jdbcType=VARCHAR},
      </if>
      <if test="provinceCode != null">
        #{provinceCode,jdbcType=VARCHAR},
      </if>
      <if test="cityCode != null">
        #{cityCode,jdbcType=VARCHAR},
      </if>
      <if test="phone != null">
        #{phone,jdbcType=VARCHAR},
      </if>
      <if test="delFlag != null">
        #{delFlag,jdbcType=BIT},
      </if>
      <if test="createBy != null">
        #{createBy,jdbcType=VARCHAR},
      </if>
      <if test="createTime != null">
        #{createTime,jdbcType=TIMESTAMP},
      </if>
      <if test="updateBy != null">
        #{updateBy,jdbcType=VARCHAR},
      </if>
      <if test="updateTime != null">
        #{updateTime,jdbcType=TIMESTAMP},
      </if>
      <if test="status != null">
        #{status,jdbcType=BIT},
      </if>
    </trim>
  </insert>
  <select id="countByExample" parameterType="com.ekangji.policy.infrastructure.dao.dataobject.InsuranceCompanyDOExample" resultType="java.lang.Long">
    select count(*) from insurance_company
    <if test="_parameter != null">
      <include refid="Example_Where_Clause" />
    </if>
  </select>
  <update id="updateByExampleSelective" parameterType="map">
    update insurance_company
    <set>
      <if test="record.id != null">
        id = #{record.id,jdbcType=BIGINT},
      </if>
      <if test="record.companyId != null">
        company_id = #{record.companyId,jdbcType=VARCHAR},
      </if>
      <if test="record.companyName != null">
        company_name = #{record.companyName,jdbcType=VARCHAR},
      </if>
      <if test="record.companyNameShort != null">
        company_name_short = #{record.companyNameShort,jdbcType=VARCHAR},
      </if>
      <if test="record.companyNameEn != null">
        company_name_en = #{record.companyNameEn,jdbcType=VARCHAR},
      </if>
      <if test="record.fileId != null">
        file_id = #{record.fileId,jdbcType=VARCHAR},
      </if>
      <if test="record.companyType != null">
        company_type = #{record.companyType,jdbcType=VARCHAR},
      </if>
      <if test="record.provinceCode != null">
        province_code = #{record.provinceCode,jdbcType=VARCHAR},
      </if>
      <if test="record.cityCode != null">
        city_code = #{record.cityCode,jdbcType=VARCHAR},
      </if>
      <if test="record.phone != null">
        phone = #{record.phone,jdbcType=VARCHAR},
      </if>
      <if test="record.delFlag != null">
        del_flag = #{record.delFlag,jdbcType=BIT},
      </if>
      <if test="record.createBy != null">
        create_by = #{record.createBy,jdbcType=VARCHAR},
      </if>
      <if test="record.createTime != null">
        create_time = #{record.createTime,jdbcType=TIMESTAMP},
      </if>
      <if test="record.updateBy != null">
        update_by = #{record.updateBy,jdbcType=VARCHAR},
      </if>
      <if test="record.updateTime != null">
        update_time = #{record.updateTime,jdbcType=TIMESTAMP},
      </if>
      <if test="record.status != null">
        `status` = #{record.status,jdbcType=BIT},
      </if>
    </set>
    <if test="_parameter != null">
      <include refid="Update_By_Example_Where_Clause" />
    </if>
  </update>
  <update id="updateByExample" parameterType="map">
    update insurance_company
    set id = #{record.id,jdbcType=BIGINT},
      company_id = #{record.companyId,jdbcType=VARCHAR},
      company_name = #{record.companyName,jdbcType=VARCHAR},
      company_name_short = #{record.companyNameShort,jdbcType=VARCHAR},
      company_name_en = #{record.companyNameEn,jdbcType=VARCHAR},
      file_id = #{record.fileId,jdbcType=VARCHAR},
      company_type = #{record.companyType,jdbcType=VARCHAR},
      province_code = #{record.provinceCode,jdbcType=VARCHAR},
      city_code = #{record.cityCode,jdbcType=VARCHAR},
      phone = #{record.phone,jdbcType=VARCHAR},
      del_flag = #{record.delFlag,jdbcType=BIT},
      create_by = #{record.createBy,jdbcType=VARCHAR},
      create_time = #{record.createTime,jdbcType=TIMESTAMP},
      update_by = #{record.updateBy,jdbcType=VARCHAR},
      update_time = #{record.updateTime,jdbcType=TIMESTAMP},
      `status` = #{record.status,jdbcType=BIT}
    <if test="_parameter != null">
      <include refid="Update_By_Example_Where_Clause" />
    </if>
  </update>
  <update id="updateByPrimaryKeySelective" parameterType="com.ekangji.policy.infrastructure.dao.dataobject.InsuranceCompanyDO">
    update insurance_company
    <set>
      <if test="companyId != null">
        company_id = #{companyId,jdbcType=VARCHAR},
      </if>
      <if test="companyName != null">
        company_name = #{companyName,jdbcType=VARCHAR},
      </if>
      <if test="companyNameShort != null">
        company_name_short = #{companyNameShort,jdbcType=VARCHAR},
      </if>
      <if test="companyNameEn != null">
        company_name_en = #{companyNameEn,jdbcType=VARCHAR},
      </if>
      <if test="fileId != null">
        file_id = #{fileId,jdbcType=VARCHAR},
      </if>
      <if test="companyType != null">
        company_type = #{companyType,jdbcType=VARCHAR},
      </if>
      <if test="provinceCode != null">
        province_code = #{provinceCode,jdbcType=VARCHAR},
      </if>
      <if test="cityCode != null">
        city_code = #{cityCode,jdbcType=VARCHAR},
      </if>
      <if test="phone != null">
        phone = #{phone,jdbcType=VARCHAR},
      </if>
      <if test="delFlag != null">
        del_flag = #{delFlag,jdbcType=BIT},
      </if>
      <if test="createBy != null">
        create_by = #{createBy,jdbcType=VARCHAR},
      </if>
      <if test="createTime != null">
        create_time = #{createTime,jdbcType=TIMESTAMP},
      </if>
      <if test="updateBy != null">
        update_by = #{updateBy,jdbcType=VARCHAR},
      </if>
      <if test="updateTime != null">
        update_time = #{updateTime,jdbcType=TIMESTAMP},
      </if>
      <if test="status != null">
        `status` = #{status,jdbcType=BIT},
      </if>
    </set>
    where id = #{id,jdbcType=BIGINT}
  </update>
  <update id="updateByPrimaryKey" parameterType="com.ekangji.policy.infrastructure.dao.dataobject.InsuranceCompanyDO">
    update insurance_company
    set company_id = #{companyId,jdbcType=VARCHAR},
      company_name = #{companyName,jdbcType=VARCHAR},
      company_name_short = #{companyNameShort,jdbcType=VARCHAR},
      company_name_en = #{companyNameEn,jdbcType=VARCHAR},
      file_id = #{fileId,jdbcType=VARCHAR},
      company_type = #{companyType,jdbcType=VARCHAR},
      province_code = #{provinceCode,jdbcType=VARCHAR},
      city_code = #{cityCode,jdbcType=VARCHAR},
      phone = #{phone,jdbcType=VARCHAR},
      del_flag = #{delFlag,jdbcType=BIT},
      create_by = #{createBy,jdbcType=VARCHAR},
      create_time = #{createTime,jdbcType=TIMESTAMP},
      update_by = #{updateBy,jdbcType=VARCHAR},
      update_time = #{updateTime,jdbcType=TIMESTAMP},
      `status` = #{status,jdbcType=BIT}
    where id = #{id,jdbcType=BIGINT}
  </update>
  <select id="selectByExampleWithRowbounds" parameterType="com.ekangji.policy.infrastructure.dao.dataobject.InsuranceCompanyDOExample" resultMap="BaseResultMap">
    select
    <if test="distinct">
      distinct
    </if>
    'true' as QUERYID,
    <include refid="Base_Column_List" />
    from insurance_company
    <if test="_parameter != null">
      <include refid="Example_Where_Clause" />
    </if>
    <if test="orderByClause != null">
      order by ${orderByClause}
    </if>
  </select>
  <insert id="batchInsert" keyColumn="id" keyProperty="id" parameterType="map" useGeneratedKeys="true">
    insert into insurance_company (company_id, company_name, company_name_short, company_name_en, file_id, company_type, province_code, city_code, phone, del_flag, create_by, create_time, update_by, update_time, `status`)
    values
    <foreach collection="list" item="item" separator=",">
       (#{item.companyId,jdbcType=VARCHAR}, #{item.companyName,jdbcType=VARCHAR}, #{item.companyNameShort,jdbcType=VARCHAR}, #{item.companyNameEn,jdbcType=VARCHAR}, #{item.fileId,jdbcType=VARCHAR}, #{item.companyType,jdbcType=VARCHAR}, #{item.provinceCode,jdbcType=VARCHAR}, #{item.cityCode,jdbcType=VARCHAR}, #{item.phone,jdbcType=VARCHAR}, #{item.delFlag,jdbcType=BIT}, #{item.createBy,jdbcType=VARCHAR}, #{item.createTime,jdbcType=TIMESTAMP}, #{item.updateBy,jdbcType=VARCHAR}, #{item.updateTime,jdbcType=TIMESTAMP}, #{item.status,jdbcType=BIT})
    </foreach>
  </insert>
  <delete id="batchDelete" parameterType="java.lang.Long">
    delete from insurance_company where id in (
    <foreach collection="ids" index="index" item="item" separator=",">
      #{item}
    </foreach>
    )
  </delete>
  <update id="batchUpdate" parameterType="java.util.List">
    update insurance_company 
    <trim prefix="set" suffixOverrides=",">
      <trim prefix="company_id =case id" suffix="end,">
        <foreach collection="recordList" index="index" item="item">
          <if test="item.companyId !=null ">
            when #{item.id,jdbcType=BIGINT} then #{item.companyId,jdbcType=VARCHAR}
          </if>
          <if test="item.companyId ==null ">
            when #{item.id,jdbcType=BIGINT} then insurance_company.company_id
          </if>
        </foreach>
      </trim>
      <trim prefix="company_name =case id" suffix="end,">
        <foreach collection="recordList" index="index" item="item">
          <if test="item.companyName !=null ">
            when #{item.id,jdbcType=BIGINT} then #{item.companyName,jdbcType=VARCHAR}
          </if>
          <if test="item.companyName ==null ">
            when #{item.id,jdbcType=BIGINT} then insurance_company.company_name
          </if>
        </foreach>
      </trim>
      <trim prefix="company_name_short =case id" suffix="end,">
        <foreach collection="recordList" index="index" item="item">
          <if test="item.companyNameShort !=null ">
            when #{item.id,jdbcType=BIGINT} then #{item.companyNameShort,jdbcType=VARCHAR}
          </if>
          <if test="item.companyNameShort ==null ">
            when #{item.id,jdbcType=BIGINT} then insurance_company.company_name_short
          </if>
        </foreach>
      </trim>
      <trim prefix="company_name_en =case id" suffix="end,">
        <foreach collection="recordList" index="index" item="item">
          <if test="item.companyNameEn !=null ">
            when #{item.id,jdbcType=BIGINT} then #{item.companyNameEn,jdbcType=VARCHAR}
          </if>
          <if test="item.companyNameEn ==null ">
            when #{item.id,jdbcType=BIGINT} then insurance_company.company_name_en
          </if>
        </foreach>
      </trim>
      <trim prefix="file_id =case id" suffix="end,">
        <foreach collection="recordList" index="index" item="item">
          <if test="item.fileId !=null ">
            when #{item.id,jdbcType=BIGINT} then #{item.fileId,jdbcType=VARCHAR}
          </if>
          <if test="item.fileId ==null ">
            when #{item.id,jdbcType=BIGINT} then insurance_company.file_id
          </if>
        </foreach>
      </trim>
      <trim prefix="company_type =case id" suffix="end,">
        <foreach collection="recordList" index="index" item="item">
          <if test="item.companyType !=null ">
            when #{item.id,jdbcType=BIGINT} then #{item.companyType,jdbcType=VARCHAR}
          </if>
          <if test="item.companyType ==null ">
            when #{item.id,jdbcType=BIGINT} then insurance_company.company_type
          </if>
        </foreach>
      </trim>
      <trim prefix="province_code =case id" suffix="end,">
        <foreach collection="recordList" index="index" item="item">
          <if test="item.provinceCode !=null ">
            when #{item.id,jdbcType=BIGINT} then #{item.provinceCode,jdbcType=VARCHAR}
          </if>
          <if test="item.provinceCode ==null ">
            when #{item.id,jdbcType=BIGINT} then insurance_company.province_code
          </if>
        </foreach>
      </trim>
      <trim prefix="city_code =case id" suffix="end,">
        <foreach collection="recordList" index="index" item="item">
          <if test="item.cityCode !=null ">
            when #{item.id,jdbcType=BIGINT} then #{item.cityCode,jdbcType=VARCHAR}
          </if>
          <if test="item.cityCode ==null ">
            when #{item.id,jdbcType=BIGINT} then insurance_company.city_code
          </if>
        </foreach>
      </trim>
      <trim prefix="phone =case id" suffix="end,">
        <foreach collection="recordList" index="index" item="item">
          <if test="item.phone !=null ">
            when #{item.id,jdbcType=BIGINT} then #{item.phone,jdbcType=VARCHAR}
          </if>
          <if test="item.phone ==null ">
            when #{item.id,jdbcType=BIGINT} then insurance_company.phone
          </if>
        </foreach>
      </trim>
      <trim prefix="del_flag =case id" suffix="end,">
        <foreach collection="recordList" index="index" item="item">
          <if test="item.delFlag !=null ">
            when #{item.id,jdbcType=BIGINT} then #{item.delFlag,jdbcType=BIT}
          </if>
          <if test="item.delFlag ==null ">
            when #{item.id,jdbcType=BIGINT} then insurance_company.del_flag
          </if>
        </foreach>
      </trim>
      <trim prefix="create_by =case id" suffix="end,">
        <foreach collection="recordList" index="index" item="item">
          <if test="item.createBy !=null ">
            when #{item.id,jdbcType=BIGINT} then #{item.createBy,jdbcType=VARCHAR}
          </if>
          <if test="item.createBy ==null ">
            when #{item.id,jdbcType=BIGINT} then insurance_company.create_by
          </if>
        </foreach>
      </trim>
      <trim prefix="create_time =case id" suffix="end,">
        <foreach collection="recordList" index="index" item="item">
          <if test="item.createTime !=null ">
            when #{item.id,jdbcType=BIGINT} then #{item.createTime,jdbcType=TIMESTAMP}
          </if>
          <if test="item.createTime ==null ">
            when #{item.id,jdbcType=BIGINT} then insurance_company.create_time
          </if>
        </foreach>
      </trim>
      <trim prefix="update_by =case id" suffix="end,">
        <foreach collection="recordList" index="index" item="item">
          <if test="item.updateBy !=null ">
            when #{item.id,jdbcType=BIGINT} then #{item.updateBy,jdbcType=VARCHAR}
          </if>
          <if test="item.updateBy ==null ">
            when #{item.id,jdbcType=BIGINT} then insurance_company.update_by
          </if>
        </foreach>
      </trim>
      <trim prefix="update_time =case id" suffix="end,">
        <foreach collection="recordList" index="index" item="item">
          <if test="item.updateTime !=null ">
            when #{item.id,jdbcType=BIGINT} then #{item.updateTime,jdbcType=TIMESTAMP}
          </if>
          <if test="item.updateTime ==null ">
            when #{item.id,jdbcType=BIGINT} then insurance_company.update_time
          </if>
        </foreach>
      </trim>
      <trim prefix="status =case id" suffix="end,">
        <foreach collection="recordList" index="index" item="item">
          <if test="item.status !=null ">
            when #{item.id,jdbcType=BIGINT} then #{item.status,jdbcType=BIT}
          </if>
          <if test="item.status ==null ">
            when #{item.id,jdbcType=BIGINT} then insurance_company.status
          </if>
        </foreach>
      </trim>
    </trim>
    where id in(
    <foreach collection="recordList" index="index" item="item" separator=",">
      #{item.id,jdbcType=BIGINT}
    </foreach>
    )
  </update>
  <select id="selectOneByExample" parameterType="com.ekangji.policy.infrastructure.dao.dataobject.InsuranceCompanyDOExample" resultMap="BaseResultMap">
    select
    'true' as QUERYID,
    <include refid="Base_Column_List" />
    from insurance_company
    <if test="_parameter != null">
      <include refid="Example_Where_Clause" />
    </if>
    <if test="orderByClause != null">
      order by ${orderByClause}
    </if>
    limit 1
  </select>
</mapper>