<?xml version="1.0" encoding="UTF-8"?>
<!DOCTYPE mapper PUBLIC "-//mybatis.org//DTD Mapper 3.0//EN" "http://mybatis.org/dtd/mybatis-3-mapper.dtd">
<mapper namespace="com.ekangji.policy.infrastructure.dao.productcenter.InsuranceProductMapper">
  <resultMap id="BaseResultMap" type="com.ekangji.policy.infrastructure.dao.dataobject.InsuranceProductDO">
    <id column="id" jdbcType="BIGINT" property="id" />
    <result column="product_id" jdbcType="VARCHAR" property="productId" />
    <result column="company_id" jdbcType="VARCHAR" property="companyId" />
    <result column="product_name" jdbcType="VARCHAR" property="productName" />
    <result column="one_level_type" jdbcType="VARCHAR" property="oneLevelType" />
    <result column="two_level_type" jdbcType="VARCHAR" property="twoLevelType" />
    <result column="three_level_type" jdbcType="VARCHAR" property="threeLevelType" />
    <result column="four_level_type" jdbcType="VARCHAR" property="fourLevelType" />
    <result column="design_type" jdbcType="VARCHAR" property="designType" />
    <result column="product_special" jdbcType="VARCHAR" property="productSpecial" />
    <result column="time_type" jdbcType="VARCHAR" property="timeType" />
    <result column="clause_code" jdbcType="VARCHAR" property="clauseCode" />
    <result column="clause_file_name" jdbcType="VARCHAR" property="clauseFileName" />
    <result column="clause_file_id" jdbcType="VARCHAR" property="clauseFileId" />
    <result column="insurance_style" jdbcType="VARCHAR" property="insuranceStyle" />
    <result column="pay_way" jdbcType="VARCHAR" property="payWay" />
    <result column="stop_date" jdbcType="DATE" property="stopDate" />
    <result column="sale_status" jdbcType="VARCHAR" property="saleStatus" />
    <result column="is_ dismantle" jdbcType="INTEGER" property="isDismantle" />
    <result column="del_flag" jdbcType="INTEGER" property="delFlag" />
    <result column="create_by" jdbcType="VARCHAR" property="createBy" />
    <result column="create_time" jdbcType="TIMESTAMP" property="createTime" />
    <result column="update_by" jdbcType="VARCHAR" property="updateBy" />
    <result column="update_time" jdbcType="TIMESTAMP" property="updateTime" />
    <result column="status" jdbcType="INTEGER" property="status" />
  </resultMap>
  <resultMap id="productCompanyResultMap" type="com.ekangji.policy.infrastructure.dao.dataobject.InsuranceProductCompanyDO" extends="BaseResultMap">
    <result column="company_name" jdbcType="VARCHAR" property="companyName" />
  </resultMap>
  <sql id="Example_Where_Clause">
    <where>
      <foreach collection="oredCriteria" item="criteria" separator="or">
        <if test="criteria.valid">
          <trim prefix="(" prefixOverrides="and" suffix=")">
            <foreach collection="criteria.criteria" item="criterion">
              <choose>
                <when test="criterion.noValue">
                  and ${criterion.condition}
                </when>
                <when test="criterion.singleValue">
                  and ${criterion.condition} #{criterion.value}
                </when>
                <when test="criterion.betweenValue">
                  and ${criterion.condition} #{criterion.value} and #{criterion.secondValue}
                </when>
                <when test="criterion.listValue">
                  and ${criterion.condition}
                  <foreach close=")" collection="criterion.value" item="listItem" open="(" separator=",">
                    #{listItem}
                  </foreach>
                </when>
              </choose>
            </foreach>
          </trim>
        </if>
      </foreach>
    </where>
  </sql>
  <sql id="Update_By_Example_Where_Clause">
    <where>
      <foreach collection="example.oredCriteria" item="criteria" separator="or">
        <if test="criteria.valid">
          <trim prefix="(" prefixOverrides="and" suffix=")">
            <foreach collection="criteria.criteria" item="criterion">
              <choose>
                <when test="criterion.noValue">
                  and ${criterion.condition}
                </when>
                <when test="criterion.singleValue">
                  and ${criterion.condition} #{criterion.value}
                </when>
                <when test="criterion.betweenValue">
                  and ${criterion.condition} #{criterion.value} and #{criterion.secondValue}
                </when>
                <when test="criterion.listValue">
                  and ${criterion.condition}
                  <foreach close=")" collection="criterion.value" item="listItem" open="(" separator=",">
                    #{listItem}
                  </foreach>
                </when>
              </choose>
            </foreach>
          </trim>
        </if>
      </foreach>
    </where>
  </sql>
  <sql id="Base_Column_List">
    id, product_id, company_id, product_name, one_level_type, two_level_type, three_level_type, 
    four_level_type, design_type, product_special, time_type, clause_code, clause_file_name, 
    clause_file_id, insurance_style, pay_way, stop_date, sale_status, `is_ dismantle`, 
    del_flag, create_by, create_time, update_by, update_time, `status`
  </sql>
  <select id="selectByExample" parameterType="com.ekangji.policy.infrastructure.dao.dataobject.InsuranceProductDOExample" resultMap="BaseResultMap">
    select
    <if test="distinct">
      distinct
    </if>
    'true' as QUERYID,
    <include refid="Base_Column_List" />
    from insurance_product
    <if test="_parameter != null">
      <include refid="Example_Where_Clause" />
    </if>
    <if test="orderByClause != null">
      order by ${orderByClause}
    </if>
  </select>
  <select id="selectByPrimaryKey" parameterType="java.lang.Long" resultMap="BaseResultMap">
    select 
    <include refid="Base_Column_List" />
    from insurance_product
    where id = #{id,jdbcType=BIGINT}
  </select>
  <delete id="deleteByPrimaryKey" parameterType="java.lang.Long">
    delete from insurance_product
    where id = #{id,jdbcType=BIGINT}
  </delete>
  <delete id="deleteByExample" parameterType="com.ekangji.policy.infrastructure.dao.dataobject.InsuranceProductDOExample">
    delete from insurance_product
    <if test="_parameter != null">
      <include refid="Example_Where_Clause" />
    </if>
  </delete>
  <insert id="insert" parameterType="com.ekangji.policy.infrastructure.dao.dataobject.InsuranceProductDO">
    <selectKey keyProperty="id" order="AFTER" resultType="java.lang.Long">
      SELECT LAST_INSERT_ID()
    </selectKey>
    insert into insurance_product (product_id, company_id, product_name, 
      one_level_type, two_level_type, three_level_type, 
      four_level_type, design_type, product_special, 
      time_type, clause_code, clause_file_name, 
      clause_file_id, insurance_style, pay_way, 
      stop_date, sale_status, `is_ dismantle`, 
      del_flag, create_by, create_time, 
      update_by, update_time, `status`
      )
    values (#{productId,jdbcType=VARCHAR}, #{companyId,jdbcType=VARCHAR}, #{productName,jdbcType=VARCHAR}, 
      #{oneLevelType,jdbcType=VARCHAR}, #{twoLevelType,jdbcType=VARCHAR}, #{threeLevelType,jdbcType=VARCHAR}, 
      #{fourLevelType,jdbcType=VARCHAR}, #{designType,jdbcType=VARCHAR}, #{productSpecial,jdbcType=VARCHAR}, 
      #{timeType,jdbcType=VARCHAR}, #{clauseCode,jdbcType=VARCHAR}, #{clauseFileName,jdbcType=VARCHAR}, 
      #{clauseFileId,jdbcType=VARCHAR}, #{insuranceStyle,jdbcType=VARCHAR}, #{payWay,jdbcType=VARCHAR}, 
      #{stopDate,jdbcType=DATE}, #{saleStatus,jdbcType=VARCHAR}, #{isDismantle,jdbcType=INTEGER}, 
      #{delFlag,jdbcType=INTEGER}, #{createBy,jdbcType=VARCHAR}, #{createTime,jdbcType=TIMESTAMP}, 
      #{updateBy,jdbcType=VARCHAR}, #{updateTime,jdbcType=TIMESTAMP}, #{status,jdbcType=INTEGER}
      )
  </insert>
  <insert id="insertSelective" parameterType="com.ekangji.policy.infrastructure.dao.dataobject.InsuranceProductDO">
    <selectKey keyProperty="id" order="AFTER" resultType="java.lang.Long">
      SELECT LAST_INSERT_ID()
    </selectKey>
    insert into insurance_product
    <trim prefix="(" suffix=")" suffixOverrides=",">
      <if test="productId != null">
        product_id,
      </if>
      <if test="companyId != null">
        company_id,
      </if>
      <if test="productName != null">
        product_name,
      </if>
      <if test="oneLevelType != null">
        one_level_type,
      </if>
      <if test="twoLevelType != null">
        two_level_type,
      </if>
      <if test="threeLevelType != null">
        three_level_type,
      </if>
      <if test="fourLevelType != null">
        four_level_type,
      </if>
      <if test="designType != null">
        design_type,
      </if>
      <if test="productSpecial != null">
        product_special,
      </if>
      <if test="timeType != null">
        time_type,
      </if>
      <if test="clauseCode != null">
        clause_code,
      </if>
      <if test="clauseFileName != null">
        clause_file_name,
      </if>
      <if test="clauseFileId != null">
        clause_file_id,
      </if>
      <if test="insuranceStyle != null">
        insurance_style,
      </if>
      <if test="payWay != null">
        pay_way,
      </if>
      <if test="stopDate != null">
        stop_date,
      </if>
      <if test="saleStatus != null">
        sale_status,
      </if>
      <if test="isDismantle != null">
        `is_ dismantle`,
      </if>
      <if test="delFlag != null">
        del_flag,
      </if>
      <if test="createBy != null">
        create_by,
      </if>
      <if test="createTime != null">
        create_time,
      </if>
      <if test="updateBy != null">
        update_by,
      </if>
      <if test="updateTime != null">
        update_time,
      </if>
      <if test="status != null">
        `status`,
      </if>
    </trim>
    <trim prefix="values (" suffix=")" suffixOverrides=",">
      <if test="productId != null">
        #{productId,jdbcType=VARCHAR},
      </if>
      <if test="companyId != null">
        #{companyId,jdbcType=VARCHAR},
      </if>
      <if test="productName != null">
        #{productName,jdbcType=VARCHAR},
      </if>
      <if test="oneLevelType != null">
        #{oneLevelType,jdbcType=VARCHAR},
      </if>
      <if test="twoLevelType != null">
        #{twoLevelType,jdbcType=VARCHAR},
      </if>
      <if test="threeLevelType != null">
        #{threeLevelType,jdbcType=VARCHAR},
      </if>
      <if test="fourLevelType != null">
        #{fourLevelType,jdbcType=VARCHAR},
      </if>
      <if test="designType != null">
        #{designType,jdbcType=VARCHAR},
      </if>
      <if test="productSpecial != null">
        #{productSpecial,jdbcType=VARCHAR},
      </if>
      <if test="timeType != null">
        #{timeType,jdbcType=VARCHAR},
      </if>
      <if test="clauseCode != null">
        #{clauseCode,jdbcType=VARCHAR},
      </if>
      <if test="clauseFileName != null">
        #{clauseFileName,jdbcType=VARCHAR},
      </if>
      <if test="clauseFileId != null">
        #{clauseFileId,jdbcType=VARCHAR},
      </if>
      <if test="insuranceStyle != null">
        #{insuranceStyle,jdbcType=VARCHAR},
      </if>
      <if test="payWay != null">
        #{payWay,jdbcType=VARCHAR},
      </if>
      <if test="stopDate != null">
        #{stopDate,jdbcType=DATE},
      </if>
      <if test="saleStatus != null">
        #{saleStatus,jdbcType=VARCHAR},
      </if>
      <if test="isDismantle != null">
        #{isDismantle,jdbcType=INTEGER},
      </if>
      <if test="delFlag != null">
        #{delFlag,jdbcType=INTEGER},
      </if>
      <if test="createBy != null">
        #{createBy,jdbcType=VARCHAR},
      </if>
      <if test="createTime != null">
        #{createTime,jdbcType=TIMESTAMP},
      </if>
      <if test="updateBy != null">
        #{updateBy,jdbcType=VARCHAR},
      </if>
      <if test="updateTime != null">
        #{updateTime,jdbcType=TIMESTAMP},
      </if>
      <if test="status != null">
        #{status,jdbcType=INTEGER},
      </if>
    </trim>
  </insert>
  <select id="countByExample" parameterType="com.ekangji.policy.infrastructure.dao.dataobject.InsuranceProductDOExample" resultType="java.lang.Long">
    select count(*) from insurance_product
    <if test="_parameter != null">
      <include refid="Example_Where_Clause" />
    </if>
  </select>
  <update id="updateByExampleSelective" parameterType="map">
    update insurance_product
    <set>
      <if test="record.id != null">
        id = #{record.id,jdbcType=BIGINT},
      </if>
      <if test="record.productId != null">
        product_id = #{record.productId,jdbcType=VARCHAR},
      </if>
      <if test="record.companyId != null">
        company_id = #{record.companyId,jdbcType=VARCHAR},
      </if>
      <if test="record.productName != null">
        product_name = #{record.productName,jdbcType=VARCHAR},
      </if>
      <if test="record.oneLevelType != null">
        one_level_type = #{record.oneLevelType,jdbcType=VARCHAR},
      </if>
      <if test="record.twoLevelType != null">
        two_level_type = #{record.twoLevelType,jdbcType=VARCHAR},
      </if>
      <if test="record.threeLevelType != null">
        three_level_type = #{record.threeLevelType,jdbcType=VARCHAR},
      </if>
      <if test="record.fourLevelType != null">
        four_level_type = #{record.fourLevelType,jdbcType=VARCHAR},
      </if>
      <if test="record.designType != null">
        design_type = #{record.designType,jdbcType=VARCHAR},
      </if>
      <if test="record.productSpecial != null">
        product_special = #{record.productSpecial,jdbcType=VARCHAR},
      </if>
      <if test="record.timeType != null">
        time_type = #{record.timeType,jdbcType=VARCHAR},
      </if>
      <if test="record.clauseCode != null">
        clause_code = #{record.clauseCode,jdbcType=VARCHAR},
      </if>
      <if test="record.clauseFileName != null">
        clause_file_name = #{record.clauseFileName,jdbcType=VARCHAR},
      </if>
      <if test="record.clauseFileId != null">
        clause_file_id = #{record.clauseFileId,jdbcType=VARCHAR},
      </if>
      <if test="record.insuranceStyle != null">
        insurance_style = #{record.insuranceStyle,jdbcType=VARCHAR},
      </if>
      <if test="record.payWay != null">
        pay_way = #{record.payWay,jdbcType=VARCHAR},
      </if>
      <if test="record.stopDate != null">
        stop_date = #{record.stopDate,jdbcType=DATE},
      </if>
      <if test="record.saleStatus != null">
        sale_status = #{record.saleStatus,jdbcType=VARCHAR},
      </if>
      <if test="record.isDismantle != null">
        `is_ dismantle` = #{record.isDismantle,jdbcType=INTEGER},
      </if>
      <if test="record.delFlag != null">
        del_flag = #{record.delFlag,jdbcType=INTEGER},
      </if>
      <if test="record.createBy != null">
        create_by = #{record.createBy,jdbcType=VARCHAR},
      </if>
      <if test="record.createTime != null">
        create_time = #{record.createTime,jdbcType=TIMESTAMP},
      </if>
      <if test="record.updateBy != null">
        update_by = #{record.updateBy,jdbcType=VARCHAR},
      </if>
      <if test="record.updateTime != null">
        update_time = #{record.updateTime,jdbcType=TIMESTAMP},
      </if>
      <if test="record.status != null">
        `status` = #{record.status,jdbcType=INTEGER},
      </if>
    </set>
    <if test="_parameter != null">
      <include refid="Update_By_Example_Where_Clause" />
    </if>
  </update>
  <update id="updateByExample" parameterType="map">
    update insurance_product
    set id = #{record.id,jdbcType=BIGINT},
      product_id = #{record.productId,jdbcType=VARCHAR},
      company_id = #{record.companyId,jdbcType=VARCHAR},
      product_name = #{record.productName,jdbcType=VARCHAR},
      one_level_type = #{record.oneLevelType,jdbcType=VARCHAR},
      two_level_type = #{record.twoLevelType,jdbcType=VARCHAR},
      three_level_type = #{record.threeLevelType,jdbcType=VARCHAR},
      four_level_type = #{record.fourLevelType,jdbcType=VARCHAR},
      design_type = #{record.designType,jdbcType=VARCHAR},
      product_special = #{record.productSpecial,jdbcType=VARCHAR},
      time_type = #{record.timeType,jdbcType=VARCHAR},
      clause_code = #{record.clauseCode,jdbcType=VARCHAR},
      clause_file_name = #{record.clauseFileName,jdbcType=VARCHAR},
      clause_file_id = #{record.clauseFileId,jdbcType=VARCHAR},
      insurance_style = #{record.insuranceStyle,jdbcType=VARCHAR},
      pay_way = #{record.payWay,jdbcType=VARCHAR},
      stop_date = #{record.stopDate,jdbcType=DATE},
      sale_status = #{record.saleStatus,jdbcType=VARCHAR},
      `is_ dismantle` = #{record.isDismantle,jdbcType=INTEGER},
      del_flag = #{record.delFlag,jdbcType=INTEGER},
      create_by = #{record.createBy,jdbcType=VARCHAR},
      create_time = #{record.createTime,jdbcType=TIMESTAMP},
      update_by = #{record.updateBy,jdbcType=VARCHAR},
      update_time = #{record.updateTime,jdbcType=TIMESTAMP},
      `status` = #{record.status,jdbcType=INTEGER}
    <if test="_parameter != null">
      <include refid="Update_By_Example_Where_Clause" />
    </if>
  </update>
  <update id="updateByPrimaryKeySelective" parameterType="com.ekangji.policy.infrastructure.dao.dataobject.InsuranceProductDO">
    update insurance_product
    <set>
      <if test="productId != null">
        product_id = #{productId,jdbcType=VARCHAR},
      </if>
      <if test="companyId != null">
        company_id = #{companyId,jdbcType=VARCHAR},
      </if>
      <if test="productName != null">
        product_name = #{productName,jdbcType=VARCHAR},
      </if>
      <if test="oneLevelType != null">
        one_level_type = #{oneLevelType,jdbcType=VARCHAR},
      </if>
      <if test="twoLevelType != null">
        two_level_type = #{twoLevelType,jdbcType=VARCHAR},
      </if>
      <if test="threeLevelType != null">
        three_level_type = #{threeLevelType,jdbcType=VARCHAR},
      </if>
      <if test="fourLevelType != null">
        four_level_type = #{fourLevelType,jdbcType=VARCHAR},
      </if>
      <if test="designType != null">
        design_type = #{designType,jdbcType=VARCHAR},
      </if>
      <if test="productSpecial != null">
        product_special = #{productSpecial,jdbcType=VARCHAR},
      </if>
      <if test="timeType != null">
        time_type = #{timeType,jdbcType=VARCHAR},
      </if>
      <if test="clauseCode != null">
        clause_code = #{clauseCode,jdbcType=VARCHAR},
      </if>
      <if test="clauseFileName != null">
        clause_file_name = #{clauseFileName,jdbcType=VARCHAR},
      </if>
      <if test="clauseFileId != null">
        clause_file_id = #{clauseFileId,jdbcType=VARCHAR},
      </if>
      <if test="insuranceStyle != null">
        insurance_style = #{insuranceStyle,jdbcType=VARCHAR},
      </if>
      <if test="payWay != null">
        pay_way = #{payWay,jdbcType=VARCHAR},
      </if>
      <if test="stopDate != null">
        stop_date = #{stopDate,jdbcType=DATE},
      </if>
      <if test="saleStatus != null">
        sale_status = #{saleStatus,jdbcType=VARCHAR},
      </if>
      <if test="isDismantle != null">
        `is_ dismantle` = #{isDismantle,jdbcType=INTEGER},
      </if>
      <if test="delFlag != null">
        del_flag = #{delFlag,jdbcType=INTEGER},
      </if>
      <if test="createBy != null">
        create_by = #{createBy,jdbcType=VARCHAR},
      </if>
      <if test="createTime != null">
        create_time = #{createTime,jdbcType=TIMESTAMP},
      </if>
      <if test="updateBy != null">
        update_by = #{updateBy,jdbcType=VARCHAR},
      </if>
      <if test="updateTime != null">
        update_time = #{updateTime,jdbcType=TIMESTAMP},
      </if>
      <if test="status != null">
        `status` = #{status,jdbcType=INTEGER},
      </if>
    </set>
    where id = #{id,jdbcType=BIGINT}
  </update>
  <update id="updateByPrimaryKey" parameterType="com.ekangji.policy.infrastructure.dao.dataobject.InsuranceProductDO">
    update insurance_product
    set product_id = #{productId,jdbcType=VARCHAR},
      company_id = #{companyId,jdbcType=VARCHAR},
      product_name = #{productName,jdbcType=VARCHAR},
      one_level_type = #{oneLevelType,jdbcType=VARCHAR},
      two_level_type = #{twoLevelType,jdbcType=VARCHAR},
      three_level_type = #{threeLevelType,jdbcType=VARCHAR},
      four_level_type = #{fourLevelType,jdbcType=VARCHAR},
      design_type = #{designType,jdbcType=VARCHAR},
      product_special = #{productSpecial,jdbcType=VARCHAR},
      time_type = #{timeType,jdbcType=VARCHAR},
      clause_code = #{clauseCode,jdbcType=VARCHAR},
      clause_file_name = #{clauseFileName,jdbcType=VARCHAR},
      clause_file_id = #{clauseFileId,jdbcType=VARCHAR},
      insurance_style = #{insuranceStyle,jdbcType=VARCHAR},
      pay_way = #{payWay,jdbcType=VARCHAR},
      stop_date = #{stopDate,jdbcType=DATE},
      sale_status = #{saleStatus,jdbcType=VARCHAR},
      `is_ dismantle` = #{isDismantle,jdbcType=INTEGER},
      del_flag = #{delFlag,jdbcType=INTEGER},
      create_by = #{createBy,jdbcType=VARCHAR},
      create_time = #{createTime,jdbcType=TIMESTAMP},
      update_by = #{updateBy,jdbcType=VARCHAR},
      update_time = #{updateTime,jdbcType=TIMESTAMP},
      `status` = #{status,jdbcType=INTEGER}
    where id = #{id,jdbcType=BIGINT}
  </update>
  <select id="selectByExampleWithRowbounds" parameterType="com.ekangji.policy.infrastructure.dao.dataobject.InsuranceProductDOExample" resultMap="BaseResultMap">
    select
    <if test="distinct">
      distinct
    </if>
    'true' as QUERYID,
    <include refid="Base_Column_List" />
    from insurance_product
    <if test="_parameter != null">
      <include refid="Example_Where_Clause" />
    </if>
    <if test="orderByClause != null">
      order by ${orderByClause}
    </if>
  </select>
  <insert id="batchInsert" keyColumn="id" keyProperty="id" parameterType="map" useGeneratedKeys="true">
    insert into insurance_product (product_id, company_id, product_name, one_level_type, two_level_type, three_level_type, four_level_type, design_type, product_special, time_type, clause_code, clause_file_name, clause_file_id, insurance_style, pay_way, stop_date, sale_status, `is_ dismantle`, del_flag, create_by, create_time, update_by, update_time, `status`)
    values
    <foreach collection="list" item="item" separator=",">
       (#{item.productId,jdbcType=VARCHAR}, #{item.companyId,jdbcType=VARCHAR}, #{item.productName,jdbcType=VARCHAR}, #{item.oneLevelType,jdbcType=VARCHAR}, #{item.twoLevelType,jdbcType=VARCHAR}, #{item.threeLevelType,jdbcType=VARCHAR}, #{item.fourLevelType,jdbcType=VARCHAR}, #{item.designType,jdbcType=VARCHAR}, #{item.productSpecial,jdbcType=VARCHAR}, #{item.timeType,jdbcType=VARCHAR}, #{item.clauseCode,jdbcType=VARCHAR}, #{item.clauseFileName,jdbcType=VARCHAR}, #{item.clauseFileId,jdbcType=VARCHAR}, #{item.insuranceStyle,jdbcType=VARCHAR}, #{item.payWay,jdbcType=VARCHAR}, #{item.stopDate,jdbcType=DATE}, #{item.saleStatus,jdbcType=VARCHAR}, #{item.isDismantle,jdbcType=INTEGER}, #{item.delFlag,jdbcType=INTEGER}, #{item.createBy,jdbcType=VARCHAR}, #{item.createTime,jdbcType=TIMESTAMP}, #{item.updateBy,jdbcType=VARCHAR}, #{item.updateTime,jdbcType=TIMESTAMP}, #{item.status,jdbcType=INTEGER})
    </foreach>
  </insert>
  <delete id="batchDelete" parameterType="java.lang.Long">
    delete from insurance_product where id in (
    <foreach collection="ids" index="index" item="item" separator=",">
      #{item}
    </foreach>
    )
  </delete>
  <update id="batchUpdate" parameterType="java.util.List">
    update insurance_product 
    <trim prefix="set" suffixOverrides=",">
      <trim prefix="product_id =case id" suffix="end,">
        <foreach collection="recordList" index="index" item="item">
          <if test="item.productId !=null ">
            when #{item.id,jdbcType=BIGINT} then #{item.productId,jdbcType=VARCHAR}
          </if>
          <if test="item.productId ==null ">
            when #{item.id,jdbcType=BIGINT} then insurance_product.product_id
          </if>
        </foreach>
      </trim>
      <trim prefix="company_id =case id" suffix="end,">
        <foreach collection="recordList" index="index" item="item">
          <if test="item.companyId !=null ">
            when #{item.id,jdbcType=BIGINT} then #{item.companyId,jdbcType=VARCHAR}
          </if>
          <if test="item.companyId ==null ">
            when #{item.id,jdbcType=BIGINT} then insurance_product.company_id
          </if>
        </foreach>
      </trim>
      <trim prefix="product_name =case id" suffix="end,">
        <foreach collection="recordList" index="index" item="item">
          <if test="item.productName !=null ">
            when #{item.id,jdbcType=BIGINT} then #{item.productName,jdbcType=VARCHAR}
          </if>
          <if test="item.productName ==null ">
            when #{item.id,jdbcType=BIGINT} then insurance_product.product_name
          </if>
        </foreach>
      </trim>
      <trim prefix="one_level_type =case id" suffix="end,">
        <foreach collection="recordList" index="index" item="item">
          <if test="item.oneLevelType !=null ">
            when #{item.id,jdbcType=BIGINT} then #{item.oneLevelType,jdbcType=VARCHAR}
          </if>
          <if test="item.oneLevelType ==null ">
            when #{item.id,jdbcType=BIGINT} then insurance_product.one_level_type
          </if>
        </foreach>
      </trim>
      <trim prefix="two_level_type =case id" suffix="end,">
        <foreach collection="recordList" index="index" item="item">
          <if test="item.twoLevelType !=null ">
            when #{item.id,jdbcType=BIGINT} then #{item.twoLevelType,jdbcType=VARCHAR}
          </if>
          <if test="item.twoLevelType ==null ">
            when #{item.id,jdbcType=BIGINT} then insurance_product.two_level_type
          </if>
        </foreach>
      </trim>
      <trim prefix="three_level_type =case id" suffix="end,">
        <foreach collection="recordList" index="index" item="item">
          <if test="item.threeLevelType !=null ">
            when #{item.id,jdbcType=BIGINT} then #{item.threeLevelType,jdbcType=VARCHAR}
          </if>
          <if test="item.threeLevelType ==null ">
            when #{item.id,jdbcType=BIGINT} then insurance_product.three_level_type
          </if>
        </foreach>
      </trim>
      <trim prefix="four_level_type =case id" suffix="end,">
        <foreach collection="recordList" index="index" item="item">
          <if test="item.fourLevelType !=null ">
            when #{item.id,jdbcType=BIGINT} then #{item.fourLevelType,jdbcType=VARCHAR}
          </if>
          <if test="item.fourLevelType ==null ">
            when #{item.id,jdbcType=BIGINT} then insurance_product.four_level_type
          </if>
        </foreach>
      </trim>
      <trim prefix="design_type =case id" suffix="end,">
        <foreach collection="recordList" index="index" item="item">
          <if test="item.designType !=null ">
            when #{item.id,jdbcType=BIGINT} then #{item.designType,jdbcType=VARCHAR}
          </if>
          <if test="item.designType ==null ">
            when #{item.id,jdbcType=BIGINT} then insurance_product.design_type
          </if>
        </foreach>
      </trim>
      <trim prefix="product_special =case id" suffix="end,">
        <foreach collection="recordList" index="index" item="item">
          <if test="item.productSpecial !=null ">
            when #{item.id,jdbcType=BIGINT} then #{item.productSpecial,jdbcType=VARCHAR}
          </if>
          <if test="item.productSpecial ==null ">
            when #{item.id,jdbcType=BIGINT} then insurance_product.product_special
          </if>
        </foreach>
      </trim>
      <trim prefix="time_type =case id" suffix="end,">
        <foreach collection="recordList" index="index" item="item">
          <if test="item.timeType !=null ">
            when #{item.id,jdbcType=BIGINT} then #{item.timeType,jdbcType=VARCHAR}
          </if>
          <if test="item.timeType ==null ">
            when #{item.id,jdbcType=BIGINT} then insurance_product.time_type
          </if>
        </foreach>
      </trim>
      <trim prefix="clause_code =case id" suffix="end,">
        <foreach collection="recordList" index="index" item="item">
          <if test="item.clauseCode !=null ">
            when #{item.id,jdbcType=BIGINT} then #{item.clauseCode,jdbcType=VARCHAR}
          </if>
          <if test="item.clauseCode ==null ">
            when #{item.id,jdbcType=BIGINT} then insurance_product.clause_code
          </if>
        </foreach>
      </trim>
      <trim prefix="clause_file_name =case id" suffix="end,">
        <foreach collection="recordList" index="index" item="item">
          <if test="item.clauseFileName !=null ">
            when #{item.id,jdbcType=BIGINT} then #{item.clauseFileName,jdbcType=VARCHAR}
          </if>
          <if test="item.clauseFileName ==null ">
            when #{item.id,jdbcType=BIGINT} then insurance_product.clause_file_name
          </if>
        </foreach>
      </trim>
      <trim prefix="clause_file_id =case id" suffix="end,">
        <foreach collection="recordList" index="index" item="item">
          <if test="item.clauseFileId !=null ">
            when #{item.id,jdbcType=BIGINT} then #{item.clauseFileId,jdbcType=VARCHAR}
          </if>
          <if test="item.clauseFileId ==null ">
            when #{item.id,jdbcType=BIGINT} then insurance_product.clause_file_id
          </if>
        </foreach>
      </trim>
      <trim prefix="insurance_style =case id" suffix="end,">
        <foreach collection="recordList" index="index" item="item">
          <if test="item.insuranceStyle !=null ">
            when #{item.id,jdbcType=BIGINT} then #{item.insuranceStyle,jdbcType=VARCHAR}
          </if>
          <if test="item.insuranceStyle ==null ">
            when #{item.id,jdbcType=BIGINT} then insurance_product.insurance_style
          </if>
        </foreach>
      </trim>
      <trim prefix="pay_way =case id" suffix="end,">
        <foreach collection="recordList" index="index" item="item">
          <if test="item.payWay !=null ">
            when #{item.id,jdbcType=BIGINT} then #{item.payWay,jdbcType=VARCHAR}
          </if>
          <if test="item.payWay ==null ">
            when #{item.id,jdbcType=BIGINT} then insurance_product.pay_way
          </if>
        </foreach>
      </trim>
      <trim prefix="stop_date =case id" suffix="end,">
        <foreach collection="recordList" index="index" item="item">
          <if test="item.stopDate !=null ">
            when #{item.id,jdbcType=BIGINT} then #{item.stopDate,jdbcType=DATE}
          </if>
          <if test="item.stopDate ==null ">
            when #{item.id,jdbcType=BIGINT} then insurance_product.stop_date
          </if>
        </foreach>
      </trim>
      <trim prefix="sale_status =case id" suffix="end,">
        <foreach collection="recordList" index="index" item="item">
          <if test="item.saleStatus !=null ">
            when #{item.id,jdbcType=BIGINT} then #{item.saleStatus,jdbcType=VARCHAR}
          </if>
          <if test="item.saleStatus ==null ">
            when #{item.id,jdbcType=BIGINT} then insurance_product.sale_status
          </if>
        </foreach>
      </trim>
      <trim prefix="is_ dismantle =case id" suffix="end,">
        <foreach collection="recordList" index="index" item="item">
          <if test="item.isDismantle !=null ">
            when #{item.id,jdbcType=BIGINT} then #{item.isDismantle,jdbcType=INTEGER}
          </if>
          <if test="item.isDismantle ==null ">
            when #{item.id,jdbcType=BIGINT} then insurance_product.is_ dismantle
          </if>
        </foreach>
      </trim>
      <trim prefix="del_flag =case id" suffix="end,">
        <foreach collection="recordList" index="index" item="item">
          <if test="item.delFlag !=null ">
            when #{item.id,jdbcType=BIGINT} then #{item.delFlag,jdbcType=INTEGER}
          </if>
          <if test="item.delFlag ==null ">
            when #{item.id,jdbcType=BIGINT} then insurance_product.del_flag
          </if>
        </foreach>
      </trim>
      <trim prefix="create_by =case id" suffix="end,">
        <foreach collection="recordList" index="index" item="item">
          <if test="item.createBy !=null ">
            when #{item.id,jdbcType=BIGINT} then #{item.createBy,jdbcType=VARCHAR}
          </if>
          <if test="item.createBy ==null ">
            when #{item.id,jdbcType=BIGINT} then insurance_product.create_by
          </if>
        </foreach>
      </trim>
      <trim prefix="create_time =case id" suffix="end,">
        <foreach collection="recordList" index="index" item="item">
          <if test="item.createTime !=null ">
            when #{item.id,jdbcType=BIGINT} then #{item.createTime,jdbcType=TIMESTAMP}
          </if>
          <if test="item.createTime ==null ">
            when #{item.id,jdbcType=BIGINT} then insurance_product.create_time
          </if>
        </foreach>
      </trim>
      <trim prefix="update_by =case id" suffix="end,">
        <foreach collection="recordList" index="index" item="item">
          <if test="item.updateBy !=null ">
            when #{item.id,jdbcType=BIGINT} then #{item.updateBy,jdbcType=VARCHAR}
          </if>
          <if test="item.updateBy ==null ">
            when #{item.id,jdbcType=BIGINT} then insurance_product.update_by
          </if>
        </foreach>
      </trim>
      <trim prefix="update_time =case id" suffix="end,">
        <foreach collection="recordList" index="index" item="item">
          <if test="item.updateTime !=null ">
            when #{item.id,jdbcType=BIGINT} then #{item.updateTime,jdbcType=TIMESTAMP}
          </if>
          <if test="item.updateTime ==null ">
            when #{item.id,jdbcType=BIGINT} then insurance_product.update_time
          </if>
        </foreach>
      </trim>
      <trim prefix="status =case id" suffix="end,">
        <foreach collection="recordList" index="index" item="item">
          <if test="item.status !=null ">
            when #{item.id,jdbcType=BIGINT} then #{item.status,jdbcType=INTEGER}
          </if>
          <if test="item.status ==null ">
            when #{item.id,jdbcType=BIGINT} then insurance_product.status
          </if>
        </foreach>
      </trim>
    </trim>
    where id in(
    <foreach collection="recordList" index="index" item="item" separator=",">
      #{item.id,jdbcType=BIGINT}
    </foreach>
    )
  </update>
  <select id="selectOneByExample" parameterType="com.ekangji.policy.infrastructure.dao.dataobject.InsuranceProductDOExample" resultMap="BaseResultMap">
    select
    'true' as QUERYID,
    <include refid="Base_Column_List" />
    from insurance_product
    <if test="_parameter != null">
      <include refid="Example_Where_Clause" />
    </if>
    <if test="orderByClause != null">
      order by ${orderByClause}
    </if>
    limit 1
  </select>
</mapper>